mesec,obcina,drzava,meritev,vrednost
2020M01,Maribor,0 Država - SKUPAJ,Prihodi turistov,11453
2020M01,Maribor,0 Država - SKUPAJ,Prenočitve turistov,30507
2020M01,Maribor,1 DOMAČI,Prihodi turistov,2014
2020M01,Maribor,1 DOMAČI,Prenočitve turistov,3884
2020M01,Maribor,2 TUJI,Prihodi turistov,9439
2020M01,Maribor,2 TUJI,Prenočitve turistov,26623
2020M01,Maribor,2.1 Avstrija,Prihodi turistov,601
2020M01,Maribor,2.1 Avstrija,Prenočitve turistov,945
2020M01,Maribor,2.2 Belgija,Prihodi turistov,42
2020M01,Maribor,2.2 Belgija,Prenočitve turistov,94
2020M01,Maribor,2.3 Bolgarija,Prihodi turistov,108
2020M01,Maribor,2.3 Bolgarija,Prenočitve turistov,240
2020M01,Maribor,2.4 Bosna in Hercegovina,Prihodi turistov,841
2020M01,Maribor,2.4 Bosna in Hercegovina,Prenočitve turistov,1682
2020M01,Maribor,2.5 Ciper,Prihodi turistov,
2020M01,Maribor,2.5 Ciper,Prenočitve turistov,
2020M01,Maribor,2.6 Češka republika,Prihodi turistov,177
2020M01,Maribor,2.6 Češka republika,Prenočitve turistov,762
2020M01,Maribor,2.7 Črna gora,Prihodi turistov,206
2020M01,Maribor,2.7 Črna gora,Prenočitve turistov,623
2020M01,Maribor,2.8 Danska,Prihodi turistov,11
2020M01,Maribor,2.8 Danska,Prenočitve turistov,30
2020M01,Maribor,2.9 Estonija,Prihodi turistov,14
2020M01,Maribor,2.9 Estonija,Prenočitve turistov,32
2020M01,Maribor,2.10 Finska,Prihodi turistov,7
2020M01,Maribor,2.10 Finska,Prenočitve turistov,15
2020M01,Maribor,2.11 Francija,Prihodi turistov,97
2020M01,Maribor,2.11 Francija,Prenočitve turistov,222
2020M01,Maribor,2.12 Grčija,Prihodi turistov,15
2020M01,Maribor,2.12 Grčija,Prenočitve turistov,53
2020M01,Maribor,2.13 Hrvaška,Prihodi turistov,1607
2020M01,Maribor,2.13 Hrvaška,Prenočitve turistov,4740
2020M01,Maribor,2.14 Irska,Prihodi turistov,18
2020M01,Maribor,2.14 Irska,Prenočitve turistov,75
2020M01,Maribor,2.15 Islandija,Prihodi turistov,
2020M01,Maribor,2.15 Islandija,Prenočitve turistov,
2020M01,Maribor,2.16 Italija,Prihodi turistov,534
2020M01,Maribor,2.16 Italija,Prenočitve turistov,1361
2020M01,Maribor,2.17 Latvija,Prihodi turistov,5
2020M01,Maribor,2.17 Latvija,Prenočitve turistov,14
2020M01,Maribor,2.18 Litva,Prihodi turistov,8
2020M01,Maribor,2.18 Litva,Prenočitve turistov,82
2020M01,Maribor,2.19 Luksemburg,Prihodi turistov,1
2020M01,Maribor,2.19 Luksemburg,Prenočitve turistov,4
2020M01,Maribor,2.20 Madžarska,Prihodi turistov,713
2020M01,Maribor,2.20 Madžarska,Prenočitve turistov,1886
2020M01,Maribor,2.21 Makedonija,Prihodi turistov,85
2020M01,Maribor,2.21 Makedonija,Prenočitve turistov,243
2020M01,Maribor,2.22 Malta,Prihodi turistov,8
2020M01,Maribor,2.22 Malta,Prenočitve turistov,8
2020M01,Maribor,2.23 Nemčija,Prihodi turistov,758
2020M01,Maribor,2.23 Nemčija,Prenočitve turistov,1704
2020M01,Maribor,2.24 Nizozemska,Prihodi turistov,80
2020M01,Maribor,2.24 Nizozemska,Prenočitve turistov,184
2020M01,Maribor,2.25 Norveška,Prihodi turistov,10
2020M01,Maribor,2.25 Norveška,Prenočitve turistov,14
2020M01,Maribor,2.26 Poljska,Prihodi turistov,160
2020M01,Maribor,2.26 Poljska,Prenočitve turistov,573
2020M01,Maribor,2.27 Portugalska,Prihodi turistov,16
2020M01,Maribor,2.27 Portugalska,Prenočitve turistov,557
2020M01,Maribor,2.28 Romunija,Prihodi turistov,779
2020M01,Maribor,2.28 Romunija,Prenočitve turistov,1164
2020M01,Maribor,2.29 Ruska federacija,Prihodi turistov,285
2020M01,Maribor,2.29 Ruska federacija,Prenočitve turistov,1732
2020M01,Maribor,2.30 Slovaška,Prihodi turistov,149
2020M01,Maribor,2.30 Slovaška,Prenočitve turistov,383
2020M01,Maribor,2.31 Srbija,Prihodi turistov,714
2020M01,Maribor,2.31 Srbija,Prenočitve turistov,1671
2020M01,Maribor,2.32 Španija,Prihodi turistov,65
2020M01,Maribor,2.32 Španija,Prenočitve turistov,951
2020M01,Maribor,2.33 Švedska,Prihodi turistov,21
2020M01,Maribor,2.33 Švedska,Prenočitve turistov,37
2020M01,Maribor,2.34 Švica,Prihodi turistov,72
2020M01,Maribor,2.34 Švica,Prenočitve turistov,158
2020M01,Maribor,2.35 Turčija,Prihodi turistov,38
2020M01,Maribor,2.35 Turčija,Prenočitve turistov,1059
2020M01,Maribor,2.36 Ukrajina,Prihodi turistov,333
2020M01,Maribor,2.36 Ukrajina,Prenočitve turistov,927
2020M01,Maribor,2.37 Združeno kraljestvo,Prihodi turistov,77
2020M01,Maribor,2.37 Združeno kraljestvo,Prenočitve turistov,169
2020M01,Maribor,2.38 Druge evropske države,Prihodi turistov,129
2020M01,Maribor,2.38 Druge evropske države,Prenočitve turistov,217
2020M01,Maribor,2.39 Južna Afrika,Prihodi turistov,10
2020M01,Maribor,2.39 Južna Afrika,Prenočitve turistov,27
2020M01,Maribor,2.40 Druge afriške države,Prihodi turistov,11
2020M01,Maribor,2.40 Druge afriške države,Prenočitve turistov,115
2020M01,Maribor,2.41 Avstralija,Prihodi turistov,43
2020M01,Maribor,2.41 Avstralija,Prenočitve turistov,129
2020M01,Maribor,2.42 Nova Zelandija,Prihodi turistov,1
2020M01,Maribor,2.42 Nova Zelandija,Prenočitve turistov,3
2020M01,Maribor,2.43 Druge države in ozemlja Oceanije,Prihodi turistov,
2020M01,Maribor,2.43 Druge države in ozemlja Oceanije,Prenočitve turistov,
2020M01,Maribor,2.44 Izrael,Prihodi turistov,37
2020M01,Maribor,2.44 Izrael,Prenočitve turistov,136
2020M01,Maribor,2.45 Japonska,Prihodi turistov,22
2020M01,Maribor,2.45 Japonska,Prenočitve turistov,50
2020M01,Maribor,2.46 Kitajska (Ljudska republika),Prihodi turistov,57
2020M01,Maribor,2.46 Kitajska (Ljudska republika),Prenočitve turistov,482
2020M01,Maribor,2.47 Koreja (Republika),Prihodi turistov,299
2020M01,Maribor,2.47 Koreja (Republika),Prenočitve turistov,302
2020M01,Maribor,2.48 Druge azijske države,Prihodi turistov,51
2020M01,Maribor,2.48 Druge azijske države,Prenočitve turistov,367
2020M01,Maribor,2.49 Brazilija,Prihodi turistov,19
2020M01,Maribor,2.49 Brazilija,Prenočitve turistov,127
2020M01,Maribor,2.50 Druge države Južne in Srednje Amerike,Prihodi turistov,20
2020M01,Maribor,2.50 Druge države Južne in Srednje Amerike,Prenočitve turistov,81
2020M01,Maribor,2.51 Kanada,Prihodi turistov,10
2020M01,Maribor,2.51 Kanada,Prenočitve turistov,20
2020M01,Maribor,2.52 Združene države (ZDA),Prihodi turistov,75
2020M01,Maribor,2.52 Združene države (ZDA),Prenočitve turistov,173
2020M01,Maribor,2.53 Druge države in ozemlja Severne Amerike,Prihodi turistov,
2020M01,Maribor,2.53 Druge države in ozemlja Severne Amerike,Prenočitve turistov,
2020M02,Maribor,0 Država - SKUPAJ,Prihodi turistov,10614
2020M02,Maribor,0 Država - SKUPAJ,Prenočitve turistov,29199
2020M02,Maribor,1 DOMAČI,Prihodi turistov,1964
2020M02,Maribor,1 DOMAČI,Prenočitve turistov,3590
2020M02,Maribor,2 TUJI,Prihodi turistov,8650
2020M02,Maribor,2 TUJI,Prenočitve turistov,25609
2020M02,Maribor,2.1 Avstrija,Prihodi turistov,656
2020M02,Maribor,2.1 Avstrija,Prenočitve turistov,1225
2020M02,Maribor,2.2 Belgija,Prihodi turistov,66
2020M02,Maribor,2.2 Belgija,Prenočitve turistov,170
2020M02,Maribor,2.3 Bolgarija,Prihodi turistov,79
2020M02,Maribor,2.3 Bolgarija,Prenočitve turistov,314
2020M02,Maribor,2.4 Bosna in Hercegovina,Prihodi turistov,512
2020M02,Maribor,2.4 Bosna in Hercegovina,Prenočitve turistov,1311
2020M02,Maribor,2.5 Ciper,Prihodi turistov,1
2020M02,Maribor,2.5 Ciper,Prenočitve turistov,3
2020M02,Maribor,2.6 Češka republika,Prihodi turistov,309
2020M02,Maribor,2.6 Češka republika,Prenočitve turistov,1190
2020M02,Maribor,2.7 Črna gora,Prihodi turistov,63
2020M02,Maribor,2.7 Črna gora,Prenočitve turistov,178
2020M02,Maribor,2.8 Danska,Prihodi turistov,23
2020M02,Maribor,2.8 Danska,Prenočitve turistov,62
2020M02,Maribor,2.9 Estonija,Prihodi turistov,3
2020M02,Maribor,2.9 Estonija,Prenočitve turistov,7
2020M02,Maribor,2.10 Finska,Prihodi turistov,31
2020M02,Maribor,2.10 Finska,Prenočitve turistov,85
2020M02,Maribor,2.11 Francija,Prihodi turistov,124
2020M02,Maribor,2.11 Francija,Prenočitve turistov,414
2020M02,Maribor,2.12 Grčija,Prihodi turistov,19
2020M02,Maribor,2.12 Grčija,Prenočitve turistov,66
2020M02,Maribor,2.13 Hrvaška,Prihodi turistov,1059
2020M02,Maribor,2.13 Hrvaška,Prenočitve turistov,3068
2020M02,Maribor,2.14 Irska,Prihodi turistov,18
2020M02,Maribor,2.14 Irska,Prenočitve turistov,54
2020M02,Maribor,2.15 Islandija,Prihodi turistov,
2020M02,Maribor,2.15 Islandija,Prenočitve turistov,
2020M02,Maribor,2.16 Italija,Prihodi turistov,353
2020M02,Maribor,2.16 Italija,Prenočitve turistov,839
2020M02,Maribor,2.17 Latvija,Prihodi turistov,22
2020M02,Maribor,2.17 Latvija,Prenočitve turistov,93
2020M02,Maribor,2.18 Litva,Prihodi turistov,9
2020M02,Maribor,2.18 Litva,Prenočitve turistov,50
2020M02,Maribor,2.19 Luksemburg,Prihodi turistov,4
2020M02,Maribor,2.19 Luksemburg,Prenočitve turistov,7
2020M02,Maribor,2.20 Madžarska,Prihodi turistov,1018
2020M02,Maribor,2.20 Madžarska,Prenočitve turistov,2919
2020M02,Maribor,2.21 Makedonija,Prihodi turistov,117
2020M02,Maribor,2.21 Makedonija,Prenočitve turistov,340
2020M02,Maribor,2.22 Malta,Prihodi turistov,3
2020M02,Maribor,2.22 Malta,Prenočitve turistov,3
2020M02,Maribor,2.23 Nemčija,Prihodi turistov,605
2020M02,Maribor,2.23 Nemčija,Prenočitve turistov,1489
2020M02,Maribor,2.24 Nizozemska,Prihodi turistov,82
2020M02,Maribor,2.24 Nizozemska,Prenočitve turistov,255
2020M02,Maribor,2.25 Norveška,Prihodi turistov,15
2020M02,Maribor,2.25 Norveška,Prenočitve turistov,35
2020M02,Maribor,2.26 Poljska,Prihodi turistov,156
2020M02,Maribor,2.26 Poljska,Prenočitve turistov,640
2020M02,Maribor,2.27 Portugalska,Prihodi turistov,42
2020M02,Maribor,2.27 Portugalska,Prenočitve turistov,256
2020M02,Maribor,2.28 Romunija,Prihodi turistov,282
2020M02,Maribor,2.28 Romunija,Prenočitve turistov,799
2020M02,Maribor,2.29 Ruska federacija,Prihodi turistov,214
2020M02,Maribor,2.29 Ruska federacija,Prenočitve turistov,772
2020M02,Maribor,2.30 Slovaška,Prihodi turistov,643
2020M02,Maribor,2.30 Slovaška,Prenočitve turistov,1436
2020M02,Maribor,2.31 Srbija,Prihodi turistov,874
2020M02,Maribor,2.31 Srbija,Prenočitve turistov,2801
2020M02,Maribor,2.32 Španija,Prihodi turistov,94
2020M02,Maribor,2.32 Španija,Prenočitve turistov,781
2020M02,Maribor,2.33 Švedska,Prihodi turistov,31
2020M02,Maribor,2.33 Švedska,Prenočitve turistov,84
2020M02,Maribor,2.34 Švica,Prihodi turistov,76
2020M02,Maribor,2.34 Švica,Prenočitve turistov,201
2020M02,Maribor,2.35 Turčija,Prihodi turistov,58
2020M02,Maribor,2.35 Turčija,Prenočitve turistov,811
2020M02,Maribor,2.36 Ukrajina,Prihodi turistov,182
2020M02,Maribor,2.36 Ukrajina,Prenočitve turistov,703
2020M02,Maribor,2.37 Združeno kraljestvo,Prihodi turistov,109
2020M02,Maribor,2.37 Združeno kraljestvo,Prenočitve turistov,320
2020M02,Maribor,2.38 Druge evropske države,Prihodi turistov,82
2020M02,Maribor,2.38 Druge evropske države,Prenočitve turistov,203
2020M02,Maribor,2.39 Južna Afrika,Prihodi turistov,3
2020M02,Maribor,2.39 Južna Afrika,Prenočitve turistov,3
2020M02,Maribor,2.40 Druge afriške države,Prihodi turistov,16
2020M02,Maribor,2.40 Druge afriške države,Prenočitve turistov,122
2020M02,Maribor,2.41 Avstralija,Prihodi turistov,15
2020M02,Maribor,2.41 Avstralija,Prenočitve turistov,25
2020M02,Maribor,2.42 Nova Zelandija,Prihodi turistov,4
2020M02,Maribor,2.42 Nova Zelandija,Prenočitve turistov,4
2020M02,Maribor,2.43 Druge države in ozemlja Oceanije,Prihodi turistov,
2020M02,Maribor,2.43 Druge države in ozemlja Oceanije,Prenočitve turistov,
2020M02,Maribor,2.44 Izrael,Prihodi turistov,18
2020M02,Maribor,2.44 Izrael,Prenočitve turistov,41
2020M02,Maribor,2.45 Japonska,Prihodi turistov,42
2020M02,Maribor,2.45 Japonska,Prenočitve turistov,71
2020M02,Maribor,2.46 Kitajska (Ljudska republika),Prihodi turistov,31
2020M02,Maribor,2.46 Kitajska (Ljudska republika),Prenočitve turistov,338
2020M02,Maribor,2.47 Koreja (Republika),Prihodi turistov,297
2020M02,Maribor,2.47 Koreja (Republika),Prenočitve turistov,300
2020M02,Maribor,2.48 Druge azijske države,Prihodi turistov,66
2020M02,Maribor,2.48 Druge azijske države,Prenočitve turistov,378
2020M02,Maribor,2.49 Brazilija,Prihodi turistov,24
2020M02,Maribor,2.49 Brazilija,Prenočitve turistov,85
2020M02,Maribor,2.50 Druge države Južne in Srednje Amerike,Prihodi turistov,17
2020M02,Maribor,2.50 Druge države Južne in Srednje Amerike,Prenočitve turistov,46
2020M02,Maribor,2.51 Kanada,Prihodi turistov,23
2020M02,Maribor,2.51 Kanada,Prenočitve turistov,32
2020M02,Maribor,2.52 Združene države (ZDA),Prihodi turistov,60
2020M02,Maribor,2.52 Združene države (ZDA),Prenočitve turistov,180
2020M02,Maribor,2.53 Druge države in ozemlja Severne Amerike,Prihodi turistov,
2020M02,Maribor,2.53 Druge države in ozemlja Severne Amerike,Prenočitve turistov,
2020M03,Maribor,0 Država - SKUPAJ,Prihodi turistov,3192
2020M03,Maribor,0 Država - SKUPAJ,Prenočitve turistov,12670
2020M03,Maribor,1 DOMAČI,Prihodi turistov,829
2020M03,Maribor,1 DOMAČI,Prenočitve turistov,1471
2020M03,Maribor,2 TUJI,Prihodi turistov,2363
2020M03,Maribor,2 TUJI,Prenočitve turistov,11199
2020M03,Maribor,2.1 Avstrija,Prihodi turistov,223
2020M03,Maribor,2.1 Avstrija,Prenočitve turistov,314
2020M03,Maribor,2.2 Belgija,Prihodi turistov,12
2020M03,Maribor,2.2 Belgija,Prenočitve turistov,36
2020M03,Maribor,2.3 Bolgarija,Prihodi turistov,29
2020M03,Maribor,2.3 Bolgarija,Prenočitve turistov,251
2020M03,Maribor,2.4 Bosna in Hercegovina,Prihodi turistov,262
2020M03,Maribor,2.4 Bosna in Hercegovina,Prenočitve turistov,624
2020M03,Maribor,2.5 Ciper,Prihodi turistov,
2020M03,Maribor,2.5 Ciper,Prenočitve turistov,
2020M03,Maribor,2.6 Češka republika,Prihodi turistov,52
2020M03,Maribor,2.6 Češka republika,Prenočitve turistov,520
2020M03,Maribor,2.7 Črna gora,Prihodi turistov,37
2020M03,Maribor,2.7 Črna gora,Prenočitve turistov,144
2020M03,Maribor,2.8 Danska,Prihodi turistov,135
2020M03,Maribor,2.8 Danska,Prenočitve turistov,797
2020M03,Maribor,2.9 Estonija,Prihodi turistov,8
2020M03,Maribor,2.9 Estonija,Prenočitve turistov,28
2020M03,Maribor,2.10 Finska,Prihodi turistov,13
2020M03,Maribor,2.10 Finska,Prenočitve turistov,101
2020M03,Maribor,2.11 Francija,Prihodi turistov,39
2020M03,Maribor,2.11 Francija,Prenočitve turistov,288
2020M03,Maribor,2.12 Grčija,Prihodi turistov,10
2020M03,Maribor,2.12 Grčija,Prenočitve turistov,50
2020M03,Maribor,2.13 Hrvaška,Prihodi turistov,261
2020M03,Maribor,2.13 Hrvaška,Prenočitve turistov,1029
2020M03,Maribor,2.14 Irska,Prihodi turistov,8
2020M03,Maribor,2.14 Irska,Prenočitve turistov,27
2020M03,Maribor,2.15 Islandija,Prihodi turistov,
2020M03,Maribor,2.15 Islandija,Prenočitve turistov,
2020M03,Maribor,2.16 Italija,Prihodi turistov,51
2020M03,Maribor,2.16 Italija,Prenočitve turistov,135
2020M03,Maribor,2.17 Latvija,Prihodi turistov,6
2020M03,Maribor,2.17 Latvija,Prenočitve turistov,8
2020M03,Maribor,2.18 Litva,Prihodi turistov,2
2020M03,Maribor,2.18 Litva,Prenočitve turistov,11
2020M03,Maribor,2.19 Luksemburg,Prihodi turistov,
2020M03,Maribor,2.19 Luksemburg,Prenočitve turistov,
2020M03,Maribor,2.20 Madžarska,Prihodi turistov,84
2020M03,Maribor,2.20 Madžarska,Prenočitve turistov,256
2020M03,Maribor,2.21 Makedonija,Prihodi turistov,30
2020M03,Maribor,2.21 Makedonija,Prenočitve turistov,257
2020M03,Maribor,2.22 Malta,Prihodi turistov,
2020M03,Maribor,2.22 Malta,Prenočitve turistov,
2020M03,Maribor,2.23 Nemčija,Prihodi turistov,238
2020M03,Maribor,2.23 Nemčija,Prenočitve turistov,534
2020M03,Maribor,2.24 Nizozemska,Prihodi turistov,36
2020M03,Maribor,2.24 Nizozemska,Prenočitve turistov,101
2020M03,Maribor,2.25 Norveška,Prihodi turistov,1
2020M03,Maribor,2.25 Norveška,Prenočitve turistov,5
2020M03,Maribor,2.26 Poljska,Prihodi turistov,39
2020M03,Maribor,2.26 Poljska,Prenočitve turistov,443
2020M03,Maribor,2.27 Portugalska,Prihodi turistov,6
2020M03,Maribor,2.27 Portugalska,Prenočitve turistov,196
2020M03,Maribor,2.28 Romunija,Prihodi turistov,66
2020M03,Maribor,2.28 Romunija,Prenočitve turistov,409
2020M03,Maribor,2.29 Ruska federacija,Prihodi turistov,72
2020M03,Maribor,2.29 Ruska federacija,Prenočitve turistov,277
2020M03,Maribor,2.30 Slovaška,Prihodi turistov,24
2020M03,Maribor,2.30 Slovaška,Prenočitve turistov,318
2020M03,Maribor,2.31 Srbija,Prihodi turistov,281
2020M03,Maribor,2.31 Srbija,Prenočitve turistov,1160
2020M03,Maribor,2.32 Španija,Prihodi turistov,88
2020M03,Maribor,2.32 Španija,Prenočitve turistov,320
2020M03,Maribor,2.33 Švedska,Prihodi turistov,17
2020M03,Maribor,2.33 Švedska,Prenočitve turistov,167
2020M03,Maribor,2.34 Švica,Prihodi turistov,20
2020M03,Maribor,2.34 Švica,Prenočitve turistov,64
2020M03,Maribor,2.35 Turčija,Prihodi turistov,8
2020M03,Maribor,2.35 Turčija,Prenočitve turistov,813
2020M03,Maribor,2.36 Ukrajina,Prihodi turistov,31
2020M03,Maribor,2.36 Ukrajina,Prenočitve turistov,305
2020M03,Maribor,2.37 Združeno kraljestvo,Prihodi turistov,41
2020M03,Maribor,2.37 Združeno kraljestvo,Prenočitve turistov,149
2020M03,Maribor,2.38 Druge evropske države,Prihodi turistov,39
2020M03,Maribor,2.38 Druge evropske države,Prenočitve turistov,376
2020M03,Maribor,2.39 Južna Afrika,Prihodi turistov,
2020M03,Maribor,2.39 Južna Afrika,Prenočitve turistov,
2020M03,Maribor,2.40 Druge afriške države,Prihodi turistov,11
2020M03,Maribor,2.40 Druge afriške države,Prenočitve turistov,267
2020M03,Maribor,2.41 Avstralija,Prihodi turistov,5
2020M03,Maribor,2.41 Avstralija,Prenočitve turistov,12
2020M03,Maribor,2.42 Nova Zelandija,Prihodi turistov,1
2020M03,Maribor,2.42 Nova Zelandija,Prenočitve turistov,2
2020M03,Maribor,2.43 Druge države in ozemlja Oceanije,Prihodi turistov,
2020M03,Maribor,2.43 Druge države in ozemlja Oceanije,Prenočitve turistov,
2020M03,Maribor,2.44 Izrael,Prihodi turistov,3
2020M03,Maribor,2.44 Izrael,Prenočitve turistov,10
2020M03,Maribor,2.45 Japonska,Prihodi turistov,5
2020M03,Maribor,2.45 Japonska,Prenočitve turistov,5
2020M03,Maribor,2.46 Kitajska (Ljudska republika),Prihodi turistov,3
2020M03,Maribor,2.46 Kitajska (Ljudska republika),Prenočitve turistov,69
2020M03,Maribor,2.47 Koreja (Republika),Prihodi turistov,
2020M03,Maribor,2.47 Koreja (Republika),Prenočitve turistov,
2020M03,Maribor,2.48 Druge azijske države,Prihodi turistov,17
2020M03,Maribor,2.48 Druge azijske države,Prenočitve turistov,131
2020M03,Maribor,2.49 Brazilija,Prihodi turistov,2
2020M03,Maribor,2.49 Brazilija,Prenočitve turistov,60
2020M03,Maribor,2.50 Druge države Južne in Srednje Amerike,Prihodi turistov,15
2020M03,Maribor,2.50 Druge države Južne in Srednje Amerike,Prenočitve turistov,63
2020M03,Maribor,2.51 Kanada,Prihodi turistov,5
2020M03,Maribor,2.51 Kanada,Prenočitve turistov,6
2020M03,Maribor,2.52 Združene države (ZDA),Prihodi turistov,27
2020M03,Maribor,2.52 Združene države (ZDA),Prenočitve turistov,61
2020M03,Maribor,2.53 Druge države in ozemlja Severne Amerike,Prihodi turistov,
2020M03,Maribor,2.53 Druge države in ozemlja Severne Amerike,Prenočitve turistov,
2020M04,Maribor,0 Država - SKUPAJ,Prihodi turistov,0
2020M04,Maribor,0 Država - SKUPAJ,Prenočitve turistov,4261
2020M04,Maribor,1 DOMAČI,Prihodi turistov,0
2020M04,Maribor,1 DOMAČI,Prenočitve turistov,66
2020M04,Maribor,2 TUJI,Prihodi turistov,0
2020M04,Maribor,2 TUJI,Prenočitve turistov,4195
2020M04,Maribor,2.1 Avstrija,Prihodi turistov,0
2020M04,Maribor,2.1 Avstrija,Prenočitve turistov,30
2020M04,Maribor,2.2 Belgija,Prihodi turistov,
2020M04,Maribor,2.2 Belgija,Prenočitve turistov,
2020M04,Maribor,2.3 Bolgarija,Prihodi turistov,0
2020M04,Maribor,2.3 Bolgarija,Prenočitve turistov,165
2020M04,Maribor,2.4 Bosna in Hercegovina,Prihodi turistov,0
2020M04,Maribor,2.4 Bosna in Hercegovina,Prenočitve turistov,120
2020M04,Maribor,2.5 Ciper,Prihodi turistov,
2020M04,Maribor,2.5 Ciper,Prenočitve turistov,
2020M04,Maribor,2.6 Češka republika,Prihodi turistov,0
2020M04,Maribor,2.6 Češka republika,Prenočitve turistov,300
2020M04,Maribor,2.7 Črna gora,Prihodi turistov,0
2020M04,Maribor,2.7 Črna gora,Prenočitve turistov,90
2020M04,Maribor,2.8 Danska,Prihodi turistov,
2020M04,Maribor,2.8 Danska,Prenočitve turistov,
2020M04,Maribor,2.9 Estonija,Prihodi turistov,
2020M04,Maribor,2.9 Estonija,Prenočitve turistov,
2020M04,Maribor,2.10 Finska,Prihodi turistov,0
2020M04,Maribor,2.10 Finska,Prenočitve turistov,60
2020M04,Maribor,2.11 Francija,Prihodi turistov,0
2020M04,Maribor,2.11 Francija,Prenočitve turistov,300
2020M04,Maribor,2.12 Grčija,Prihodi turistov,0
2020M04,Maribor,2.12 Grčija,Prenočitve turistov,30
2020M04,Maribor,2.13 Hrvaška,Prihodi turistov,0
2020M04,Maribor,2.13 Hrvaška,Prenočitve turistov,150
2020M04,Maribor,2.14 Irska,Prihodi turistov,
2020M04,Maribor,2.14 Irska,Prenočitve turistov,
2020M04,Maribor,2.15 Islandija,Prihodi turistov,
2020M04,Maribor,2.15 Islandija,Prenočitve turistov,
2020M04,Maribor,2.16 Italija,Prihodi turistov,0
2020M04,Maribor,2.16 Italija,Prenočitve turistov,30
2020M04,Maribor,2.17 Latvija,Prihodi turistov,
2020M04,Maribor,2.17 Latvija,Prenočitve turistov,
2020M04,Maribor,2.18 Litva,Prihodi turistov,
2020M04,Maribor,2.18 Litva,Prenočitve turistov,
2020M04,Maribor,2.19 Luksemburg,Prihodi turistov,
2020M04,Maribor,2.19 Luksemburg,Prenočitve turistov,
2020M04,Maribor,2.20 Madžarska,Prihodi turistov,0
2020M04,Maribor,2.20 Madžarska,Prenočitve turistov,60
2020M04,Maribor,2.21 Makedonija,Prihodi turistov,0
2020M04,Maribor,2.21 Makedonija,Prenočitve turistov,150
2020M04,Maribor,2.22 Malta,Prihodi turistov,
2020M04,Maribor,2.22 Malta,Prenočitve turistov,
2020M04,Maribor,2.23 Nemčija,Prihodi turistov,0
2020M04,Maribor,2.23 Nemčija,Prenočitve turistov,90
2020M04,Maribor,2.24 Nizozemska,Prihodi turistov,
2020M04,Maribor,2.24 Nizozemska,Prenočitve turistov,
2020M04,Maribor,2.25 Norveška,Prihodi turistov,
2020M04,Maribor,2.25 Norveška,Prenočitve turistov,
2020M04,Maribor,2.26 Poljska,Prihodi turistov,0
2020M04,Maribor,2.26 Poljska,Prenočitve turistov,240
2020M04,Maribor,2.27 Portugalska,Prihodi turistov,0
2020M04,Maribor,2.27 Portugalska,Prenočitve turistov,180
2020M04,Maribor,2.28 Romunija,Prihodi turistov,0
2020M04,Maribor,2.28 Romunija,Prenočitve turistov,50
2020M04,Maribor,2.29 Ruska federacija,Prihodi turistov,0
2020M04,Maribor,2.29 Ruska federacija,Prenočitve turistov,47
2020M04,Maribor,2.30 Slovaška,Prihodi turistov,0
2020M04,Maribor,2.30 Slovaška,Prenočitve turistov,210
2020M04,Maribor,2.31 Srbija,Prihodi turistov,0
2020M04,Maribor,2.31 Srbija,Prenočitve turistov,104
2020M04,Maribor,2.32 Španija,Prihodi turistov,0
2020M04,Maribor,2.32 Španija,Prenočitve turistov,210
2020M04,Maribor,2.33 Švedska,Prihodi turistov,
2020M04,Maribor,2.33 Švedska,Prenočitve turistov,
2020M04,Maribor,2.34 Švica,Prihodi turistov,
2020M04,Maribor,2.34 Švica,Prenočitve turistov,
2020M04,Maribor,2.35 Turčija,Prihodi turistov,0
2020M04,Maribor,2.35 Turčija,Prenočitve turistov,748
2020M04,Maribor,2.36 Ukrajina,Prihodi turistov,0
2020M04,Maribor,2.36 Ukrajina,Prenočitve turistov,77
2020M04,Maribor,2.37 Združeno kraljestvo,Prihodi turistov,0
2020M04,Maribor,2.37 Združeno kraljestvo,Prenočitve turistov,50
2020M04,Maribor,2.38 Druge evropske države,Prihodi turistov,0
2020M04,Maribor,2.38 Druge evropske države,Prenočitve turistov,300
2020M04,Maribor,2.39 Južna Afrika,Prihodi turistov,
2020M04,Maribor,2.39 Južna Afrika,Prenočitve turistov,
2020M04,Maribor,2.40 Druge afriške države,Prihodi turistov,0
2020M04,Maribor,2.40 Druge afriške države,Prenočitve turistov,210
2020M04,Maribor,2.41 Avstralija,Prihodi turistov,
2020M04,Maribor,2.41 Avstralija,Prenočitve turistov,
2020M04,Maribor,2.42 Nova Zelandija,Prihodi turistov,
2020M04,Maribor,2.42 Nova Zelandija,Prenočitve turistov,
2020M04,Maribor,2.43 Druge države in ozemlja Oceanije,Prihodi turistov,
2020M04,Maribor,2.43 Druge države in ozemlja Oceanije,Prenočitve turistov,
2020M04,Maribor,2.44 Izrael,Prihodi turistov,
2020M04,Maribor,2.44 Izrael,Prenočitve turistov,
2020M04,Maribor,2.45 Japonska,Prihodi turistov,
2020M04,Maribor,2.45 Japonska,Prenočitve turistov,
2020M04,Maribor,2.46 Kitajska (Ljudska republika),Prihodi turistov,0
2020M04,Maribor,2.46 Kitajska (Ljudska republika),Prenočitve turistov,41
2020M04,Maribor,2.47 Koreja (Republika),Prihodi turistov,
2020M04,Maribor,2.47 Koreja (Republika),Prenočitve turistov,
2020M04,Maribor,2.48 Druge azijske države,Prihodi turistov,0
2020M04,Maribor,2.48 Druge azijske države,Prenočitve turistov,90
2020M04,Maribor,2.49 Brazilija,Prihodi turistov,0
2020M04,Maribor,2.49 Brazilija,Prenočitve turistov,33
2020M04,Maribor,2.50 Druge države Južne in Srednje Amerike,Prihodi turistov,0
2020M04,Maribor,2.50 Druge države Južne in Srednje Amerike,Prenočitve turistov,30
2020M04,Maribor,2.51 Kanada,Prihodi turistov,
2020M04,Maribor,2.51 Kanada,Prenočitve turistov,
2020M04,Maribor,2.52 Združene države (ZDA),Prihodi turistov,
2020M04,Maribor,2.52 Združene države (ZDA),Prenočitve turistov,
2020M04,Maribor,2.53 Druge države in ozemlja Severne Amerike,Prihodi turistov,
2020M04,Maribor,2.53 Druge države in ozemlja Severne Amerike,Prenočitve turistov,
2020M05,Maribor,0 Država - SKUPAJ,Prihodi turistov,595
2020M05,Maribor,0 Država - SKUPAJ,Prenočitve turistov,4775
2020M05,Maribor,1 DOMAČI,Prihodi turistov,260
2020M05,Maribor,1 DOMAČI,Prenočitve turistov,441
2020M05,Maribor,2 TUJI,Prihodi turistov,335
2020M05,Maribor,2 TUJI,Prenočitve turistov,4334
2020M05,Maribor,2.1 Avstrija,Prihodi turistov,9
2020M05,Maribor,2.1 Avstrija,Prenočitve turistov,16
2020M05,Maribor,2.2 Belgija,Prihodi turistov,
2020M05,Maribor,2.2 Belgija,Prenočitve turistov,
2020M05,Maribor,2.3 Bolgarija,Prihodi turistov,1
2020M05,Maribor,2.3 Bolgarija,Prenočitve turistov,91
2020M05,Maribor,2.4 Bosna in Hercegovina,Prihodi turistov,59
2020M05,Maribor,2.4 Bosna in Hercegovina,Prenočitve turistov,206
2020M05,Maribor,2.5 Ciper,Prihodi turistov,
2020M05,Maribor,2.5 Ciper,Prenočitve turistov,
2020M05,Maribor,2.6 Češka republika,Prihodi turistov,12
2020M05,Maribor,2.6 Češka republika,Prenočitve turistov,355
2020M05,Maribor,2.7 Črna gora,Prihodi turistov,1
2020M05,Maribor,2.7 Črna gora,Prenočitve turistov,95
2020M05,Maribor,2.8 Danska,Prihodi turistov,
2020M05,Maribor,2.8 Danska,Prenočitve turistov,
2020M05,Maribor,2.9 Estonija,Prihodi turistov,
2020M05,Maribor,2.9 Estonija,Prenočitve turistov,
2020M05,Maribor,2.10 Finska,Prihodi turistov,0
2020M05,Maribor,2.10 Finska,Prenočitve turistov,37
2020M05,Maribor,2.11 Francija,Prihodi turistov,5
2020M05,Maribor,2.11 Francija,Prenočitve turistov,188
2020M05,Maribor,2.12 Grčija,Prihodi turistov,0
2020M05,Maribor,2.12 Grčija,Prenočitve turistov,31
2020M05,Maribor,2.13 Hrvaška,Prihodi turistov,54
2020M05,Maribor,2.13 Hrvaška,Prenočitve turistov,281
2020M05,Maribor,2.14 Irska,Prihodi turistov,
2020M05,Maribor,2.14 Irska,Prenočitve turistov,
2020M05,Maribor,2.15 Islandija,Prihodi turistov,
2020M05,Maribor,2.15 Islandija,Prenočitve turistov,
2020M05,Maribor,2.16 Italija,Prihodi turistov,7
2020M05,Maribor,2.16 Italija,Prenočitve turistov,44
2020M05,Maribor,2.17 Latvija,Prihodi turistov,
2020M05,Maribor,2.17 Latvija,Prenočitve turistov,
2020M05,Maribor,2.18 Litva,Prihodi turistov,
2020M05,Maribor,2.18 Litva,Prenočitve turistov,
2020M05,Maribor,2.19 Luksemburg,Prihodi turistov,1
2020M05,Maribor,2.19 Luksemburg,Prenočitve turistov,1
2020M05,Maribor,2.20 Madžarska,Prihodi turistov,11
2020M05,Maribor,2.20 Madžarska,Prenočitve turistov,79
2020M05,Maribor,2.21 Makedonija,Prihodi turistov,2
2020M05,Maribor,2.21 Makedonija,Prenočitve turistov,161
2020M05,Maribor,2.22 Malta,Prihodi turistov,
2020M05,Maribor,2.22 Malta,Prenočitve turistov,
2020M05,Maribor,2.23 Nemčija,Prihodi turistov,46
2020M05,Maribor,2.23 Nemčija,Prenočitve turistov,142
2020M05,Maribor,2.24 Nizozemska,Prihodi turistov,
2020M05,Maribor,2.24 Nizozemska,Prenočitve turistov,
2020M05,Maribor,2.25 Norveška,Prihodi turistov,1
2020M05,Maribor,2.25 Norveška,Prenočitve turistov,1
2020M05,Maribor,2.26 Poljska,Prihodi turistov,5
2020M05,Maribor,2.26 Poljska,Prenočitve turistov,254
2020M05,Maribor,2.27 Portugalska,Prihodi turistov,0
2020M05,Maribor,2.27 Portugalska,Prenočitve turistov,145
2020M05,Maribor,2.28 Romunija,Prihodi turistov,43
2020M05,Maribor,2.28 Romunija,Prenočitve turistov,163
2020M05,Maribor,2.29 Ruska federacija,Prihodi turistov,3
2020M05,Maribor,2.29 Ruska federacija,Prenočitve turistov,35
2020M05,Maribor,2.30 Slovaška,Prihodi turistov,4
2020M05,Maribor,2.30 Slovaška,Prenočitve turistov,229
2020M05,Maribor,2.31 Srbija,Prihodi turistov,43
2020M05,Maribor,2.31 Srbija,Prenočitve turistov,83
2020M05,Maribor,2.32 Španija,Prihodi turistov,0
2020M05,Maribor,2.32 Španija,Prenočitve turistov,217
2020M05,Maribor,2.33 Švedska,Prihodi turistov,1
2020M05,Maribor,2.33 Švedska,Prenočitve turistov,5
2020M05,Maribor,2.34 Švica,Prihodi turistov,1
2020M05,Maribor,2.34 Švica,Prenočitve turistov,2
2020M05,Maribor,2.35 Turčija,Prihodi turistov,0
2020M05,Maribor,2.35 Turčija,Prenočitve turistov,744
2020M05,Maribor,2.36 Ukrajina,Prihodi turistov,2
2020M05,Maribor,2.36 Ukrajina,Prenočitve turistov,64
2020M05,Maribor,2.37 Združeno kraljestvo,Prihodi turistov,0
2020M05,Maribor,2.37 Združeno kraljestvo,Prenočitve turistov,17
2020M05,Maribor,2.38 Druge evropske države,Prihodi turistov,13
2020M05,Maribor,2.38 Druge evropske države,Prenočitve turistov,258
2020M05,Maribor,2.39 Južna Afrika,Prihodi turistov,
2020M05,Maribor,2.39 Južna Afrika,Prenočitve turistov,
2020M05,Maribor,2.40 Druge afriške države,Prihodi turistov,1
2020M05,Maribor,2.40 Druge afriške države,Prenočitve turistov,218
2020M05,Maribor,2.41 Avstralija,Prihodi turistov,
2020M05,Maribor,2.41 Avstralija,Prenočitve turistov,
2020M05,Maribor,2.42 Nova Zelandija,Prihodi turistov,
2020M05,Maribor,2.42 Nova Zelandija,Prenočitve turistov,
2020M05,Maribor,2.43 Druge države in ozemlja Oceanije,Prihodi turistov,
2020M05,Maribor,2.43 Druge države in ozemlja Oceanije,Prenočitve turistov,
2020M05,Maribor,2.44 Izrael,Prihodi turistov,
2020M05,Maribor,2.44 Izrael,Prenočitve turistov,
2020M05,Maribor,2.45 Japonska,Prihodi turistov,
2020M05,Maribor,2.45 Japonska,Prenočitve turistov,
2020M05,Maribor,2.46 Kitajska (Ljudska republika),Prihodi turistov,4
2020M05,Maribor,2.46 Kitajska (Ljudska republika),Prenočitve turistov,23
2020M05,Maribor,2.47 Koreja (Republika),Prihodi turistov,
2020M05,Maribor,2.47 Koreja (Republika),Prenočitve turistov,
2020M05,Maribor,2.48 Druge azijske države,Prihodi turistov,0
2020M05,Maribor,2.48 Druge azijske države,Prenočitve turistov,71
2020M05,Maribor,2.49 Brazilija,Prihodi turistov,0
2020M05,Maribor,2.49 Brazilija,Prenočitve turistov,31
2020M05,Maribor,2.50 Druge države Južne in Srednje Amerike,Prihodi turistov,4
2020M05,Maribor,2.50 Druge države Južne in Srednje Amerike,Prenočitve turistov,37
2020M05,Maribor,2.51 Kanada,Prihodi turistov,
2020M05,Maribor,2.51 Kanada,Prenočitve turistov,
2020M05,Maribor,2.52 Združene države (ZDA),Prihodi turistov,2
2020M05,Maribor,2.52 Združene države (ZDA),Prenočitve turistov,10
2020M05,Maribor,2.53 Druge države in ozemlja Severne Amerike,Prihodi turistov,
2020M05,Maribor,2.53 Druge države in ozemlja Severne Amerike,Prenočitve turistov,
2020M06,Maribor,0 Država - SKUPAJ,Prihodi turistov,5474
2020M06,Maribor,0 Država - SKUPAJ,Prenočitve turistov,12021
2020M06,Maribor,1 DOMAČI,Prihodi turistov,1508
2020M06,Maribor,1 DOMAČI,Prenočitve turistov,2780
2020M06,Maribor,2 TUJI,Prihodi turistov,3966
2020M06,Maribor,2 TUJI,Prenočitve turistov,9241
2020M06,Maribor,2.1 Avstrija,Prihodi turistov,513
2020M06,Maribor,2.1 Avstrija,Prenočitve turistov,672
2020M06,Maribor,2.2 Belgija,Prihodi turistov,37
2020M06,Maribor,2.2 Belgija,Prenočitve turistov,45
2020M06,Maribor,2.3 Bolgarija,Prihodi turistov,43
2020M06,Maribor,2.3 Bolgarija,Prenočitve turistov,132
2020M06,Maribor,2.4 Bosna in Hercegovina,Prihodi turistov,257
2020M06,Maribor,2.4 Bosna in Hercegovina,Prenočitve turistov,589
2020M06,Maribor,2.5 Ciper,Prihodi turistov,
2020M06,Maribor,2.5 Ciper,Prenočitve turistov,
2020M06,Maribor,2.6 Češka republika,Prihodi turistov,455
2020M06,Maribor,2.6 Češka republika,Prenočitve turistov,815
2020M06,Maribor,2.7 Črna gora,Prihodi turistov,19
2020M06,Maribor,2.7 Črna gora,Prenočitve turistov,96
2020M06,Maribor,2.8 Danska,Prihodi turistov,15
2020M06,Maribor,2.8 Danska,Prenočitve turistov,15
2020M06,Maribor,2.9 Estonija,Prihodi turistov,18
2020M06,Maribor,2.9 Estonija,Prenočitve turistov,18
2020M06,Maribor,2.10 Finska,Prihodi turistov,4
2020M06,Maribor,2.10 Finska,Prenočitve turistov,34
2020M06,Maribor,2.11 Francija,Prihodi turistov,48
2020M06,Maribor,2.11 Francija,Prenočitve turistov,136
2020M06,Maribor,2.12 Grčija,Prihodi turistov,11
2020M06,Maribor,2.12 Grčija,Prenočitve turistov,58
2020M06,Maribor,2.13 Hrvaška,Prihodi turistov,268
2020M06,Maribor,2.13 Hrvaška,Prenočitve turistov,643
2020M06,Maribor,2.14 Irska,Prihodi turistov,2
2020M06,Maribor,2.14 Irska,Prenočitve turistov,3
2020M06,Maribor,2.15 Islandija,Prihodi turistov,
2020M06,Maribor,2.15 Islandija,Prenočitve turistov,
2020M06,Maribor,2.16 Italija,Prihodi turistov,171
2020M06,Maribor,2.16 Italija,Prenočitve turistov,409
2020M06,Maribor,2.17 Latvija,Prihodi turistov,5
2020M06,Maribor,2.17 Latvija,Prenočitve turistov,5
2020M06,Maribor,2.18 Litva,Prihodi turistov,26
2020M06,Maribor,2.18 Litva,Prenočitve turistov,26
2020M06,Maribor,2.19 Luksemburg,Prihodi turistov,6
2020M06,Maribor,2.19 Luksemburg,Prenočitve turistov,6
2020M06,Maribor,2.20 Madžarska,Prihodi turistov,190
2020M06,Maribor,2.20 Madžarska,Prenočitve turistov,330
2020M06,Maribor,2.21 Makedonija,Prihodi turistov,18
2020M06,Maribor,2.21 Makedonija,Prenočitve turistov,146
2020M06,Maribor,2.22 Malta,Prihodi turistov,
2020M06,Maribor,2.22 Malta,Prenočitve turistov,
2020M06,Maribor,2.23 Nemčija,Prihodi turistov,943
2020M06,Maribor,2.23 Nemčija,Prenočitve turistov,1473
2020M06,Maribor,2.24 Nizozemska,Prihodi turistov,45
2020M06,Maribor,2.24 Nizozemska,Prenočitve turistov,90
2020M06,Maribor,2.25 Norveška,Prihodi turistov,12
2020M06,Maribor,2.25 Norveška,Prenočitve turistov,12
2020M06,Maribor,2.26 Poljska,Prihodi turistov,119
2020M06,Maribor,2.26 Poljska,Prenočitve turistov,360
2020M06,Maribor,2.27 Portugalska,Prihodi turistov,2
2020M06,Maribor,2.27 Portugalska,Prenočitve turistov,122
2020M06,Maribor,2.28 Romunija,Prihodi turistov,253
2020M06,Maribor,2.28 Romunija,Prenočitve turistov,614
2020M06,Maribor,2.29 Ruska federacija,Prihodi turistov,34
2020M06,Maribor,2.29 Ruska federacija,Prenočitve turistov,110
2020M06,Maribor,2.30 Slovaška,Prihodi turistov,73
2020M06,Maribor,2.30 Slovaška,Prenočitve turistov,303
2020M06,Maribor,2.31 Srbija,Prihodi turistov,113
2020M06,Maribor,2.31 Srbija,Prenočitve turistov,250
2020M06,Maribor,2.32 Španija,Prihodi turistov,4
2020M06,Maribor,2.32 Španija,Prenočitve turistov,65
2020M06,Maribor,2.33 Švedska,Prihodi turistov,47
2020M06,Maribor,2.33 Švedska,Prenočitve turistov,53
2020M06,Maribor,2.34 Švica,Prihodi turistov,52
2020M06,Maribor,2.34 Švica,Prenočitve turistov,73
2020M06,Maribor,2.35 Turčija,Prihodi turistov,5
2020M06,Maribor,2.35 Turčija,Prenočitve turistov,725
2020M06,Maribor,2.36 Ukrajina,Prihodi turistov,23
2020M06,Maribor,2.36 Ukrajina,Prenočitve turistov,85
2020M06,Maribor,2.37 Združeno kraljestvo,Prihodi turistov,22
2020M06,Maribor,2.37 Združeno kraljestvo,Prenočitve turistov,36
2020M06,Maribor,2.38 Druge evropske države,Prihodi turistov,53
2020M06,Maribor,2.38 Druge evropske države,Prenočitve turistov,284
2020M06,Maribor,2.39 Južna Afrika,Prihodi turistov,
2020M06,Maribor,2.39 Južna Afrika,Prenočitve turistov,
2020M06,Maribor,2.40 Druge afriške države,Prihodi turistov,3
2020M06,Maribor,2.40 Druge afriške države,Prenočitve turistov,213
2020M06,Maribor,2.41 Avstralija,Prihodi turistov,4
2020M06,Maribor,2.41 Avstralija,Prenočitve turistov,11
2020M06,Maribor,2.42 Nova Zelandija,Prihodi turistov,
2020M06,Maribor,2.42 Nova Zelandija,Prenočitve turistov,
2020M06,Maribor,2.43 Druge države in ozemlja Oceanije,Prihodi turistov,
2020M06,Maribor,2.43 Druge države in ozemlja Oceanije,Prenočitve turistov,
2020M06,Maribor,2.44 Izrael,Prihodi turistov,6
2020M06,Maribor,2.44 Izrael,Prenočitve turistov,6
2020M06,Maribor,2.45 Japonska,Prihodi turistov,
2020M06,Maribor,2.45 Japonska,Prenočitve turistov,
2020M06,Maribor,2.46 Kitajska (Ljudska republika),Prihodi turistov,3
2020M06,Maribor,2.46 Kitajska (Ljudska republika),Prenočitve turistov,3
2020M06,Maribor,2.47 Koreja (Republika),Prihodi turistov,
2020M06,Maribor,2.47 Koreja (Republika),Prenočitve turistov,
2020M06,Maribor,2.48 Druge azijske države,Prihodi turistov,18
2020M06,Maribor,2.48 Druge azijske države,Prenočitve turistov,84
2020M06,Maribor,2.49 Brazilija,Prihodi turistov,0
2020M06,Maribor,2.49 Brazilija,Prenočitve turistov,30
2020M06,Maribor,2.50 Druge države Južne in Srednje Amerike,Prihodi turistov,7
2020M06,Maribor,2.50 Druge države Južne in Srednje Amerike,Prenočitve turistov,38
2020M06,Maribor,2.51 Kanada,Prihodi turistov,2
2020M06,Maribor,2.51 Kanada,Prenočitve turistov,3
2020M06,Maribor,2.52 Združene države (ZDA),Prihodi turistov,17
2020M06,Maribor,2.52 Združene države (ZDA),Prenočitve turistov,20
2020M06,Maribor,2.53 Druge države in ozemlja Severne Amerike,Prihodi turistov,
2020M06,Maribor,2.53 Druge države in ozemlja Severne Amerike,Prenočitve turistov,
2020M07,Maribor,0 Država - SKUPAJ,Prihodi turistov,11428
2020M07,Maribor,0 Država - SKUPAJ,Prenočitve turistov,20692
2020M07,Maribor,1 DOMAČI,Prihodi turistov,2683
2020M07,Maribor,1 DOMAČI,Prenočitve turistov,6680
2020M07,Maribor,2 TUJI,Prihodi turistov,8745
2020M07,Maribor,2 TUJI,Prenočitve turistov,14012
2020M07,Maribor,2.1 Avstrija,Prihodi turistov,691
2020M07,Maribor,2.1 Avstrija,Prenočitve turistov,1002
2020M07,Maribor,2.2 Belgija,Prihodi turistov,335
2020M07,Maribor,2.2 Belgija,Prenočitve turistov,480
2020M07,Maribor,2.3 Bolgarija,Prihodi turistov,43
2020M07,Maribor,2.3 Bolgarija,Prenočitve turistov,57
2020M07,Maribor,2.4 Bosna in Hercegovina,Prihodi turistov,240
2020M07,Maribor,2.4 Bosna in Hercegovina,Prenočitve turistov,512
2020M07,Maribor,2.5 Ciper,Prihodi turistov,3
2020M07,Maribor,2.5 Ciper,Prenočitve turistov,4
2020M07,Maribor,2.6 Češka republika,Prihodi turistov,616
2020M07,Maribor,2.6 Češka republika,Prenočitve turistov,796
2020M07,Maribor,2.7 Črna gora,Prihodi turistov,52
2020M07,Maribor,2.7 Črna gora,Prenočitve turistov,118
2020M07,Maribor,2.8 Danska,Prihodi turistov,125
2020M07,Maribor,2.8 Danska,Prenočitve turistov,133
2020M07,Maribor,2.9 Estonija,Prihodi turistov,56
2020M07,Maribor,2.9 Estonija,Prenočitve turistov,56
2020M07,Maribor,2.10 Finska,Prihodi turistov,31
2020M07,Maribor,2.10 Finska,Prenočitve turistov,53
2020M07,Maribor,2.11 Francija,Prihodi turistov,132
2020M07,Maribor,2.11 Francija,Prenočitve turistov,231
2020M07,Maribor,2.12 Grčija,Prihodi turistov,18
2020M07,Maribor,2.12 Grčija,Prenočitve turistov,33
2020M07,Maribor,2.13 Hrvaška,Prihodi turistov,155
2020M07,Maribor,2.13 Hrvaška,Prenočitve turistov,513
2020M07,Maribor,2.14 Irska,Prihodi turistov,16
2020M07,Maribor,2.14 Irska,Prenočitve turistov,19
2020M07,Maribor,2.15 Islandija,Prihodi turistov,
2020M07,Maribor,2.15 Islandija,Prenočitve turistov,
2020M07,Maribor,2.16 Italija,Prihodi turistov,377
2020M07,Maribor,2.16 Italija,Prenočitve turistov,673
2020M07,Maribor,2.17 Latvija,Prihodi turistov,24
2020M07,Maribor,2.17 Latvija,Prenočitve turistov,26
2020M07,Maribor,2.18 Litva,Prihodi turistov,115
2020M07,Maribor,2.18 Litva,Prenočitve turistov,115
2020M07,Maribor,2.19 Luksemburg,Prihodi turistov,1
2020M07,Maribor,2.19 Luksemburg,Prenočitve turistov,1
2020M07,Maribor,2.20 Madžarska,Prihodi turistov,303
2020M07,Maribor,2.20 Madžarska,Prenočitve turistov,476
2020M07,Maribor,2.21 Makedonija,Prihodi turistov,38
2020M07,Maribor,2.21 Makedonija,Prenočitve turistov,164
2020M07,Maribor,2.22 Malta,Prihodi turistov,
2020M07,Maribor,2.22 Malta,Prenočitve turistov,
2020M07,Maribor,2.23 Nemčija,Prihodi turistov,2571
2020M07,Maribor,2.23 Nemčija,Prenočitve turistov,3836
2020M07,Maribor,2.24 Nizozemska,Prihodi turistov,580
2020M07,Maribor,2.24 Nizozemska,Prenočitve turistov,917
2020M07,Maribor,2.25 Norveška,Prihodi turistov,11
2020M07,Maribor,2.25 Norveška,Prenočitve turistov,14
2020M07,Maribor,2.26 Poljska,Prihodi turistov,941
2020M07,Maribor,2.26 Poljska,Prenočitve turistov,1121
2020M07,Maribor,2.27 Portugalska,Prihodi turistov,8
2020M07,Maribor,2.27 Portugalska,Prenočitve turistov,47
2020M07,Maribor,2.28 Romunija,Prihodi turistov,172
2020M07,Maribor,2.28 Romunija,Prenočitve turistov,429
2020M07,Maribor,2.29 Ruska federacija,Prihodi turistov,60
2020M07,Maribor,2.29 Ruska federacija,Prenočitve turistov,100
2020M07,Maribor,2.30 Slovaška,Prihodi turistov,253
2020M07,Maribor,2.30 Slovaška,Prenočitve turistov,370
2020M07,Maribor,2.31 Srbija,Prihodi turistov,115
2020M07,Maribor,2.31 Srbija,Prenočitve turistov,254
2020M07,Maribor,2.32 Španija,Prihodi turistov,63
2020M07,Maribor,2.32 Španija,Prenočitve turistov,95
2020M07,Maribor,2.33 Švedska,Prihodi turistov,79
2020M07,Maribor,2.33 Švedska,Prenočitve turistov,88
2020M07,Maribor,2.34 Švica,Prihodi turistov,199
2020M07,Maribor,2.34 Švica,Prenočitve turistov,395
2020M07,Maribor,2.35 Turčija,Prihodi turistov,14
2020M07,Maribor,2.35 Turčija,Prenočitve turistov,261
2020M07,Maribor,2.36 Ukrajina,Prihodi turistov,47
2020M07,Maribor,2.36 Ukrajina,Prenočitve turistov,69
2020M07,Maribor,2.37 Združeno kraljestvo,Prihodi turistov,61
2020M07,Maribor,2.37 Združeno kraljestvo,Prenočitve turistov,79
2020M07,Maribor,2.38 Druge evropske države,Prihodi turistov,65
2020M07,Maribor,2.38 Druge evropske države,Prenočitve turistov,168
2020M07,Maribor,2.39 Južna Afrika,Prihodi turistov,3
2020M07,Maribor,2.39 Južna Afrika,Prenočitve turistov,3
2020M07,Maribor,2.40 Druge afriške države,Prihodi turistov,8
2020M07,Maribor,2.40 Druge afriške države,Prenočitve turistov,72
2020M07,Maribor,2.41 Avstralija,Prihodi turistov,6
2020M07,Maribor,2.41 Avstralija,Prenočitve turistov,7
2020M07,Maribor,2.42 Nova Zelandija,Prihodi turistov,
2020M07,Maribor,2.42 Nova Zelandija,Prenočitve turistov,
2020M07,Maribor,2.43 Druge države in ozemlja Oceanije,Prihodi turistov,
2020M07,Maribor,2.43 Druge države in ozemlja Oceanije,Prenočitve turistov,
2020M07,Maribor,2.44 Izrael,Prihodi turistov,1
2020M07,Maribor,2.44 Izrael,Prenočitve turistov,1
2020M07,Maribor,2.45 Japonska,Prihodi turistov,5
2020M07,Maribor,2.45 Japonska,Prenočitve turistov,9
2020M07,Maribor,2.46 Kitajska (Ljudska republika),Prihodi turistov,7
2020M07,Maribor,2.46 Kitajska (Ljudska republika),Prenočitve turistov,16
2020M07,Maribor,2.47 Koreja (Republika),Prihodi turistov,2
2020M07,Maribor,2.47 Koreja (Republika),Prenočitve turistov,2
2020M07,Maribor,2.48 Druge azijske države,Prihodi turistov,22
2020M07,Maribor,2.48 Druge azijske države,Prenočitve turistov,60
2020M07,Maribor,2.49 Brazilija,Prihodi turistov,10
2020M07,Maribor,2.49 Brazilija,Prenočitve turistov,26
2020M07,Maribor,2.50 Druge države Južne in Srednje Amerike,Prihodi turistov,21
2020M07,Maribor,2.50 Druge države Južne in Srednje Amerike,Prenočitve turistov,42
2020M07,Maribor,2.51 Kanada,Prihodi turistov,9
2020M07,Maribor,2.51 Kanada,Prenočitve turistov,9
2020M07,Maribor,2.52 Združene države (ZDA),Prihodi turistov,41
2020M07,Maribor,2.52 Združene države (ZDA),Prenočitve turistov,60
2020M07,Maribor,2.53 Druge države in ozemlja Severne Amerike,Prihodi turistov,
2020M07,Maribor,2.53 Druge države in ozemlja Severne Amerike,Prenočitve turistov,
2020M08,Maribor,0 Država - SKUPAJ,Prihodi turistov,15313
2020M08,Maribor,0 Država - SKUPAJ,Prenočitve turistov,28749
2020M08,Maribor,1 DOMAČI,Prihodi turistov,5102
2020M08,Maribor,1 DOMAČI,Prenočitve turistov,11192
2020M08,Maribor,2 TUJI,Prihodi turistov,10211
2020M08,Maribor,2 TUJI,Prenočitve turistov,17557
2020M08,Maribor,2.1 Avstrija,Prihodi turistov,729
2020M08,Maribor,2.1 Avstrija,Prenočitve turistov,1150
2020M08,Maribor,2.2 Belgija,Prihodi turistov,161
2020M08,Maribor,2.2 Belgija,Prenočitve turistov,211
2020M08,Maribor,2.3 Bolgarija,Prihodi turistov,54
2020M08,Maribor,2.3 Bolgarija,Prenočitve turistov,92
2020M08,Maribor,2.4 Bosna in Hercegovina,Prihodi turistov,314
2020M08,Maribor,2.4 Bosna in Hercegovina,Prenočitve turistov,719
2020M08,Maribor,2.5 Ciper,Prihodi turistov,
2020M08,Maribor,2.5 Ciper,Prenočitve turistov,
2020M08,Maribor,2.6 Češka republika,Prihodi turistov,238
2020M08,Maribor,2.6 Češka republika,Prenočitve turistov,324
2020M08,Maribor,2.7 Črna gora,Prihodi turistov,26
2020M08,Maribor,2.7 Črna gora,Prenočitve turistov,134
2020M08,Maribor,2.8 Danska,Prihodi turistov,13
2020M08,Maribor,2.8 Danska,Prenočitve turistov,15
2020M08,Maribor,2.9 Estonija,Prihodi turistov,32
2020M08,Maribor,2.9 Estonija,Prenočitve turistov,95
2020M08,Maribor,2.10 Finska,Prihodi turistov,6
2020M08,Maribor,2.10 Finska,Prenočitve turistov,16
2020M08,Maribor,2.11 Francija,Prihodi turistov,282
2020M08,Maribor,2.11 Francija,Prenočitve turistov,400
2020M08,Maribor,2.12 Grčija,Prihodi turistov,50
2020M08,Maribor,2.12 Grčija,Prenočitve turistov,53
2020M08,Maribor,2.13 Hrvaška,Prihodi turistov,194
2020M08,Maribor,2.13 Hrvaška,Prenočitve turistov,725
2020M08,Maribor,2.14 Irska,Prihodi turistov,27
2020M08,Maribor,2.14 Irska,Prenočitve turistov,27
2020M08,Maribor,2.15 Islandija,Prihodi turistov,
2020M08,Maribor,2.15 Islandija,Prenočitve turistov,
2020M08,Maribor,2.16 Italija,Prihodi turistov,716
2020M08,Maribor,2.16 Italija,Prenočitve turistov,1868
2020M08,Maribor,2.17 Latvija,Prihodi turistov,15
2020M08,Maribor,2.17 Latvija,Prenočitve turistov,17
2020M08,Maribor,2.18 Litva,Prihodi turistov,6
2020M08,Maribor,2.18 Litva,Prenočitve turistov,6
2020M08,Maribor,2.19 Luksemburg,Prihodi turistov,7
2020M08,Maribor,2.19 Luksemburg,Prenočitve turistov,9
2020M08,Maribor,2.20 Madžarska,Prihodi turistov,482
2020M08,Maribor,2.20 Madžarska,Prenočitve turistov,836
2020M08,Maribor,2.21 Makedonija,Prihodi turistov,40
2020M08,Maribor,2.21 Makedonija,Prenočitve turistov,282
2020M08,Maribor,2.22 Malta,Prihodi turistov,
2020M08,Maribor,2.22 Malta,Prenočitve turistov,
2020M08,Maribor,2.23 Nemčija,Prihodi turistov,2408
2020M08,Maribor,2.23 Nemčija,Prenočitve turistov,4020
2020M08,Maribor,2.24 Nizozemska,Prihodi turistov,416
2020M08,Maribor,2.24 Nizozemska,Prenočitve turistov,779
2020M08,Maribor,2.25 Norveška,Prihodi turistov,50
2020M08,Maribor,2.25 Norveška,Prenočitve turistov,63
2020M08,Maribor,2.26 Poljska,Prihodi turistov,2408
2020M08,Maribor,2.26 Poljska,Prenočitve turistov,2545
2020M08,Maribor,2.27 Portugalska,Prihodi turistov,9
2020M08,Maribor,2.27 Portugalska,Prenočitve turistov,16
2020M08,Maribor,2.28 Romunija,Prihodi turistov,319
2020M08,Maribor,2.28 Romunija,Prenočitve turistov,695
2020M08,Maribor,2.29 Ruska federacija,Prihodi turistov,42
2020M08,Maribor,2.29 Ruska federacija,Prenočitve turistov,118
2020M08,Maribor,2.30 Slovaška,Prihodi turistov,190
2020M08,Maribor,2.30 Slovaška,Prenočitve turistov,260
2020M08,Maribor,2.31 Srbija,Prihodi turistov,186
2020M08,Maribor,2.31 Srbija,Prenočitve turistov,694
2020M08,Maribor,2.32 Španija,Prihodi turistov,65
2020M08,Maribor,2.32 Španija,Prenočitve turistov,98
2020M08,Maribor,2.33 Švedska,Prihodi turistov,61
2020M08,Maribor,2.33 Švedska,Prenočitve turistov,72
2020M08,Maribor,2.34 Švica,Prihodi turistov,90
2020M08,Maribor,2.34 Švica,Prenočitve turistov,180
2020M08,Maribor,2.35 Turčija,Prihodi turistov,21
2020M08,Maribor,2.35 Turčija,Prenočitve turistov,55
2020M08,Maribor,2.36 Ukrajina,Prihodi turistov,83
2020M08,Maribor,2.36 Ukrajina,Prenočitve turistov,88
2020M08,Maribor,2.37 Združeno kraljestvo,Prihodi turistov,244
2020M08,Maribor,2.37 Združeno kraljestvo,Prenočitve turistov,343
2020M08,Maribor,2.38 Druge evropske države,Prihodi turistov,73
2020M08,Maribor,2.38 Druge evropske države,Prenočitve turistov,206
2020M08,Maribor,2.39 Južna Afrika,Prihodi turistov,1
2020M08,Maribor,2.39 Južna Afrika,Prenočitve turistov,1
2020M08,Maribor,2.40 Druge afriške države,Prihodi turistov,19
2020M08,Maribor,2.40 Druge afriške države,Prenočitve turistov,47
2020M08,Maribor,2.41 Avstralija,Prihodi turistov,7
2020M08,Maribor,2.41 Avstralija,Prenočitve turistov,10
2020M08,Maribor,2.42 Nova Zelandija,Prihodi turistov,5
2020M08,Maribor,2.42 Nova Zelandija,Prenočitve turistov,5
2020M08,Maribor,2.43 Druge države in ozemlja Oceanije,Prihodi turistov,1
2020M08,Maribor,2.43 Druge države in ozemlja Oceanije,Prenočitve turistov,4
2020M08,Maribor,2.44 Izrael,Prihodi turistov,1
2020M08,Maribor,2.44 Izrael,Prenočitve turistov,1
2020M08,Maribor,2.45 Japonska,Prihodi turistov,7
2020M08,Maribor,2.45 Japonska,Prenočitve turistov,10
2020M08,Maribor,2.46 Kitajska (Ljudska republika),Prihodi turistov,10
2020M08,Maribor,2.46 Kitajska (Ljudska republika),Prenočitve turistov,15
2020M08,Maribor,2.47 Koreja (Republika),Prihodi turistov,
2020M08,Maribor,2.47 Koreja (Republika),Prenočitve turistov,
2020M08,Maribor,2.48 Druge azijske države,Prihodi turistov,25
2020M08,Maribor,2.48 Druge azijske države,Prenočitve turistov,46
2020M08,Maribor,2.49 Brazilija,Prihodi turistov,9
2020M08,Maribor,2.49 Brazilija,Prenočitve turistov,9
2020M08,Maribor,2.50 Druge države Južne in Srednje Amerike,Prihodi turistov,16
2020M08,Maribor,2.50 Druge države Južne in Srednje Amerike,Prenočitve turistov,75
2020M08,Maribor,2.51 Kanada,Prihodi turistov,7
2020M08,Maribor,2.51 Kanada,Prenočitve turistov,19
2020M08,Maribor,2.52 Združene države (ZDA),Prihodi turistov,46
2020M08,Maribor,2.52 Združene države (ZDA),Prenočitve turistov,104
2020M08,Maribor,2.53 Druge države in ozemlja Severne Amerike,Prihodi turistov,
2020M08,Maribor,2.53 Druge države in ozemlja Severne Amerike,Prenočitve turistov,
2020M09,Maribor,0 Država - SKUPAJ,Prihodi turistov,8456
2020M09,Maribor,0 Država - SKUPAJ,Prenočitve turistov,20054
2020M09,Maribor,1 DOMAČI,Prihodi turistov,3871
2020M09,Maribor,1 DOMAČI,Prenočitve turistov,7307
2020M09,Maribor,2 TUJI,Prihodi turistov,4585
2020M09,Maribor,2 TUJI,Prenočitve turistov,12747
2020M09,Maribor,2.1 Avstrija,Prihodi turistov,644
2020M09,Maribor,2.1 Avstrija,Prenočitve turistov,942
2020M09,Maribor,2.2 Belgija,Prihodi turistov,22
2020M09,Maribor,2.2 Belgija,Prenočitve turistov,31
2020M09,Maribor,2.3 Bolgarija,Prihodi turistov,49
2020M09,Maribor,2.3 Bolgarija,Prenočitve turistov,99
2020M09,Maribor,2.4 Bosna in Hercegovina,Prihodi turistov,299
2020M09,Maribor,2.4 Bosna in Hercegovina,Prenočitve turistov,765
2020M09,Maribor,2.5 Ciper,Prihodi turistov,4
2020M09,Maribor,2.5 Ciper,Prenočitve turistov,18
2020M09,Maribor,2.6 Češka republika,Prihodi turistov,74
2020M09,Maribor,2.6 Češka republika,Prenočitve turistov,273
2020M09,Maribor,2.7 Črna gora,Prihodi turistov,31
2020M09,Maribor,2.7 Črna gora,Prenočitve turistov,139
2020M09,Maribor,2.8 Danska,Prihodi turistov,48
2020M09,Maribor,2.8 Danska,Prenočitve turistov,52
2020M09,Maribor,2.9 Estonija,Prihodi turistov,13
2020M09,Maribor,2.9 Estonija,Prenočitve turistov,15
2020M09,Maribor,2.10 Finska,Prihodi turistov,10
2020M09,Maribor,2.10 Finska,Prenočitve turistov,10
2020M09,Maribor,2.11 Francija,Prihodi turistov,68
2020M09,Maribor,2.11 Francija,Prenočitve turistov,166
2020M09,Maribor,2.12 Grčija,Prihodi turistov,20
2020M09,Maribor,2.12 Grčija,Prenočitve turistov,24
2020M09,Maribor,2.13 Hrvaška,Prihodi turistov,142
2020M09,Maribor,2.13 Hrvaška,Prenočitve turistov,574
2020M09,Maribor,2.14 Irska,Prihodi turistov,5
2020M09,Maribor,2.14 Irska,Prenočitve turistov,5
2020M09,Maribor,2.15 Islandija,Prihodi turistov,2
2020M09,Maribor,2.15 Islandija,Prenočitve turistov,2
2020M09,Maribor,2.16 Italija,Prihodi turistov,414
2020M09,Maribor,2.16 Italija,Prenočitve turistov,1932
2020M09,Maribor,2.17 Latvija,Prihodi turistov,11
2020M09,Maribor,2.17 Latvija,Prenočitve turistov,11
2020M09,Maribor,2.18 Litva,Prihodi turistov,6
2020M09,Maribor,2.18 Litva,Prenočitve turistov,14
2020M09,Maribor,2.19 Luksemburg,Prihodi turistov,1
2020M09,Maribor,2.19 Luksemburg,Prenočitve turistov,1
2020M09,Maribor,2.20 Madžarska,Prihodi turistov,68
2020M09,Maribor,2.20 Madžarska,Prenočitve turistov,280
2020M09,Maribor,2.21 Makedonija,Prihodi turistov,65
2020M09,Maribor,2.21 Makedonija,Prenočitve turistov,618
2020M09,Maribor,2.22 Malta,Prihodi turistov,
2020M09,Maribor,2.22 Malta,Prenočitve turistov,
2020M09,Maribor,2.23 Nemčija,Prihodi turistov,1305
2020M09,Maribor,2.23 Nemčija,Prenočitve turistov,2730
2020M09,Maribor,2.24 Nizozemska,Prihodi turistov,103
2020M09,Maribor,2.24 Nizozemska,Prenočitve turistov,178
2020M09,Maribor,2.25 Norveška,Prihodi turistov,4
2020M09,Maribor,2.25 Norveška,Prenočitve turistov,20
2020M09,Maribor,2.26 Poljska,Prihodi turistov,146
2020M09,Maribor,2.26 Poljska,Prenočitve turistov,158
2020M09,Maribor,2.27 Portugalska,Prihodi turistov,22
2020M09,Maribor,2.27 Portugalska,Prenočitve turistov,96
2020M09,Maribor,2.28 Romunija,Prihodi turistov,115
2020M09,Maribor,2.28 Romunija,Prenočitve turistov,694
2020M09,Maribor,2.29 Ruska federacija,Prihodi turistov,38
2020M09,Maribor,2.29 Ruska federacija,Prenočitve turistov,191
2020M09,Maribor,2.30 Slovaška,Prihodi turistov,195
2020M09,Maribor,2.30 Slovaška,Prenočitve turistov,365
2020M09,Maribor,2.31 Srbija,Prihodi turistov,263
2020M09,Maribor,2.31 Srbija,Prenočitve turistov,1249
2020M09,Maribor,2.32 Španija,Prihodi turistov,34
2020M09,Maribor,2.32 Španija,Prenočitve turistov,213
2020M09,Maribor,2.33 Švedska,Prihodi turistov,22
2020M09,Maribor,2.33 Švedska,Prenočitve turistov,33
2020M09,Maribor,2.34 Švica,Prihodi turistov,47
2020M09,Maribor,2.34 Švica,Prenočitve turistov,168
2020M09,Maribor,2.35 Turčija,Prihodi turistov,11
2020M09,Maribor,2.35 Turčija,Prenočitve turistov,59
2020M09,Maribor,2.36 Ukrajina,Prihodi turistov,48
2020M09,Maribor,2.36 Ukrajina,Prenočitve turistov,52
2020M09,Maribor,2.37 Združeno kraljestvo,Prihodi turistov,96
2020M09,Maribor,2.37 Združeno kraljestvo,Prenočitve turistov,163
2020M09,Maribor,2.38 Druge evropske države,Prihodi turistov,57
2020M09,Maribor,2.38 Druge evropske države,Prenočitve turistov,135
2020M09,Maribor,2.39 Južna Afrika,Prihodi turistov,1
2020M09,Maribor,2.39 Južna Afrika,Prenočitve turistov,1
2020M09,Maribor,2.40 Druge afriške države,Prihodi turistov,3
2020M09,Maribor,2.40 Druge afriške države,Prenočitve turistov,39
2020M09,Maribor,2.41 Avstralija,Prihodi turistov,5
2020M09,Maribor,2.41 Avstralija,Prenočitve turistov,5
2020M09,Maribor,2.42 Nova Zelandija,Prihodi turistov,1
2020M09,Maribor,2.42 Nova Zelandija,Prenočitve turistov,4
2020M09,Maribor,2.43 Druge države in ozemlja Oceanije,Prihodi turistov,
2020M09,Maribor,2.43 Druge države in ozemlja Oceanije,Prenočitve turistov,
2020M09,Maribor,2.44 Izrael,Prihodi turistov,5
2020M09,Maribor,2.44 Izrael,Prenočitve turistov,5
2020M09,Maribor,2.45 Japonska,Prihodi turistov,1
2020M09,Maribor,2.45 Japonska,Prenočitve turistov,1
2020M09,Maribor,2.46 Kitajska (Ljudska republika),Prihodi turistov,6
2020M09,Maribor,2.46 Kitajska (Ljudska republika),Prenočitve turistov,21
2020M09,Maribor,2.47 Koreja (Republika),Prihodi turistov,
2020M09,Maribor,2.47 Koreja (Republika),Prenočitve turistov,
2020M09,Maribor,2.48 Druge azijske države,Prihodi turistov,21
2020M09,Maribor,2.48 Druge azijske države,Prenočitve turistov,40
2020M09,Maribor,2.49 Brazilija,Prihodi turistov,6
2020M09,Maribor,2.49 Brazilija,Prenočitve turistov,7
2020M09,Maribor,2.50 Druge države Južne in Srednje Amerike,Prihodi turistov,11
2020M09,Maribor,2.50 Druge države Južne in Srednje Amerike,Prenočitve turistov,62
2020M09,Maribor,2.51 Kanada,Prihodi turistov,11
2020M09,Maribor,2.51 Kanada,Prenočitve turistov,28
2020M09,Maribor,2.52 Združene države (ZDA),Prihodi turistov,12
2020M09,Maribor,2.52 Združene države (ZDA),Prenočitve turistov,59
2020M09,Maribor,2.53 Druge države in ozemlja Severne Amerike,Prihodi turistov,
2020M09,Maribor,2.53 Druge države in ozemlja Severne Amerike,Prenočitve turistov,
2020M10,Maribor,0 Država - SKUPAJ,Prihodi turistov,4316
2020M10,Maribor,0 Država - SKUPAJ,Prenočitve turistov,17605
2020M10,Maribor,1 DOMAČI,Prihodi turistov,1928
2020M10,Maribor,1 DOMAČI,Prenočitve turistov,4119
2020M10,Maribor,2 TUJI,Prihodi turistov,2388
2020M10,Maribor,2 TUJI,Prenočitve turistov,13486
2020M10,Maribor,2.1 Avstrija,Prihodi turistov,309
2020M10,Maribor,2.1 Avstrija,Prenočitve turistov,574
2020M10,Maribor,2.2 Belgija,Prihodi turistov,25
2020M10,Maribor,2.2 Belgija,Prenočitve turistov,92
2020M10,Maribor,2.3 Bolgarija,Prihodi turistov,15
2020M10,Maribor,2.3 Bolgarija,Prenočitve turistov,88
2020M10,Maribor,2.4 Bosna in Hercegovina,Prihodi turistov,202
2020M10,Maribor,2.4 Bosna in Hercegovina,Prenočitve turistov,1152
2020M10,Maribor,2.5 Ciper,Prihodi turistov,1
2020M10,Maribor,2.5 Ciper,Prenočitve turistov,3
2020M10,Maribor,2.6 Češka republika,Prihodi turistov,30
2020M10,Maribor,2.6 Češka republika,Prenočitve turistov,234
2020M10,Maribor,2.7 Črna gora,Prihodi turistov,30
2020M10,Maribor,2.7 Črna gora,Prenočitve turistov,630
2020M10,Maribor,2.8 Danska,Prihodi turistov,7
2020M10,Maribor,2.8 Danska,Prenočitve turistov,9
2020M10,Maribor,2.9 Estonija,Prihodi turistov,4
2020M10,Maribor,2.9 Estonija,Prenočitve turistov,8
2020M10,Maribor,2.10 Finska,Prihodi turistov,4
2020M10,Maribor,2.10 Finska,Prenočitve turistov,32
2020M10,Maribor,2.11 Francija,Prihodi turistov,66
2020M10,Maribor,2.11 Francija,Prenočitve turistov,511
2020M10,Maribor,2.12 Grčija,Prihodi turistov,4
2020M10,Maribor,2.12 Grčija,Prenočitve turistov,5
2020M10,Maribor,2.13 Hrvaška,Prihodi turistov,163
2020M10,Maribor,2.13 Hrvaška,Prenočitve turistov,838
2020M10,Maribor,2.14 Irska,Prihodi turistov,25
2020M10,Maribor,2.14 Irska,Prenočitve turistov,69
2020M10,Maribor,2.15 Islandija,Prihodi turistov,
2020M10,Maribor,2.15 Islandija,Prenočitve turistov,
2020M10,Maribor,2.16 Italija,Prihodi turistov,209
2020M10,Maribor,2.16 Italija,Prenočitve turistov,716
2020M10,Maribor,2.17 Latvija,Prihodi turistov,2
2020M10,Maribor,2.17 Latvija,Prenočitve turistov,2
2020M10,Maribor,2.18 Litva,Prihodi turistov,2
2020M10,Maribor,2.18 Litva,Prenočitve turistov,91
2020M10,Maribor,2.19 Luksemburg,Prihodi turistov,2
2020M10,Maribor,2.19 Luksemburg,Prenočitve turistov,2
2020M10,Maribor,2.20 Madžarska,Prihodi turistov,34
2020M10,Maribor,2.20 Madžarska,Prenočitve turistov,226
2020M10,Maribor,2.21 Makedonija,Prihodi turistov,15
2020M10,Maribor,2.21 Makedonija,Prenočitve turistov,1326
2020M10,Maribor,2.22 Malta,Prihodi turistov,
2020M10,Maribor,2.22 Malta,Prenočitve turistov,
2020M10,Maribor,2.23 Nemčija,Prihodi turistov,354
2020M10,Maribor,2.23 Nemčija,Prenočitve turistov,1365
2020M10,Maribor,2.24 Nizozemska,Prihodi turistov,24
2020M10,Maribor,2.24 Nizozemska,Prenočitve turistov,65
2020M10,Maribor,2.25 Norveška,Prihodi turistov,1
2020M10,Maribor,2.25 Norveška,Prenočitve turistov,7
2020M10,Maribor,2.26 Poljska,Prihodi turistov,75
2020M10,Maribor,2.26 Poljska,Prenočitve turistov,187
2020M10,Maribor,2.27 Portugalska,Prihodi turistov,4
2020M10,Maribor,2.27 Portugalska,Prenočitve turistov,271
2020M10,Maribor,2.28 Romunija,Prihodi turistov,115
2020M10,Maribor,2.28 Romunija,Prenočitve turistov,411
2020M10,Maribor,2.29 Ruska federacija,Prihodi turistov,13
2020M10,Maribor,2.29 Ruska federacija,Prenočitve turistov,278
2020M10,Maribor,2.30 Slovaška,Prihodi turistov,74
2020M10,Maribor,2.30 Slovaška,Prenočitve turistov,170
2020M10,Maribor,2.31 Srbija,Prihodi turistov,249
2020M10,Maribor,2.31 Srbija,Prenočitve turistov,2150
2020M10,Maribor,2.32 Španija,Prihodi turistov,36
2020M10,Maribor,2.32 Španija,Prenočitve turistov,521
2020M10,Maribor,2.33 Švedska,Prihodi turistov,8
2020M10,Maribor,2.33 Švedska,Prenočitve turistov,21
2020M10,Maribor,2.34 Švica,Prihodi turistov,25
2020M10,Maribor,2.34 Švica,Prenočitve turistov,77
2020M10,Maribor,2.35 Turčija,Prihodi turistov,6
2020M10,Maribor,2.35 Turčija,Prenočitve turistov,109
2020M10,Maribor,2.36 Ukrajina,Prihodi turistov,39
2020M10,Maribor,2.36 Ukrajina,Prenočitve turistov,110
2020M10,Maribor,2.37 Združeno kraljestvo,Prihodi turistov,92
2020M10,Maribor,2.37 Združeno kraljestvo,Prenočitve turistov,513
2020M10,Maribor,2.38 Druge evropske države,Prihodi turistov,26
2020M10,Maribor,2.38 Druge evropske države,Prenočitve turistov,104
2020M10,Maribor,2.39 Južna Afrika,Prihodi turistov,2
2020M10,Maribor,2.39 Južna Afrika,Prenočitve turistov,13
2020M10,Maribor,2.40 Druge afriške države,Prihodi turistov,3
2020M10,Maribor,2.40 Druge afriške države,Prenočitve turistov,4
2020M10,Maribor,2.41 Avstralija,Prihodi turistov,12
2020M10,Maribor,2.41 Avstralija,Prenočitve turistov,74
2020M10,Maribor,2.42 Nova Zelandija,Prihodi turistov,5
2020M10,Maribor,2.42 Nova Zelandija,Prenočitve turistov,33
2020M10,Maribor,2.43 Druge države in ozemlja Oceanije,Prihodi turistov,
2020M10,Maribor,2.43 Druge države in ozemlja Oceanije,Prenočitve turistov,
2020M10,Maribor,2.44 Izrael,Prihodi turistov,1
2020M10,Maribor,2.44 Izrael,Prenočitve turistov,2
2020M10,Maribor,2.45 Japonska,Prihodi turistov,2
2020M10,Maribor,2.45 Japonska,Prenočitve turistov,3
2020M10,Maribor,2.46 Kitajska (Ljudska republika),Prihodi turistov,1
2020M10,Maribor,2.46 Kitajska (Ljudska republika),Prenočitve turistov,1
2020M10,Maribor,2.47 Koreja (Republika),Prihodi turistov,1
2020M10,Maribor,2.47 Koreja (Republika),Prenočitve turistov,1
2020M10,Maribor,2.48 Druge azijske države,Prihodi turistov,5
2020M10,Maribor,2.48 Druge azijske države,Prenočitve turistov,12
2020M10,Maribor,2.49 Brazilija,Prihodi turistov,
2020M10,Maribor,2.49 Brazilija,Prenočitve turistov,
2020M10,Maribor,2.50 Druge države Južne in Srednje Amerike,Prihodi turistov,11
2020M10,Maribor,2.50 Druge države Južne in Srednje Amerike,Prenočitve turistov,53
2020M10,Maribor,2.51 Kanada,Prihodi turistov,14
2020M10,Maribor,2.51 Kanada,Prenočitve turistov,93
2020M10,Maribor,2.52 Združene države (ZDA),Prihodi turistov,41
2020M10,Maribor,2.52 Združene države (ZDA),Prenočitve turistov,230
2020M10,Maribor,2.53 Druge države in ozemlja Severne Amerike,Prihodi turistov,
2020M10,Maribor,2.53 Druge države in ozemlja Severne Amerike,Prenočitve turistov,
2020M11,Maribor,0 Država - SKUPAJ,Prihodi turistov,979
2020M11,Maribor,0 Država - SKUPAJ,Prenočitve turistov,9581
2020M11,Maribor,1 DOMAČI,Prihodi turistov,315
2020M11,Maribor,1 DOMAČI,Prenočitve turistov,945
2020M11,Maribor,2 TUJI,Prihodi turistov,664
2020M11,Maribor,2 TUJI,Prenočitve turistov,8636
2020M11,Maribor,2.1 Avstrija,Prihodi turistov,49
2020M11,Maribor,2.1 Avstrija,Prenočitve turistov,120
2020M11,Maribor,2.2 Belgija,Prihodi turistov,6
2020M11,Maribor,2.2 Belgija,Prenočitve turistov,7
2020M11,Maribor,2.3 Bolgarija,Prihodi turistov,7
2020M11,Maribor,2.3 Bolgarija,Prenočitve turistov,27
2020M11,Maribor,2.4 Bosna in Hercegovina,Prihodi turistov,72
2020M11,Maribor,2.4 Bosna in Hercegovina,Prenočitve turistov,796
2020M11,Maribor,2.5 Ciper,Prihodi turistov,
2020M11,Maribor,2.5 Ciper,Prenočitve turistov,
2020M11,Maribor,2.6 Češka republika,Prihodi turistov,117
2020M11,Maribor,2.6 Češka republika,Prenočitve turistov,1186
2020M11,Maribor,2.7 Črna gora,Prihodi turistov,2
2020M11,Maribor,2.7 Črna gora,Prenočitve turistov,632
2020M11,Maribor,2.8 Danska,Prihodi turistov,2
2020M11,Maribor,2.8 Danska,Prenočitve turistov,2
2020M11,Maribor,2.9 Estonija,Prihodi turistov,
2020M11,Maribor,2.9 Estonija,Prenočitve turistov,
2020M11,Maribor,2.10 Finska,Prihodi turistov,2
2020M11,Maribor,2.10 Finska,Prenočitve turistov,27
2020M11,Maribor,2.11 Francija,Prihodi turistov,1
2020M11,Maribor,2.11 Francija,Prenočitve turistov,181
2020M11,Maribor,2.12 Grčija,Prihodi turistov,5
2020M11,Maribor,2.12 Grčija,Prenočitve turistov,65
2020M11,Maribor,2.13 Hrvaška,Prihodi turistov,74
2020M11,Maribor,2.13 Hrvaška,Prenočitve turistov,572
2020M11,Maribor,2.14 Irska,Prihodi turistov,
2020M11,Maribor,2.14 Irska,Prenočitve turistov,
2020M11,Maribor,2.15 Islandija,Prihodi turistov,
2020M11,Maribor,2.15 Islandija,Prenočitve turistov,
2020M11,Maribor,2.16 Italija,Prihodi turistov,62
2020M11,Maribor,2.16 Italija,Prenočitve turistov,290
2020M11,Maribor,2.17 Latvija,Prihodi turistov,1
2020M11,Maribor,2.17 Latvija,Prenočitve turistov,2
2020M11,Maribor,2.18 Litva,Prihodi turistov,0
2020M11,Maribor,2.18 Litva,Prenočitve turistov,90
2020M11,Maribor,2.19 Luksemburg,Prihodi turistov,
2020M11,Maribor,2.19 Luksemburg,Prenočitve turistov,
2020M11,Maribor,2.20 Madžarska,Prihodi turistov,23
2020M11,Maribor,2.20 Madžarska,Prenočitve turistov,114
2020M11,Maribor,2.21 Makedonija,Prihodi turistov,6
2020M11,Maribor,2.21 Makedonija,Prenočitve turistov,1177
2020M11,Maribor,2.22 Malta,Prihodi turistov,
2020M11,Maribor,2.22 Malta,Prenočitve turistov,
2020M11,Maribor,2.23 Nemčija,Prihodi turistov,45
2020M11,Maribor,2.23 Nemčija,Prenočitve turistov,438
2020M11,Maribor,2.24 Nizozemska,Prihodi turistov,3
2020M11,Maribor,2.24 Nizozemska,Prenočitve turistov,4
2020M11,Maribor,2.25 Norveška,Prihodi turistov,
2020M11,Maribor,2.25 Norveška,Prenočitve turistov,
2020M11,Maribor,2.26 Poljska,Prihodi turistov,18
2020M11,Maribor,2.26 Poljska,Prenočitve turistov,98
2020M11,Maribor,2.27 Portugalska,Prihodi turistov,2
2020M11,Maribor,2.27 Portugalska,Prenočitve turistov,276
2020M11,Maribor,2.28 Romunija,Prihodi turistov,17
2020M11,Maribor,2.28 Romunija,Prenočitve turistov,34
2020M11,Maribor,2.29 Ruska federacija,Prihodi turistov,38
2020M11,Maribor,2.29 Ruska federacija,Prenočitve turistov,272
2020M11,Maribor,2.30 Slovaška,Prihodi turistov,34
2020M11,Maribor,2.30 Slovaška,Prenočitve turistov,82
2020M11,Maribor,2.31 Srbija,Prihodi turistov,34
2020M11,Maribor,2.31 Srbija,Prenočitve turistov,1386
2020M11,Maribor,2.32 Španija,Prihodi turistov,1
2020M11,Maribor,2.32 Španija,Prenočitve turistov,421
2020M11,Maribor,2.33 Švedska,Prihodi turistov,5
2020M11,Maribor,2.33 Švedska,Prenočitve turistov,11
2020M11,Maribor,2.34 Švica,Prihodi turistov,5
2020M11,Maribor,2.34 Švica,Prenočitve turistov,5
2020M11,Maribor,2.35 Turčija,Prihodi turistov,0
2020M11,Maribor,2.35 Turčija,Prenočitve turistov,111
2020M11,Maribor,2.36 Ukrajina,Prihodi turistov,8
2020M11,Maribor,2.36 Ukrajina,Prenočitve turistov,56
2020M11,Maribor,2.37 Združeno kraljestvo,Prihodi turistov,8
2020M11,Maribor,2.37 Združeno kraljestvo,Prenočitve turistov,33
2020M11,Maribor,2.38 Druge evropske države,Prihodi turistov,10
2020M11,Maribor,2.38 Druge evropske države,Prenočitve turistov,60
2020M11,Maribor,2.39 Južna Afrika,Prihodi turistov,
2020M11,Maribor,2.39 Južna Afrika,Prenočitve turistov,
2020M11,Maribor,2.40 Druge afriške države,Prihodi turistov,
2020M11,Maribor,2.40 Druge afriške države,Prenočitve turistov,
2020M11,Maribor,2.41 Avstralija,Prihodi turistov,
2020M11,Maribor,2.41 Avstralija,Prenočitve turistov,
2020M11,Maribor,2.42 Nova Zelandija,Prihodi turistov,
2020M11,Maribor,2.42 Nova Zelandija,Prenočitve turistov,
2020M11,Maribor,2.43 Druge države in ozemlja Oceanije,Prihodi turistov,
2020M11,Maribor,2.43 Druge države in ozemlja Oceanije,Prenočitve turistov,
2020M11,Maribor,2.44 Izrael,Prihodi turistov,
2020M11,Maribor,2.44 Izrael,Prenočitve turistov,
2020M11,Maribor,2.45 Japonska,Prihodi turistov,
2020M11,Maribor,2.45 Japonska,Prenočitve turistov,
2020M11,Maribor,2.46 Kitajska (Ljudska republika),Prihodi turistov,1
2020M11,Maribor,2.46 Kitajska (Ljudska republika),Prenočitve turistov,22
2020M11,Maribor,2.47 Koreja (Republika),Prihodi turistov,
2020M11,Maribor,2.47 Koreja (Republika),Prenočitve turistov,
2020M11,Maribor,2.48 Druge azijske države,Prihodi turistov,2
2020M11,Maribor,2.48 Druge azijske države,Prenočitve turistov,2
2020M11,Maribor,2.49 Brazilija,Prihodi turistov,
2020M11,Maribor,2.49 Brazilija,Prenočitve turistov,
2020M11,Maribor,2.50 Druge države Južne in Srednje Amerike,Prihodi turistov,2
2020M11,Maribor,2.50 Druge države Južne in Srednje Amerike,Prenočitve turistov,20
2020M11,Maribor,2.51 Kanada,Prihodi turistov,2
2020M11,Maribor,2.51 Kanada,Prenočitve turistov,2
2020M11,Maribor,2.52 Združene države (ZDA),Prihodi turistov,0
2020M11,Maribor,2.52 Združene države (ZDA),Prenočitve turistov,15
2020M11,Maribor,2.53 Druge države in ozemlja Severne Amerike,Prihodi turistov,
2020M11,Maribor,2.53 Druge države in ozemlja Severne Amerike,Prenočitve turistov,
2020M12,Maribor,0 Država - SKUPAJ,Prihodi turistov,560
2020M12,Maribor,0 Država - SKUPAJ,Prenočitve turistov,6283
2020M12,Maribor,1 DOMAČI,Prihodi turistov,174
2020M12,Maribor,1 DOMAČI,Prenočitve turistov,579
2020M12,Maribor,2 TUJI,Prihodi turistov,386
2020M12,Maribor,2 TUJI,Prenočitve turistov,5704
2020M12,Maribor,2.1 Avstrija,Prihodi turistov,34
2020M12,Maribor,2.1 Avstrija,Prenočitve turistov,88
2020M12,Maribor,2.2 Belgija,Prihodi turistov,3
2020M12,Maribor,2.2 Belgija,Prenočitve turistov,3
2020M12,Maribor,2.3 Bolgarija,Prihodi turistov,12
2020M12,Maribor,2.3 Bolgarija,Prenočitve turistov,21
2020M12,Maribor,2.4 Bosna in Hercegovina,Prihodi turistov,45
2020M12,Maribor,2.4 Bosna in Hercegovina,Prenočitve turistov,462
2020M12,Maribor,2.5 Ciper,Prihodi turistov,
2020M12,Maribor,2.5 Ciper,Prenočitve turistov,
2020M12,Maribor,2.6 Češka republika,Prihodi turistov,49
2020M12,Maribor,2.6 Češka republika,Prenočitve turistov,254
2020M12,Maribor,2.7 Črna gora,Prihodi turistov,5
2020M12,Maribor,2.7 Črna gora,Prenočitve turistov,583
2020M12,Maribor,2.8 Danska,Prihodi turistov,
2020M12,Maribor,2.8 Danska,Prenočitve turistov,
2020M12,Maribor,2.9 Estonija,Prihodi turistov,
2020M12,Maribor,2.9 Estonija,Prenočitve turistov,
2020M12,Maribor,2.10 Finska,Prihodi turistov,
2020M12,Maribor,2.10 Finska,Prenočitve turistov,
2020M12,Maribor,2.11 Francija,Prihodi turistov,4
2020M12,Maribor,2.11 Francija,Prenočitve turistov,164
2020M12,Maribor,2.12 Grčija,Prihodi turistov,1
2020M12,Maribor,2.12 Grčija,Prenočitve turistov,1
2020M12,Maribor,2.13 Hrvaška,Prihodi turistov,17
2020M12,Maribor,2.13 Hrvaška,Prenočitve turistov,332
2020M12,Maribor,2.14 Irska,Prihodi turistov,
2020M12,Maribor,2.14 Irska,Prenočitve turistov,
2020M12,Maribor,2.15 Islandija,Prihodi turistov,
2020M12,Maribor,2.15 Islandija,Prenočitve turistov,
2020M12,Maribor,2.16 Italija,Prihodi turistov,38
2020M12,Maribor,2.16 Italija,Prenočitve turistov,132
2020M12,Maribor,2.17 Latvija,Prihodi turistov,
2020M12,Maribor,2.17 Latvija,Prenočitve turistov,
2020M12,Maribor,2.18 Litva,Prihodi turistov,0
2020M12,Maribor,2.18 Litva,Prenočitve turistov,65
2020M12,Maribor,2.19 Luksemburg,Prihodi turistov,3
2020M12,Maribor,2.19 Luksemburg,Prenočitve turistov,3
2020M12,Maribor,2.20 Madžarska,Prihodi turistov,27
2020M12,Maribor,2.20 Madžarska,Prenočitve turistov,123
2020M12,Maribor,2.21 Makedonija,Prihodi turistov,8
2020M12,Maribor,2.21 Makedonija,Prenočitve turistov,899
2020M12,Maribor,2.22 Malta,Prihodi turistov,
2020M12,Maribor,2.22 Malta,Prenočitve turistov,
2020M12,Maribor,2.23 Nemčija,Prihodi turistov,25
2020M12,Maribor,2.23 Nemčija,Prenočitve turistov,401
2020M12,Maribor,2.24 Nizozemska,Prihodi turistov,2
2020M12,Maribor,2.24 Nizozemska,Prenočitve turistov,2
2020M12,Maribor,2.25 Norveška,Prihodi turistov,
2020M12,Maribor,2.25 Norveška,Prenočitve turistov,
2020M12,Maribor,2.26 Poljska,Prihodi turistov,19
2020M12,Maribor,2.26 Poljska,Prenočitve turistov,72
2020M12,Maribor,2.27 Portugalska,Prihodi turistov,0
2020M12,Maribor,2.27 Portugalska,Prenočitve turistov,279
2020M12,Maribor,2.28 Romunija,Prihodi turistov,10
2020M12,Maribor,2.28 Romunija,Prenočitve turistov,10
2020M12,Maribor,2.29 Ruska federacija,Prihodi turistov,15
2020M12,Maribor,2.29 Ruska federacija,Prenočitve turistov,101
2020M12,Maribor,2.30 Slovaška,Prihodi turistov,15
2020M12,Maribor,2.30 Slovaška,Prenočitve turistov,66
2020M12,Maribor,2.31 Srbija,Prihodi turistov,24
2020M12,Maribor,2.31 Srbija,Prenočitve turistov,1015
2020M12,Maribor,2.32 Španija,Prihodi turistov,4
2020M12,Maribor,2.32 Španija,Prenočitve turistov,424
2020M12,Maribor,2.33 Švedska,Prihodi turistov,1
2020M12,Maribor,2.33 Švedska,Prenočitve turistov,1
2020M12,Maribor,2.34 Švica,Prihodi turistov,
2020M12,Maribor,2.34 Švica,Prenočitve turistov,
2020M12,Maribor,2.35 Turčija,Prihodi turistov,0
2020M12,Maribor,2.35 Turčija,Prenočitve turistov,67
2020M12,Maribor,2.36 Ukrajina,Prihodi turistov,5
2020M12,Maribor,2.36 Ukrajina,Prenočitve turistov,33
2020M12,Maribor,2.37 Združeno kraljestvo,Prihodi turistov,3
2020M12,Maribor,2.37 Združeno kraljestvo,Prenočitve turistov,14
2020M12,Maribor,2.38 Druge evropske države,Prihodi turistov,11
2020M12,Maribor,2.38 Druge evropske države,Prenočitve turistov,11
2020M12,Maribor,2.39 Južna Afrika,Prihodi turistov,
2020M12,Maribor,2.39 Južna Afrika,Prenočitve turistov,
2020M12,Maribor,2.40 Druge afriške države,Prihodi turistov,
2020M12,Maribor,2.40 Druge afriške države,Prenočitve turistov,
2020M12,Maribor,2.41 Avstralija,Prihodi turistov,
2020M12,Maribor,2.41 Avstralija,Prenočitve turistov,
2020M12,Maribor,2.42 Nova Zelandija,Prihodi turistov,
2020M12,Maribor,2.42 Nova Zelandija,Prenočitve turistov,
2020M12,Maribor,2.43 Druge države in ozemlja Oceanije,Prihodi turistov,
2020M12,Maribor,2.43 Druge države in ozemlja Oceanije,Prenočitve turistov,
2020M12,Maribor,2.44 Izrael,Prihodi turistov,
2020M12,Maribor,2.44 Izrael,Prenočitve turistov,
2020M12,Maribor,2.45 Japonska,Prihodi turistov,
2020M12,Maribor,2.45 Japonska,Prenočitve turistov,
2020M12,Maribor,2.46 Kitajska (Ljudska republika),Prihodi turistov,0
2020M12,Maribor,2.46 Kitajska (Ljudska republika),Prenočitve turistov,3
2020M12,Maribor,2.47 Koreja (Republika),Prihodi turistov,2
2020M12,Maribor,2.47 Koreja (Republika),Prenočitve turistov,6
2020M12,Maribor,2.48 Druge azijske države,Prihodi turistov,3
2020M12,Maribor,2.48 Druge azijske države,Prenočitve turistov,37
2020M12,Maribor,2.49 Brazilija,Prihodi turistov,1
2020M12,Maribor,2.49 Brazilija,Prenočitve turistov,1
2020M12,Maribor,2.50 Druge države Južne in Srednje Amerike,Prihodi turistov,0
2020M12,Maribor,2.50 Druge države Južne in Srednje Amerike,Prenočitve turistov,31
2020M12,Maribor,2.51 Kanada,Prihodi turistov,
2020M12,Maribor,2.51 Kanada,Prenočitve turistov,
2020M12,Maribor,2.52 Združene države (ZDA),Prihodi turistov,
2020M12,Maribor,2.52 Združene države (ZDA),Prenočitve turistov,
2020M12,Maribor,2.53 Druge države in ozemlja Severne Amerike,Prihodi turistov,
2020M12,Maribor,2.53 Druge države in ozemlja Severne Amerike,Prenočitve turistov,
2021M01,Maribor,0 Država - SKUPAJ,Prihodi turistov,655
2021M01,Maribor,0 Država - SKUPAJ,Prenočitve turistov,3960
2021M01,Maribor,1 DOMAČI,Prihodi turistov,201
2021M01,Maribor,1 DOMAČI,Prenočitve turistov,510
2021M01,Maribor,2 TUJI,Prihodi turistov,454
2021M01,Maribor,2 TUJI,Prenočitve turistov,3450
2021M01,Maribor,2.1 Avstrija,Prihodi turistov,55
2021M01,Maribor,2.1 Avstrija,Prenočitve turistov,107
2021M01,Maribor,2.2 Belgija,Prihodi turistov,2
2021M01,Maribor,2.2 Belgija,Prenočitve turistov,2
2021M01,Maribor,2.3 Bolgarija,Prihodi turistov,3
2021M01,Maribor,2.3 Bolgarija,Prenočitve turistov,3
2021M01,Maribor,2.4 Bosna in Hercegovina,Prihodi turistov,44
2021M01,Maribor,2.4 Bosna in Hercegovina,Prenočitve turistov,192
2021M01,Maribor,2.5 Ciper,Prihodi turistov,
2021M01,Maribor,2.5 Ciper,Prenočitve turistov,
2021M01,Maribor,2.6 Češka republika,Prihodi turistov,3
2021M01,Maribor,2.6 Češka republika,Prenočitve turistov,29
2021M01,Maribor,2.7 Črna gora,Prihodi turistov,16
2021M01,Maribor,2.7 Črna gora,Prenočitve turistov,333
2021M01,Maribor,2.8 Danska,Prihodi turistov,2
2021M01,Maribor,2.8 Danska,Prenočitve turistov,3
2021M01,Maribor,2.9 Estonija,Prihodi turistov,1
2021M01,Maribor,2.9 Estonija,Prenočitve turistov,1
2021M01,Maribor,2.10 Finska,Prihodi turistov,
2021M01,Maribor,2.10 Finska,Prenočitve turistov,
2021M01,Maribor,2.11 Francija,Prihodi turistov,3
2021M01,Maribor,2.11 Francija,Prenočitve turistov,127
2021M01,Maribor,2.12 Grčija,Prihodi turistov,
2021M01,Maribor,2.12 Grčija,Prenočitve turistov,
2021M01,Maribor,2.13 Hrvaška,Prihodi turistov,46
2021M01,Maribor,2.13 Hrvaška,Prenočitve turistov,159
2021M01,Maribor,2.14 Irska,Prihodi turistov,
2021M01,Maribor,2.14 Irska,Prenočitve turistov,
2021M01,Maribor,2.15 Islandija,Prihodi turistov,
2021M01,Maribor,2.15 Islandija,Prenočitve turistov,
2021M01,Maribor,2.16 Italija,Prihodi turistov,34
2021M01,Maribor,2.16 Italija,Prenočitve turistov,98
2021M01,Maribor,2.17 Latvija,Prihodi turistov,
2021M01,Maribor,2.17 Latvija,Prenočitve turistov,
2021M01,Maribor,2.18 Litva,Prihodi turistov,0
2021M01,Maribor,2.18 Litva,Prenočitve turistov,31
2021M01,Maribor,2.19 Luksemburg,Prihodi turistov,
2021M01,Maribor,2.19 Luksemburg,Prenočitve turistov,
2021M01,Maribor,2.20 Madžarska,Prihodi turistov,21
2021M01,Maribor,2.20 Madžarska,Prenočitve turistov,112
2021M01,Maribor,2.21 Makedonija,Prihodi turistov,6
2021M01,Maribor,2.21 Makedonija,Prenočitve turistov,205
2021M01,Maribor,2.22 Malta,Prihodi turistov,
2021M01,Maribor,2.22 Malta,Prenočitve turistov,
2021M01,Maribor,2.23 Nemčija,Prihodi turistov,62
2021M01,Maribor,2.23 Nemčija,Prenočitve turistov,490
2021M01,Maribor,2.24 Nizozemska,Prihodi turistov,8
2021M01,Maribor,2.24 Nizozemska,Prenočitve turistov,16
2021M01,Maribor,2.25 Norveška,Prihodi turistov,
2021M01,Maribor,2.25 Norveška,Prenočitve turistov,
2021M01,Maribor,2.26 Poljska,Prihodi turistov,10
2021M01,Maribor,2.26 Poljska,Prenočitve turistov,17
2021M01,Maribor,2.27 Portugalska,Prihodi turistov,1
2021M01,Maribor,2.27 Portugalska,Prenočitve turistov,259
2021M01,Maribor,2.28 Romunija,Prihodi turistov,11
2021M01,Maribor,2.28 Romunija,Prenočitve turistov,11
2021M01,Maribor,2.29 Ruska federacija,Prihodi turistov,7
2021M01,Maribor,2.29 Ruska federacija,Prenočitve turistov,36
2021M01,Maribor,2.30 Slovaška,Prihodi turistov,22
2021M01,Maribor,2.30 Slovaška,Prenočitve turistov,57
2021M01,Maribor,2.31 Srbija,Prihodi turistov,49
2021M01,Maribor,2.31 Srbija,Prenočitve turistov,447
2021M01,Maribor,2.32 Španija,Prihodi turistov,3
2021M01,Maribor,2.32 Španija,Prenočitve turistov,406
2021M01,Maribor,2.33 Švedska,Prihodi turistov,1
2021M01,Maribor,2.33 Švedska,Prenočitve turistov,1
2021M01,Maribor,2.34 Švica,Prihodi turistov,4
2021M01,Maribor,2.34 Švica,Prenočitve turistov,6
2021M01,Maribor,2.35 Turčija,Prihodi turistov,0
2021M01,Maribor,2.35 Turčija,Prenočitve turistov,31
2021M01,Maribor,2.36 Ukrajina,Prihodi turistov,5
2021M01,Maribor,2.36 Ukrajina,Prenočitve turistov,12
2021M01,Maribor,2.37 Združeno kraljestvo,Prihodi turistov,3
2021M01,Maribor,2.37 Združeno kraljestvo,Prenočitve turistov,3
2021M01,Maribor,2.38 Druge evropske države,Prihodi turistov,11
2021M01,Maribor,2.38 Druge evropske države,Prenočitve turistov,20
2021M01,Maribor,2.39 Južna Afrika,Prihodi turistov,
2021M01,Maribor,2.39 Južna Afrika,Prenočitve turistov,
2021M01,Maribor,2.40 Druge afriške države,Prihodi turistov,2
2021M01,Maribor,2.40 Druge afriške države,Prenočitve turistov,60
2021M01,Maribor,2.41 Avstralija,Prihodi turistov,2
2021M01,Maribor,2.41 Avstralija,Prenočitve turistov,6
2021M01,Maribor,2.42 Nova Zelandija,Prihodi turistov,
2021M01,Maribor,2.42 Nova Zelandija,Prenočitve turistov,
2021M01,Maribor,2.43 Druge države in ozemlja Oceanije,Prihodi turistov,
2021M01,Maribor,2.43 Druge države in ozemlja Oceanije,Prenočitve turistov,
2021M01,Maribor,2.44 Izrael,Prihodi turistov,
2021M01,Maribor,2.44 Izrael,Prenočitve turistov,
2021M01,Maribor,2.45 Japonska,Prihodi turistov,
2021M01,Maribor,2.45 Japonska,Prenočitve turistov,
2021M01,Maribor,2.46 Kitajska (Ljudska republika),Prihodi turistov,
2021M01,Maribor,2.46 Kitajska (Ljudska republika),Prenočitve turistov,
2021M01,Maribor,2.47 Koreja (Republika),Prihodi turistov,
2021M01,Maribor,2.47 Koreja (Republika),Prenočitve turistov,
2021M01,Maribor,2.48 Druge azijske države,Prihodi turistov,1
2021M01,Maribor,2.48 Druge azijske države,Prenočitve turistov,36
2021M01,Maribor,2.49 Brazilija,Prihodi turistov,
2021M01,Maribor,2.49 Brazilija,Prenočitve turistov,
2021M01,Maribor,2.50 Druge države Južne in Srednje Amerike,Prihodi turistov,4
2021M01,Maribor,2.50 Druge države Južne in Srednje Amerike,Prenočitve turistov,72
2021M01,Maribor,2.51 Kanada,Prihodi turistov,
2021M01,Maribor,2.51 Kanada,Prenočitve turistov,
2021M01,Maribor,2.52 Združene države (ZDA),Prihodi turistov,12
2021M01,Maribor,2.52 Združene države (ZDA),Prenočitve turistov,62
2021M01,Maribor,2.53 Druge države in ozemlja Severne Amerike,Prihodi turistov,
2021M01,Maribor,2.53 Druge države in ozemlja Severne Amerike,Prenočitve turistov,
2021M02,Maribor,0 Država - SKUPAJ,Prihodi turistov,1007
2021M02,Maribor,0 Država - SKUPAJ,Prenočitve turistov,3946
2021M02,Maribor,1 DOMAČI,Prihodi turistov,396
2021M02,Maribor,1 DOMAČI,Prenočitve turistov,937
2021M02,Maribor,2 TUJI,Prihodi turistov,611
2021M02,Maribor,2 TUJI,Prenočitve turistov,3009
2021M02,Maribor,2.1 Avstrija,Prihodi turistov,69
2021M02,Maribor,2.1 Avstrija,Prenočitve turistov,136
2021M02,Maribor,2.2 Belgija,Prihodi turistov,
2021M02,Maribor,2.2 Belgija,Prenočitve turistov,
2021M02,Maribor,2.3 Bolgarija,Prihodi turistov,12
2021M02,Maribor,2.3 Bolgarija,Prenočitve turistov,24
2021M02,Maribor,2.4 Bosna in Hercegovina,Prihodi turistov,87
2021M02,Maribor,2.4 Bosna in Hercegovina,Prenočitve turistov,314
2021M02,Maribor,2.5 Ciper,Prihodi turistov,
2021M02,Maribor,2.5 Ciper,Prenočitve turistov,
2021M02,Maribor,2.6 Češka republika,Prihodi turistov,7
2021M02,Maribor,2.6 Češka republika,Prenočitve turistov,18
2021M02,Maribor,2.7 Črna gora,Prihodi turistov,7
2021M02,Maribor,2.7 Črna gora,Prenočitve turistov,113
2021M02,Maribor,2.8 Danska,Prihodi turistov,1
2021M02,Maribor,2.8 Danska,Prenočitve turistov,1
2021M02,Maribor,2.9 Estonija,Prihodi turistov,1
2021M02,Maribor,2.9 Estonija,Prenočitve turistov,1
2021M02,Maribor,2.10 Finska,Prihodi turistov,4
2021M02,Maribor,2.10 Finska,Prenočitve turistov,18
2021M02,Maribor,2.11 Francija,Prihodi turistov,7
2021M02,Maribor,2.11 Francija,Prenočitve turistov,92
2021M02,Maribor,2.12 Grčija,Prihodi turistov,4
2021M02,Maribor,2.12 Grčija,Prenočitve turistov,17
2021M02,Maribor,2.13 Hrvaška,Prihodi turistov,51
2021M02,Maribor,2.13 Hrvaška,Prenočitve turistov,179
2021M02,Maribor,2.14 Irska,Prihodi turistov,
2021M02,Maribor,2.14 Irska,Prenočitve turistov,
2021M02,Maribor,2.15 Islandija,Prihodi turistov,
2021M02,Maribor,2.15 Islandija,Prenočitve turistov,
2021M02,Maribor,2.16 Italija,Prihodi turistov,82
2021M02,Maribor,2.16 Italija,Prenočitve turistov,196
2021M02,Maribor,2.17 Latvija,Prihodi turistov,
2021M02,Maribor,2.17 Latvija,Prenočitve turistov,
2021M02,Maribor,2.18 Litva,Prihodi turistov,
2021M02,Maribor,2.18 Litva,Prenočitve turistov,
2021M02,Maribor,2.19 Luksemburg,Prihodi turistov,
2021M02,Maribor,2.19 Luksemburg,Prenočitve turistov,
2021M02,Maribor,2.20 Madžarska,Prihodi turistov,30
2021M02,Maribor,2.20 Madžarska,Prenočitve turistov,90
2021M02,Maribor,2.21 Makedonija,Prihodi turistov,10
2021M02,Maribor,2.21 Makedonija,Prenočitve turistov,154
2021M02,Maribor,2.22 Malta,Prihodi turistov,
2021M02,Maribor,2.22 Malta,Prenočitve turistov,
2021M02,Maribor,2.23 Nemčija,Prihodi turistov,58
2021M02,Maribor,2.23 Nemčija,Prenočitve turistov,333
2021M02,Maribor,2.24 Nizozemska,Prihodi turistov,7
2021M02,Maribor,2.24 Nizozemska,Prenočitve turistov,35
2021M02,Maribor,2.25 Norveška,Prihodi turistov,
2021M02,Maribor,2.25 Norveška,Prenočitve turistov,
2021M02,Maribor,2.26 Poljska,Prihodi turistov,14
2021M02,Maribor,2.26 Poljska,Prenočitve turistov,63
2021M02,Maribor,2.27 Portugalska,Prihodi turistov,1
2021M02,Maribor,2.27 Portugalska,Prenočitve turistov,19
2021M02,Maribor,2.28 Romunija,Prihodi turistov,24
2021M02,Maribor,2.28 Romunija,Prenočitve turistov,53
2021M02,Maribor,2.29 Ruska federacija,Prihodi turistov,3
2021M02,Maribor,2.29 Ruska federacija,Prenočitve turistov,19
2021M02,Maribor,2.30 Slovaška,Prihodi turistov,23
2021M02,Maribor,2.30 Slovaška,Prenočitve turistov,29
2021M02,Maribor,2.31 Srbija,Prihodi turistov,80
2021M02,Maribor,2.31 Srbija,Prenočitve turistov,455
2021M02,Maribor,2.32 Španija,Prihodi turistov,10
2021M02,Maribor,2.32 Španija,Prenočitve turistov,333
2021M02,Maribor,2.33 Švedska,Prihodi turistov,
2021M02,Maribor,2.33 Švedska,Prenočitve turistov,
2021M02,Maribor,2.34 Švica,Prihodi turistov,5
2021M02,Maribor,2.34 Švica,Prenočitve turistov,18
2021M02,Maribor,2.35 Turčija,Prihodi turistov,2
2021M02,Maribor,2.35 Turčija,Prenočitve turistov,38
2021M02,Maribor,2.36 Ukrajina,Prihodi turistov,5
2021M02,Maribor,2.36 Ukrajina,Prenočitve turistov,31
2021M02,Maribor,2.37 Združeno kraljestvo,Prihodi turistov,0
2021M02,Maribor,2.37 Združeno kraljestvo,Prenočitve turistov,18
2021M02,Maribor,2.38 Druge evropske države,Prihodi turistov,1
2021M02,Maribor,2.38 Druge evropske države,Prenočitve turistov,1
2021M02,Maribor,2.39 Južna Afrika,Prihodi turistov,1
2021M02,Maribor,2.39 Južna Afrika,Prenočitve turistov,4
2021M02,Maribor,2.40 Druge afriške države,Prihodi turistov,0
2021M02,Maribor,2.40 Druge afriške države,Prenočitve turistov,56
2021M02,Maribor,2.41 Avstralija,Prihodi turistov,
2021M02,Maribor,2.41 Avstralija,Prenočitve turistov,
2021M02,Maribor,2.42 Nova Zelandija,Prihodi turistov,
2021M02,Maribor,2.42 Nova Zelandija,Prenočitve turistov,
2021M02,Maribor,2.43 Druge države in ozemlja Oceanije,Prihodi turistov,
2021M02,Maribor,2.43 Druge države in ozemlja Oceanije,Prenočitve turistov,
2021M02,Maribor,2.44 Izrael,Prihodi turistov,
2021M02,Maribor,2.44 Izrael,Prenočitve turistov,
2021M02,Maribor,2.45 Japonska,Prihodi turistov,
2021M02,Maribor,2.45 Japonska,Prenočitve turistov,
2021M02,Maribor,2.46 Kitajska (Ljudska republika),Prihodi turistov,1
2021M02,Maribor,2.46 Kitajska (Ljudska republika),Prenočitve turistov,4
2021M02,Maribor,2.47 Koreja (Republika),Prihodi turistov,
2021M02,Maribor,2.47 Koreja (Republika),Prenočitve turistov,
2021M02,Maribor,2.48 Druge azijske države,Prihodi turistov,2
2021M02,Maribor,2.48 Druge azijske države,Prenočitve turistov,33
2021M02,Maribor,2.49 Brazilija,Prihodi turistov,1
2021M02,Maribor,2.49 Brazilija,Prenočitve turistov,1
2021M02,Maribor,2.50 Druge države Južne in Srednje Amerike,Prihodi turistov,0
2021M02,Maribor,2.50 Druge države Južne in Srednje Amerike,Prenočitve turistov,112
2021M02,Maribor,2.51 Kanada,Prihodi turistov,
2021M02,Maribor,2.51 Kanada,Prenočitve turistov,
2021M02,Maribor,2.52 Združene države (ZDA),Prihodi turistov,1
2021M02,Maribor,2.52 Združene države (ZDA),Prenočitve turistov,1
2021M02,Maribor,2.53 Druge države in ozemlja Severne Amerike,Prihodi turistov,
2021M02,Maribor,2.53 Druge države in ozemlja Severne Amerike,Prenočitve turistov,
2021M03,Maribor,0 Država - SKUPAJ,Prihodi turistov,1430
2021M03,Maribor,0 Država - SKUPAJ,Prenočitve turistov,6226
2021M03,Maribor,1 DOMAČI,Prihodi turistov,479
2021M03,Maribor,1 DOMAČI,Prenočitve turistov,1470
2021M03,Maribor,2 TUJI,Prihodi turistov,951
2021M03,Maribor,2 TUJI,Prenočitve turistov,4756
2021M03,Maribor,2.1 Avstrija,Prihodi turistov,125
2021M03,Maribor,2.1 Avstrija,Prenočitve turistov,213
2021M03,Maribor,2.2 Belgija,Prihodi turistov,3
2021M03,Maribor,2.2 Belgija,Prenočitve turistov,5
2021M03,Maribor,2.3 Bolgarija,Prihodi turistov,5
2021M03,Maribor,2.3 Bolgarija,Prenočitve turistov,7
2021M03,Maribor,2.4 Bosna in Hercegovina,Prihodi turistov,80
2021M03,Maribor,2.4 Bosna in Hercegovina,Prenočitve turistov,283
2021M03,Maribor,2.5 Ciper,Prihodi turistov,
2021M03,Maribor,2.5 Ciper,Prenočitve turistov,
2021M03,Maribor,2.6 Češka republika,Prihodi turistov,47
2021M03,Maribor,2.6 Češka republika,Prenočitve turistov,360
2021M03,Maribor,2.7 Črna gora,Prihodi turistov,9
2021M03,Maribor,2.7 Črna gora,Prenočitve turistov,107
2021M03,Maribor,2.8 Danska,Prihodi turistov,2
2021M03,Maribor,2.8 Danska,Prenočitve turistov,2
2021M03,Maribor,2.9 Estonija,Prihodi turistov,1
2021M03,Maribor,2.9 Estonija,Prenočitve turistov,2
2021M03,Maribor,2.10 Finska,Prihodi turistov,1
2021M03,Maribor,2.10 Finska,Prenočitve turistov,63
2021M03,Maribor,2.11 Francija,Prihodi turistov,21
2021M03,Maribor,2.11 Francija,Prenočitve turistov,215
2021M03,Maribor,2.12 Grčija,Prihodi turistov,8
2021M03,Maribor,2.12 Grčija,Prenočitve turistov,139
2021M03,Maribor,2.13 Hrvaška,Prihodi turistov,90
2021M03,Maribor,2.13 Hrvaška,Prenočitve turistov,310
2021M03,Maribor,2.14 Irska,Prihodi turistov,
2021M03,Maribor,2.14 Irska,Prenočitve turistov,
2021M03,Maribor,2.15 Islandija,Prihodi turistov,
2021M03,Maribor,2.15 Islandija,Prenočitve turistov,
2021M03,Maribor,2.16 Italija,Prihodi turistov,104
2021M03,Maribor,2.16 Italija,Prenočitve turistov,738
2021M03,Maribor,2.17 Latvija,Prihodi turistov,3
2021M03,Maribor,2.17 Latvija,Prenočitve turistov,59
2021M03,Maribor,2.18 Litva,Prihodi turistov,6
2021M03,Maribor,2.18 Litva,Prenočitve turistov,36
2021M03,Maribor,2.19 Luksemburg,Prihodi turistov,
2021M03,Maribor,2.19 Luksemburg,Prenočitve turistov,
2021M03,Maribor,2.20 Madžarska,Prihodi turistov,44
2021M03,Maribor,2.20 Madžarska,Prenočitve turistov,95
2021M03,Maribor,2.21 Makedonija,Prihodi turistov,6
2021M03,Maribor,2.21 Makedonija,Prenočitve turistov,71
2021M03,Maribor,2.22 Malta,Prihodi turistov,
2021M03,Maribor,2.22 Malta,Prenočitve turistov,
2021M03,Maribor,2.23 Nemčija,Prihodi turistov,106
2021M03,Maribor,2.23 Nemčija,Prenočitve turistov,521
2021M03,Maribor,2.24 Nizozemska,Prihodi turistov,9
2021M03,Maribor,2.24 Nizozemska,Prenočitve turistov,18
2021M03,Maribor,2.25 Norveška,Prihodi turistov,
2021M03,Maribor,2.25 Norveška,Prenočitve turistov,
2021M03,Maribor,2.26 Poljska,Prihodi turistov,23
2021M03,Maribor,2.26 Poljska,Prenočitve turistov,119
2021M03,Maribor,2.27 Portugalska,Prihodi turistov,1
2021M03,Maribor,2.27 Portugalska,Prenočitve turistov,20
2021M03,Maribor,2.28 Romunija,Prihodi turistov,78
2021M03,Maribor,2.28 Romunija,Prenočitve turistov,149
2021M03,Maribor,2.29 Ruska federacija,Prihodi turistov,8
2021M03,Maribor,2.29 Ruska federacija,Prenočitve turistov,32
2021M03,Maribor,2.30 Slovaška,Prihodi turistov,30
2021M03,Maribor,2.30 Slovaška,Prenočitve turistov,141
2021M03,Maribor,2.31 Srbija,Prihodi turistov,83
2021M03,Maribor,2.31 Srbija,Prenočitve turistov,488
2021M03,Maribor,2.32 Španija,Prihodi turistov,8
2021M03,Maribor,2.32 Španija,Prenočitve turistov,80
2021M03,Maribor,2.33 Švedska,Prihodi turistov,1
2021M03,Maribor,2.33 Švedska,Prenočitve turistov,1
2021M03,Maribor,2.34 Švica,Prihodi turistov,11
2021M03,Maribor,2.34 Švica,Prenočitve turistov,50
2021M03,Maribor,2.35 Turčija,Prihodi turistov,5
2021M03,Maribor,2.35 Turčija,Prenočitve turistov,148
2021M03,Maribor,2.36 Ukrajina,Prihodi turistov,11
2021M03,Maribor,2.36 Ukrajina,Prenočitve turistov,27
2021M03,Maribor,2.37 Združeno kraljestvo,Prihodi turistov,10
2021M03,Maribor,2.37 Združeno kraljestvo,Prenočitve turistov,45
2021M03,Maribor,2.38 Druge evropske države,Prihodi turistov,3
2021M03,Maribor,2.38 Druge evropske države,Prenočitve turistov,4
2021M03,Maribor,2.39 Južna Afrika,Prihodi turistov,
2021M03,Maribor,2.39 Južna Afrika,Prenočitve turistov,
2021M03,Maribor,2.40 Druge afriške države,Prihodi turistov,1
2021M03,Maribor,2.40 Druge afriške države,Prenočitve turistov,43
2021M03,Maribor,2.41 Avstralija,Prihodi turistov,1
2021M03,Maribor,2.41 Avstralija,Prenočitve turistov,12
2021M03,Maribor,2.42 Nova Zelandija,Prihodi turistov,
2021M03,Maribor,2.42 Nova Zelandija,Prenočitve turistov,
2021M03,Maribor,2.43 Druge države in ozemlja Oceanije,Prihodi turistov,
2021M03,Maribor,2.43 Druge države in ozemlja Oceanije,Prenočitve turistov,
2021M03,Maribor,2.44 Izrael,Prihodi turistov,
2021M03,Maribor,2.44 Izrael,Prenočitve turistov,
2021M03,Maribor,2.45 Japonska,Prihodi turistov,1
2021M03,Maribor,2.45 Japonska,Prenočitve turistov,1
2021M03,Maribor,2.46 Kitajska (Ljudska republika),Prihodi turistov,
2021M03,Maribor,2.46 Kitajska (Ljudska republika),Prenočitve turistov,
2021M03,Maribor,2.47 Koreja (Republika),Prihodi turistov,2
2021M03,Maribor,2.47 Koreja (Republika),Prenočitve turistov,4
2021M03,Maribor,2.48 Druge azijske države,Prihodi turistov,1
2021M03,Maribor,2.48 Druge azijske države,Prenočitve turistov,18
2021M03,Maribor,2.49 Brazilija,Prihodi turistov,2
2021M03,Maribor,2.49 Brazilija,Prenočitve turistov,5
2021M03,Maribor,2.50 Druge države Južne in Srednje Amerike,Prihodi turistov,0
2021M03,Maribor,2.50 Druge države Južne in Srednje Amerike,Prenočitve turistov,124
2021M03,Maribor,2.51 Kanada,Prihodi turistov,
2021M03,Maribor,2.51 Kanada,Prenočitve turistov,
2021M03,Maribor,2.52 Združene države (ZDA),Prihodi turistov,1
2021M03,Maribor,2.52 Združene države (ZDA),Prenočitve turistov,1
2021M03,Maribor,2.53 Druge države in ozemlja Severne Amerike,Prihodi turistov,
2021M03,Maribor,2.53 Druge države in ozemlja Severne Amerike,Prenočitve turistov,
2021M04,Maribor,0 Država - SKUPAJ,Prihodi turistov,1253
2021M04,Maribor,0 Država - SKUPAJ,Prenočitve turistov,5080
2021M04,Maribor,1 DOMAČI,Prihodi turistov,517
2021M04,Maribor,1 DOMAČI,Prenočitve turistov,934
2021M04,Maribor,2 TUJI,Prihodi turistov,736
2021M04,Maribor,2 TUJI,Prenočitve turistov,4146
2021M04,Maribor,2.1 Avstrija,Prihodi turistov,78
2021M04,Maribor,2.1 Avstrija,Prenočitve turistov,110
2021M04,Maribor,2.2 Belgija,Prihodi turistov,2
2021M04,Maribor,2.2 Belgija,Prenočitve turistov,3
2021M04,Maribor,2.3 Bolgarija,Prihodi turistov,26
2021M04,Maribor,2.3 Bolgarija,Prenočitve turistov,27
2021M04,Maribor,2.4 Bosna in Hercegovina,Prihodi turistov,45
2021M04,Maribor,2.4 Bosna in Hercegovina,Prenočitve turistov,165
2021M04,Maribor,2.5 Ciper,Prihodi turistov,
2021M04,Maribor,2.5 Ciper,Prenočitve turistov,
2021M04,Maribor,2.6 Češka republika,Prihodi turistov,22
2021M04,Maribor,2.6 Češka republika,Prenočitve turistov,140
2021M04,Maribor,2.7 Črna gora,Prihodi turistov,4
2021M04,Maribor,2.7 Črna gora,Prenočitve turistov,88
2021M04,Maribor,2.8 Danska,Prihodi turistov,
2021M04,Maribor,2.8 Danska,Prenočitve turistov,
2021M04,Maribor,2.9 Estonija,Prihodi turistov,
2021M04,Maribor,2.9 Estonija,Prenočitve turistov,
2021M04,Maribor,2.10 Finska,Prihodi turistov,1
2021M04,Maribor,2.10 Finska,Prenočitve turistov,61
2021M04,Maribor,2.11 Francija,Prihodi turistov,15
2021M04,Maribor,2.11 Francija,Prenočitve turistov,320
2021M04,Maribor,2.12 Grčija,Prihodi turistov,2
2021M04,Maribor,2.12 Grčija,Prenočitve turistov,157
2021M04,Maribor,2.13 Hrvaška,Prihodi turistov,59
2021M04,Maribor,2.13 Hrvaška,Prenočitve turistov,222
2021M04,Maribor,2.14 Irska,Prihodi turistov,
2021M04,Maribor,2.14 Irska,Prenočitve turistov,
2021M04,Maribor,2.15 Islandija,Prihodi turistov,
2021M04,Maribor,2.15 Islandija,Prenočitve turistov,
2021M04,Maribor,2.16 Italija,Prihodi turistov,59
2021M04,Maribor,2.16 Italija,Prenočitve turistov,231
2021M04,Maribor,2.17 Latvija,Prihodi turistov,1
2021M04,Maribor,2.17 Latvija,Prenočitve turistov,91
2021M04,Maribor,2.18 Litva,Prihodi turistov,2
2021M04,Maribor,2.18 Litva,Prenočitve turistov,92
2021M04,Maribor,2.19 Luksemburg,Prihodi turistov,
2021M04,Maribor,2.19 Luksemburg,Prenočitve turistov,
2021M04,Maribor,2.20 Madžarska,Prihodi turistov,30
2021M04,Maribor,2.20 Madžarska,Prenočitve turistov,70
2021M04,Maribor,2.21 Makedonija,Prihodi turistov,9
2021M04,Maribor,2.21 Makedonija,Prenočitve turistov,41
2021M04,Maribor,2.22 Malta,Prihodi turistov,
2021M04,Maribor,2.22 Malta,Prenočitve turistov,
2021M04,Maribor,2.23 Nemčija,Prihodi turistov,79
2021M04,Maribor,2.23 Nemčija,Prenočitve turistov,326
2021M04,Maribor,2.24 Nizozemska,Prihodi turistov,16
2021M04,Maribor,2.24 Nizozemska,Prenočitve turistov,34
2021M04,Maribor,2.25 Norveška,Prihodi turistov,31
2021M04,Maribor,2.25 Norveška,Prenočitve turistov,289
2021M04,Maribor,2.26 Poljska,Prihodi turistov,40
2021M04,Maribor,2.26 Poljska,Prenočitve turistov,131
2021M04,Maribor,2.27 Portugalska,Prihodi turistov,1
2021M04,Maribor,2.27 Portugalska,Prenočitve turistov,34
2021M04,Maribor,2.28 Romunija,Prihodi turistov,25
2021M04,Maribor,2.28 Romunija,Prenočitve turistov,119
2021M04,Maribor,2.29 Ruska federacija,Prihodi turistov,3
2021M04,Maribor,2.29 Ruska federacija,Prenočitve turistov,8
2021M04,Maribor,2.30 Slovaška,Prihodi turistov,37
2021M04,Maribor,2.30 Slovaška,Prenočitve turistov,164
2021M04,Maribor,2.31 Srbija,Prihodi turistov,61
2021M04,Maribor,2.31 Srbija,Prenočitve turistov,329
2021M04,Maribor,2.32 Španija,Prihodi turistov,18
2021M04,Maribor,2.32 Španija,Prenočitve turistov,350
2021M04,Maribor,2.33 Švedska,Prihodi turistov,6
2021M04,Maribor,2.33 Švedska,Prenočitve turistov,6
2021M04,Maribor,2.34 Švica,Prihodi turistov,3
2021M04,Maribor,2.34 Švica,Prenočitve turistov,42
2021M04,Maribor,2.35 Turčija,Prihodi turistov,6
2021M04,Maribor,2.35 Turčija,Prenočitve turistov,204
2021M04,Maribor,2.36 Ukrajina,Prihodi turistov,14
2021M04,Maribor,2.36 Ukrajina,Prenočitve turistov,39
2021M04,Maribor,2.37 Združeno kraljestvo,Prihodi turistov,2
2021M04,Maribor,2.37 Združeno kraljestvo,Prenočitve turistov,28
2021M04,Maribor,2.38 Druge evropske države,Prihodi turistov,15
2021M04,Maribor,2.38 Druge evropske države,Prenočitve turistov,23
2021M04,Maribor,2.39 Južna Afrika,Prihodi turistov,
2021M04,Maribor,2.39 Južna Afrika,Prenočitve turistov,
2021M04,Maribor,2.40 Druge afriške države,Prihodi turistov,2
2021M04,Maribor,2.40 Druge afriške države,Prenočitve turistov,54
2021M04,Maribor,2.41 Avstralija,Prihodi turistov,1
2021M04,Maribor,2.41 Avstralija,Prenočitve turistov,1
2021M04,Maribor,2.42 Nova Zelandija,Prihodi turistov,
2021M04,Maribor,2.42 Nova Zelandija,Prenočitve turistov,
2021M04,Maribor,2.43 Druge države in ozemlja Oceanije,Prihodi turistov,
2021M04,Maribor,2.43 Druge države in ozemlja Oceanije,Prenočitve turistov,
2021M04,Maribor,2.44 Izrael,Prihodi turistov,2
2021M04,Maribor,2.44 Izrael,Prenočitve turistov,2
2021M04,Maribor,2.45 Japonska,Prihodi turistov,
2021M04,Maribor,2.45 Japonska,Prenočitve turistov,
2021M04,Maribor,2.46 Kitajska (Ljudska republika),Prihodi turistov,1
2021M04,Maribor,2.46 Kitajska (Ljudska republika),Prenočitve turistov,2
2021M04,Maribor,2.47 Koreja (Republika),Prihodi turistov,
2021M04,Maribor,2.47 Koreja (Republika),Prenočitve turistov,
2021M04,Maribor,2.48 Druge azijske države,Prihodi turistov,8
2021M04,Maribor,2.48 Druge azijske države,Prenočitve turistov,16
2021M04,Maribor,2.49 Brazilija,Prihodi turistov,1
2021M04,Maribor,2.49 Brazilija,Prenočitve turistov,10
2021M04,Maribor,2.50 Druge države Južne in Srednje Amerike,Prihodi turistov,1
2021M04,Maribor,2.50 Druge države Južne in Srednje Amerike,Prenočitve turistov,109
2021M04,Maribor,2.51 Kanada,Prihodi turistov,
2021M04,Maribor,2.51 Kanada,Prenočitve turistov,
2021M04,Maribor,2.52 Združene države (ZDA),Prihodi turistov,8
2021M04,Maribor,2.52 Združene države (ZDA),Prenočitve turistov,8
2021M04,Maribor,2.53 Druge države in ozemlja Severne Amerike,Prihodi turistov,
2021M04,Maribor,2.53 Druge države in ozemlja Severne Amerike,Prenočitve turistov,
2021M05,Maribor,0 Država - SKUPAJ,Prihodi turistov,3901
2021M05,Maribor,0 Država - SKUPAJ,Prenočitve turistov,13721
2021M05,Maribor,1 DOMAČI,Prihodi turistov,1360
2021M05,Maribor,1 DOMAČI,Prenočitve turistov,3004
2021M05,Maribor,2 TUJI,Prihodi turistov,2541
2021M05,Maribor,2 TUJI,Prenočitve turistov,10717
2021M05,Maribor,2.1 Avstrija,Prihodi turistov,315
2021M05,Maribor,2.1 Avstrija,Prenočitve turistov,625
2021M05,Maribor,2.2 Belgija,Prihodi turistov,43
2021M05,Maribor,2.2 Belgija,Prenočitve turistov,186
2021M05,Maribor,2.3 Bolgarija,Prihodi turistov,53
2021M05,Maribor,2.3 Bolgarija,Prenočitve turistov,1133
2021M05,Maribor,2.4 Bosna in Hercegovina,Prihodi turistov,163
2021M05,Maribor,2.4 Bosna in Hercegovina,Prenočitve turistov,456
2021M05,Maribor,2.5 Ciper,Prihodi turistov,1
2021M05,Maribor,2.5 Ciper,Prenočitve turistov,1
2021M05,Maribor,2.6 Češka republika,Prihodi turistov,143
2021M05,Maribor,2.6 Češka republika,Prenočitve turistov,414
2021M05,Maribor,2.7 Črna gora,Prihodi turistov,18
2021M05,Maribor,2.7 Črna gora,Prenočitve turistov,88
2021M05,Maribor,2.8 Danska,Prihodi turistov,39
2021M05,Maribor,2.8 Danska,Prenočitve turistov,161
2021M05,Maribor,2.9 Estonija,Prihodi turistov,5
2021M05,Maribor,2.9 Estonija,Prenočitve turistov,13
2021M05,Maribor,2.10 Finska,Prihodi turistov,5
2021M05,Maribor,2.10 Finska,Prenočitve turistov,83
2021M05,Maribor,2.11 Francija,Prihodi turistov,98
2021M05,Maribor,2.11 Francija,Prenočitve turistov,782
2021M05,Maribor,2.12 Grčija,Prihodi turistov,8
2021M05,Maribor,2.12 Grčija,Prenočitve turistov,197
2021M05,Maribor,2.13 Hrvaška,Prihodi turistov,128
2021M05,Maribor,2.13 Hrvaška,Prenočitve turistov,402
2021M05,Maribor,2.14 Irska,Prihodi turistov,3
2021M05,Maribor,2.14 Irska,Prenočitve turistov,4
2021M05,Maribor,2.15 Islandija,Prihodi turistov,
2021M05,Maribor,2.15 Islandija,Prenočitve turistov,
2021M05,Maribor,2.16 Italija,Prihodi turistov,157
2021M05,Maribor,2.16 Italija,Prenočitve turistov,522
2021M05,Maribor,2.17 Latvija,Prihodi turistov,0
2021M05,Maribor,2.17 Latvija,Prenočitve turistov,93
2021M05,Maribor,2.18 Litva,Prihodi turistov,3
2021M05,Maribor,2.18 Litva,Prenočitve turistov,100
2021M05,Maribor,2.19 Luksemburg,Prihodi turistov,4
2021M05,Maribor,2.19 Luksemburg,Prenočitve turistov,25
2021M05,Maribor,2.20 Madžarska,Prihodi turistov,158
2021M05,Maribor,2.20 Madžarska,Prenočitve turistov,294
2021M05,Maribor,2.21 Makedonija,Prihodi turistov,26
2021M05,Maribor,2.21 Makedonija,Prenočitve turistov,128
2021M05,Maribor,2.22 Malta,Prihodi turistov,2
2021M05,Maribor,2.22 Malta,Prenočitve turistov,9
2021M05,Maribor,2.23 Nemčija,Prihodi turistov,254
2021M05,Maribor,2.23 Nemčija,Prenočitve turistov,704
2021M05,Maribor,2.24 Nizozemska,Prihodi turistov,62
2021M05,Maribor,2.24 Nizozemska,Prenočitve turistov,168
2021M05,Maribor,2.25 Norveška,Prihodi turistov,3
2021M05,Maribor,2.25 Norveška,Prenočitve turistov,129
2021M05,Maribor,2.26 Poljska,Prihodi turistov,112
2021M05,Maribor,2.26 Poljska,Prenočitve turistov,330
2021M05,Maribor,2.27 Portugalska,Prihodi turistov,19
2021M05,Maribor,2.27 Portugalska,Prenočitve turistov,116
2021M05,Maribor,2.28 Romunija,Prihodi turistov,89
2021M05,Maribor,2.28 Romunija,Prenočitve turistov,191
2021M05,Maribor,2.29 Ruska federacija,Prihodi turistov,37
2021M05,Maribor,2.29 Ruska federacija,Prenočitve turistov,160
2021M05,Maribor,2.30 Slovaška,Prihodi turistov,105
2021M05,Maribor,2.30 Slovaška,Prenočitve turistov,339
2021M05,Maribor,2.31 Srbija,Prihodi turistov,164
2021M05,Maribor,2.31 Srbija,Prenočitve turistov,602
2021M05,Maribor,2.32 Španija,Prihodi turistov,50
2021M05,Maribor,2.32 Španija,Prenočitve turistov,750
2021M05,Maribor,2.33 Švedska,Prihodi turistov,30
2021M05,Maribor,2.33 Švedska,Prenočitve turistov,175
2021M05,Maribor,2.34 Švica,Prihodi turistov,27
2021M05,Maribor,2.34 Švica,Prenočitve turistov,118
2021M05,Maribor,2.35 Turčija,Prihodi turistov,24
2021M05,Maribor,2.35 Turčija,Prenočitve turistov,305
2021M05,Maribor,2.36 Ukrajina,Prihodi turistov,42
2021M05,Maribor,2.36 Ukrajina,Prenočitve turistov,156
2021M05,Maribor,2.37 Združeno kraljestvo,Prihodi turistov,20
2021M05,Maribor,2.37 Združeno kraljestvo,Prenočitve turistov,65
2021M05,Maribor,2.38 Druge evropske države,Prihodi turistov,31
2021M05,Maribor,2.38 Druge evropske države,Prenočitve turistov,75
2021M05,Maribor,2.39 Južna Afrika,Prihodi turistov,
2021M05,Maribor,2.39 Južna Afrika,Prenočitve turistov,
2021M05,Maribor,2.40 Druge afriške države,Prihodi turistov,8
2021M05,Maribor,2.40 Druge afriške države,Prenočitve turistov,59
2021M05,Maribor,2.41 Avstralija,Prihodi turistov,5
2021M05,Maribor,2.41 Avstralija,Prenočitve turistov,11
2021M05,Maribor,2.42 Nova Zelandija,Prihodi turistov,
2021M05,Maribor,2.42 Nova Zelandija,Prenočitve turistov,
2021M05,Maribor,2.43 Druge države in ozemlja Oceanije,Prihodi turistov,
2021M05,Maribor,2.43 Druge države in ozemlja Oceanije,Prenočitve turistov,
2021M05,Maribor,2.44 Izrael,Prihodi turistov,3
2021M05,Maribor,2.44 Izrael,Prenočitve turistov,28
2021M05,Maribor,2.45 Japonska,Prihodi turistov,1
2021M05,Maribor,2.45 Japonska,Prenočitve turistov,1
2021M05,Maribor,2.46 Kitajska (Ljudska republika),Prihodi turistov,1
2021M05,Maribor,2.46 Kitajska (Ljudska republika),Prenočitve turistov,3
2021M05,Maribor,2.47 Koreja (Republika),Prihodi turistov,1
2021M05,Maribor,2.47 Koreja (Republika),Prenočitve turistov,1
2021M05,Maribor,2.48 Druge azijske države,Prihodi turistov,57
2021M05,Maribor,2.48 Druge azijske države,Prenočitve turistov,399
2021M05,Maribor,2.49 Brazilija,Prihodi turistov,1
2021M05,Maribor,2.49 Brazilija,Prenočitve turistov,7
2021M05,Maribor,2.50 Druge države Južne in Srednje Amerike,Prihodi turistov,3
2021M05,Maribor,2.50 Druge države Južne in Srednje Amerike,Prenočitve turistov,70
2021M05,Maribor,2.51 Kanada,Prihodi turistov,2
2021M05,Maribor,2.51 Kanada,Prenočitve turistov,9
2021M05,Maribor,2.52 Združene države (ZDA),Prihodi turistov,18
2021M05,Maribor,2.52 Združene države (ZDA),Prenočitve turistov,30
2021M05,Maribor,2.53 Druge države in ozemlja Severne Amerike,Prihodi turistov,
2021M05,Maribor,2.53 Druge države in ozemlja Severne Amerike,Prenočitve turistov,
2021M06,Maribor,0 Država - SKUPAJ,Prihodi turistov,8270
2021M06,Maribor,0 Država - SKUPAJ,Prenočitve turistov,17982
2021M06,Maribor,1 DOMAČI,Prihodi turistov,2395
2021M06,Maribor,1 DOMAČI,Prenočitve turistov,4683
2021M06,Maribor,2 TUJI,Prihodi turistov,5875
2021M06,Maribor,2 TUJI,Prenočitve turistov,13299
2021M06,Maribor,2.1 Avstrija,Prihodi turistov,548
2021M06,Maribor,2.1 Avstrija,Prenočitve turistov,937
2021M06,Maribor,2.2 Belgija,Prihodi turistov,90
2021M06,Maribor,2.2 Belgija,Prenočitve turistov,145
2021M06,Maribor,2.3 Bolgarija,Prihodi turistov,72
2021M06,Maribor,2.3 Bolgarija,Prenočitve turistov,97
2021M06,Maribor,2.4 Bosna in Hercegovina,Prihodi turistov,296
2021M06,Maribor,2.4 Bosna in Hercegovina,Prenočitve turistov,786
2021M06,Maribor,2.5 Ciper,Prihodi turistov,1
2021M06,Maribor,2.5 Ciper,Prenočitve turistov,4
2021M06,Maribor,2.6 Češka republika,Prihodi turistov,523
2021M06,Maribor,2.6 Češka republika,Prenočitve turistov,719
2021M06,Maribor,2.7 Črna gora,Prihodi turistov,23
2021M06,Maribor,2.7 Črna gora,Prenočitve turistov,86
2021M06,Maribor,2.8 Danska,Prihodi turistov,23
2021M06,Maribor,2.8 Danska,Prenočitve turistov,34
2021M06,Maribor,2.9 Estonija,Prihodi turistov,15
2021M06,Maribor,2.9 Estonija,Prenočitve turistov,15
2021M06,Maribor,2.10 Finska,Prihodi turistov,8
2021M06,Maribor,2.10 Finska,Prenočitve turistov,83
2021M06,Maribor,2.11 Francija,Prihodi turistov,93
2021M06,Maribor,2.11 Francija,Prenočitve turistov,446
2021M06,Maribor,2.12 Grčija,Prihodi turistov,23
2021M06,Maribor,2.12 Grčija,Prenočitve turistov,189
2021M06,Maribor,2.13 Hrvaška,Prihodi turistov,241
2021M06,Maribor,2.13 Hrvaška,Prenočitve turistov,497
2021M06,Maribor,2.14 Irska,Prihodi turistov,5
2021M06,Maribor,2.14 Irska,Prenočitve turistov,7
2021M06,Maribor,2.15 Islandija,Prihodi turistov,2
2021M06,Maribor,2.15 Islandija,Prenočitve turistov,2
2021M06,Maribor,2.16 Italija,Prihodi turistov,236
2021M06,Maribor,2.16 Italija,Prenočitve turistov,850
2021M06,Maribor,2.17 Latvija,Prihodi turistov,21
2021M06,Maribor,2.17 Latvija,Prenočitve turistov,111
2021M06,Maribor,2.18 Litva,Prihodi turistov,40
2021M06,Maribor,2.18 Litva,Prenočitve turistov,133
2021M06,Maribor,2.19 Luksemburg,Prihodi turistov,16
2021M06,Maribor,2.19 Luksemburg,Prenočitve turistov,74
2021M06,Maribor,2.20 Madžarska,Prihodi turistov,265
2021M06,Maribor,2.20 Madžarska,Prenočitve turistov,515
2021M06,Maribor,2.21 Makedonija,Prihodi turistov,57
2021M06,Maribor,2.21 Makedonija,Prenočitve turistov,104
2021M06,Maribor,2.22 Malta,Prihodi turistov,
2021M06,Maribor,2.22 Malta,Prenočitve turistov,
2021M06,Maribor,2.23 Nemčija,Prihodi turistov,749
2021M06,Maribor,2.23 Nemčija,Prenočitve turistov,1456
2021M06,Maribor,2.24 Nizozemska,Prihodi turistov,76
2021M06,Maribor,2.24 Nizozemska,Prenočitve turistov,163
2021M06,Maribor,2.25 Norveška,Prihodi turistov,8
2021M06,Maribor,2.25 Norveška,Prenočitve turistov,8
2021M06,Maribor,2.26 Poljska,Prihodi turistov,1044
2021M06,Maribor,2.26 Poljska,Prenočitve turistov,1218
2021M06,Maribor,2.27 Portugalska,Prihodi turistov,95
2021M06,Maribor,2.27 Portugalska,Prenočitve turistov,212
2021M06,Maribor,2.28 Romunija,Prihodi turistov,263
2021M06,Maribor,2.28 Romunija,Prenočitve turistov,561
2021M06,Maribor,2.29 Ruska federacija,Prihodi turistov,47
2021M06,Maribor,2.29 Ruska federacija,Prenočitve turistov,156
2021M06,Maribor,2.30 Slovaška,Prihodi turistov,176
2021M06,Maribor,2.30 Slovaška,Prenočitve turistov,357
2021M06,Maribor,2.31 Srbija,Prihodi turistov,355
2021M06,Maribor,2.31 Srbija,Prenočitve turistov,1330
2021M06,Maribor,2.32 Španija,Prihodi turistov,51
2021M06,Maribor,2.32 Španija,Prenočitve turistov,723
2021M06,Maribor,2.33 Švedska,Prihodi turistov,62
2021M06,Maribor,2.33 Švedska,Prenočitve turistov,75
2021M06,Maribor,2.34 Švica,Prihodi turistov,35
2021M06,Maribor,2.34 Švica,Prenočitve turistov,100
2021M06,Maribor,2.35 Turčija,Prihodi turistov,17
2021M06,Maribor,2.35 Turčija,Prenočitve turistov,240
2021M06,Maribor,2.36 Ukrajina,Prihodi turistov,55
2021M06,Maribor,2.36 Ukrajina,Prenočitve turistov,127
2021M06,Maribor,2.37 Združeno kraljestvo,Prihodi turistov,63
2021M06,Maribor,2.37 Združeno kraljestvo,Prenočitve turistov,217
2021M06,Maribor,2.38 Druge evropske države,Prihodi turistov,39
2021M06,Maribor,2.38 Druge evropske države,Prenočitve turistov,72
2021M06,Maribor,2.39 Južna Afrika,Prihodi turistov,
2021M06,Maribor,2.39 Južna Afrika,Prenočitve turistov,
2021M06,Maribor,2.40 Druge afriške države,Prihodi turistov,16
2021M06,Maribor,2.40 Druge afriške države,Prenočitve turistov,64
2021M06,Maribor,2.41 Avstralija,Prihodi turistov,4
2021M06,Maribor,2.41 Avstralija,Prenočitve turistov,7
2021M06,Maribor,2.42 Nova Zelandija,Prihodi turistov,1
2021M06,Maribor,2.42 Nova Zelandija,Prenočitve turistov,1
2021M06,Maribor,2.43 Druge države in ozemlja Oceanije,Prihodi turistov,
2021M06,Maribor,2.43 Druge države in ozemlja Oceanije,Prenočitve turistov,
2021M06,Maribor,2.44 Izrael,Prihodi turistov,34
2021M06,Maribor,2.44 Izrael,Prenočitve turistov,108
2021M06,Maribor,2.45 Japonska,Prihodi turistov,2
2021M06,Maribor,2.45 Japonska,Prenočitve turistov,6
2021M06,Maribor,2.46 Kitajska (Ljudska republika),Prihodi turistov,9
2021M06,Maribor,2.46 Kitajska (Ljudska republika),Prenočitve turistov,22
2021M06,Maribor,2.47 Koreja (Republika),Prihodi turistov,
2021M06,Maribor,2.47 Koreja (Republika),Prenočitve turistov,
2021M06,Maribor,2.48 Druge azijske države,Prihodi turistov,14
2021M06,Maribor,2.48 Druge azijske države,Prenočitve turistov,43
2021M06,Maribor,2.49 Brazilija,Prihodi turistov,
2021M06,Maribor,2.49 Brazilija,Prenočitve turistov,
2021M06,Maribor,2.50 Druge države Južne in Srednje Amerike,Prihodi turistov,21
2021M06,Maribor,2.50 Druge države Južne in Srednje Amerike,Prenočitve turistov,128
2021M06,Maribor,2.51 Kanada,Prihodi turistov,2
2021M06,Maribor,2.51 Kanada,Prenočitve turistov,4
2021M06,Maribor,2.52 Združene države (ZDA),Prihodi turistov,39
2021M06,Maribor,2.52 Združene države (ZDA),Prenočitve turistov,67
2021M06,Maribor,2.53 Druge države in ozemlja Severne Amerike,Prihodi turistov,
2021M06,Maribor,2.53 Druge države in ozemlja Severne Amerike,Prenočitve turistov,
2021M07,Maribor,0 Država - SKUPAJ,Prihodi turistov,20278
2021M07,Maribor,0 Država - SKUPAJ,Prenočitve turistov,33974
2021M07,Maribor,1 DOMAČI,Prihodi turistov,2983
2021M07,Maribor,1 DOMAČI,Prenočitve turistov,6684
2021M07,Maribor,2 TUJI,Prihodi turistov,17295
2021M07,Maribor,2 TUJI,Prenočitve turistov,27290
2021M07,Maribor,2.1 Avstrija,Prihodi turistov,1324
2021M07,Maribor,2.1 Avstrija,Prenočitve turistov,1901
2021M07,Maribor,2.2 Belgija,Prihodi turistov,585
2021M07,Maribor,2.2 Belgija,Prenočitve turistov,875
2021M07,Maribor,2.3 Bolgarija,Prihodi turistov,134
2021M07,Maribor,2.3 Bolgarija,Prenočitve turistov,328
2021M07,Maribor,2.4 Bosna in Hercegovina,Prihodi turistov,424
2021M07,Maribor,2.4 Bosna in Hercegovina,Prenočitve turistov,950
2021M07,Maribor,2.5 Ciper,Prihodi turistov,7
2021M07,Maribor,2.5 Ciper,Prenočitve turistov,14
2021M07,Maribor,2.6 Češka republika,Prihodi turistov,1476
2021M07,Maribor,2.6 Češka republika,Prenočitve turistov,1833
2021M07,Maribor,2.7 Črna gora,Prihodi turistov,67
2021M07,Maribor,2.7 Črna gora,Prenočitve turistov,81
2021M07,Maribor,2.8 Danska,Prihodi turistov,260
2021M07,Maribor,2.8 Danska,Prenočitve turistov,312
2021M07,Maribor,2.9 Estonija,Prihodi turistov,114
2021M07,Maribor,2.9 Estonija,Prenočitve turistov,140
2021M07,Maribor,2.10 Finska,Prihodi turistov,12
2021M07,Maribor,2.10 Finska,Prenočitve turistov,31
2021M07,Maribor,2.11 Francija,Prihodi turistov,363
2021M07,Maribor,2.11 Francija,Prenočitve turistov,711
2021M07,Maribor,2.12 Grčija,Prihodi turistov,37
2021M07,Maribor,2.12 Grčija,Prenočitve turistov,138
2021M07,Maribor,2.13 Hrvaška,Prihodi turistov,342
2021M07,Maribor,2.13 Hrvaška,Prenočitve turistov,798
2021M07,Maribor,2.14 Irska,Prihodi turistov,14
2021M07,Maribor,2.14 Irska,Prenočitve turistov,48
2021M07,Maribor,2.15 Islandija,Prihodi turistov,3
2021M07,Maribor,2.15 Islandija,Prenočitve turistov,6
2021M07,Maribor,2.16 Italija,Prihodi turistov,499
2021M07,Maribor,2.16 Italija,Prenočitve turistov,1722
2021M07,Maribor,2.17 Latvija,Prihodi turistov,87
2021M07,Maribor,2.17 Latvija,Prenočitve turistov,124
2021M07,Maribor,2.18 Litva,Prihodi turistov,83
2021M07,Maribor,2.18 Litva,Prenočitve turistov,120
2021M07,Maribor,2.19 Luksemburg,Prihodi turistov,32
2021M07,Maribor,2.19 Luksemburg,Prenočitve turistov,50
2021M07,Maribor,2.20 Madžarska,Prihodi turistov,564
2021M07,Maribor,2.20 Madžarska,Prenočitve turistov,905
2021M07,Maribor,2.21 Makedonija,Prihodi turistov,91
2021M07,Maribor,2.21 Makedonija,Prenočitve turistov,177
2021M07,Maribor,2.22 Malta,Prihodi turistov,1
2021M07,Maribor,2.22 Malta,Prenočitve turistov,1
2021M07,Maribor,2.23 Nemčija,Prihodi turistov,3112
2021M07,Maribor,2.23 Nemčija,Prenočitve turistov,4390
2021M07,Maribor,2.24 Nizozemska,Prihodi turistov,809
2021M07,Maribor,2.24 Nizozemska,Prenočitve turistov,1081
2021M07,Maribor,2.25 Norveška,Prihodi turistov,57
2021M07,Maribor,2.25 Norveška,Prenočitve turistov,61
2021M07,Maribor,2.26 Poljska,Prihodi turistov,3648
2021M07,Maribor,2.26 Poljska,Prenočitve turistov,3785
2021M07,Maribor,2.27 Portugalska,Prihodi turistov,24
2021M07,Maribor,2.27 Portugalska,Prenočitve turistov,197
2021M07,Maribor,2.28 Romunija,Prihodi turistov,719
2021M07,Maribor,2.28 Romunija,Prenočitve turistov,918
2021M07,Maribor,2.29 Ruska federacija,Prihodi turistov,69
2021M07,Maribor,2.29 Ruska federacija,Prenočitve turistov,147
2021M07,Maribor,2.30 Slovaška,Prihodi turistov,534
2021M07,Maribor,2.30 Slovaška,Prenočitve turistov,790
2021M07,Maribor,2.31 Srbija,Prihodi turistov,346
2021M07,Maribor,2.31 Srbija,Prenočitve turistov,1337
2021M07,Maribor,2.32 Španija,Prihodi turistov,110
2021M07,Maribor,2.32 Španija,Prenočitve turistov,583
2021M07,Maribor,2.33 Švedska,Prihodi turistov,318
2021M07,Maribor,2.33 Švedska,Prenočitve turistov,446
2021M07,Maribor,2.34 Švica,Prihodi turistov,208
2021M07,Maribor,2.34 Švica,Prenočitve turistov,370
2021M07,Maribor,2.35 Turčija,Prihodi turistov,34
2021M07,Maribor,2.35 Turčija,Prenočitve turistov,130
2021M07,Maribor,2.36 Ukrajina,Prihodi turistov,159
2021M07,Maribor,2.36 Ukrajina,Prenočitve turistov,205
2021M07,Maribor,2.37 Združeno kraljestvo,Prihodi turistov,95
2021M07,Maribor,2.37 Združeno kraljestvo,Prenočitve turistov,188
2021M07,Maribor,2.38 Druge evropske države,Prihodi turistov,152
2021M07,Maribor,2.38 Druge evropske države,Prenočitve turistov,294
2021M07,Maribor,2.39 Južna Afrika,Prihodi turistov,3
2021M07,Maribor,2.39 Južna Afrika,Prenočitve turistov,3
2021M07,Maribor,2.40 Druge afriške države,Prihodi turistov,16
2021M07,Maribor,2.40 Druge afriške države,Prenočitve turistov,59
2021M07,Maribor,2.41 Avstralija,Prihodi turistov,7
2021M07,Maribor,2.41 Avstralija,Prenočitve turistov,18
2021M07,Maribor,2.42 Nova Zelandija,Prihodi turistov,1
2021M07,Maribor,2.42 Nova Zelandija,Prenočitve turistov,1
2021M07,Maribor,2.43 Druge države in ozemlja Oceanije,Prihodi turistov,1
2021M07,Maribor,2.43 Druge države in ozemlja Oceanije,Prenočitve turistov,3
2021M07,Maribor,2.44 Izrael,Prihodi turistov,74
2021M07,Maribor,2.44 Izrael,Prenočitve turistov,220
2021M07,Maribor,2.45 Japonska,Prihodi turistov,8
2021M07,Maribor,2.45 Japonska,Prenočitve turistov,11
2021M07,Maribor,2.46 Kitajska (Ljudska republika),Prihodi turistov,9
2021M07,Maribor,2.46 Kitajska (Ljudska republika),Prenočitve turistov,16
2021M07,Maribor,2.47 Koreja (Republika),Prihodi turistov,1
2021M07,Maribor,2.47 Koreja (Republika),Prenočitve turistov,1
2021M07,Maribor,2.48 Druge azijske države,Prihodi turistov,68
2021M07,Maribor,2.48 Druge azijske države,Prenočitve turistov,174
2021M07,Maribor,2.49 Brazilija,Prihodi turistov,20
2021M07,Maribor,2.49 Brazilija,Prenočitve turistov,89
2021M07,Maribor,2.50 Druge države Južne in Srednje Amerike,Prihodi turistov,19
2021M07,Maribor,2.50 Druge države Južne in Srednje Amerike,Prenočitve turistov,133
2021M07,Maribor,2.51 Kanada,Prihodi turistov,16
2021M07,Maribor,2.51 Kanada,Prenočitve turistov,24
2021M07,Maribor,2.52 Združene države (ZDA),Prihodi turistov,139
2021M07,Maribor,2.52 Združene države (ZDA),Prenočitve turistov,351
2021M07,Maribor,2.53 Druge države in ozemlja Severne Amerike,Prihodi turistov,
2021M07,Maribor,2.53 Druge države in ozemlja Severne Amerike,Prenočitve turistov,
2021M08,Maribor,0 Država - SKUPAJ,Prihodi turistov,24831
2021M08,Maribor,0 Država - SKUPAJ,Prenočitve turistov,44210
2021M08,Maribor,1 DOMAČI,Prihodi turistov,3677
2021M08,Maribor,1 DOMAČI,Prenočitve turistov,8281
2021M08,Maribor,2 TUJI,Prihodi turistov,21154
2021M08,Maribor,2 TUJI,Prenočitve turistov,35929
2021M08,Maribor,2.1 Avstrija,Prihodi turistov,1338
2021M08,Maribor,2.1 Avstrija,Prenočitve turistov,2134
2021M08,Maribor,2.2 Belgija,Prihodi turistov,585
2021M08,Maribor,2.2 Belgija,Prenočitve turistov,929
2021M08,Maribor,2.3 Bolgarija,Prihodi turistov,124
2021M08,Maribor,2.3 Bolgarija,Prenočitve turistov,256
2021M08,Maribor,2.4 Bosna in Hercegovina,Prihodi turistov,378
2021M08,Maribor,2.4 Bosna in Hercegovina,Prenočitve turistov,854
2021M08,Maribor,2.5 Ciper,Prihodi turistov,4
2021M08,Maribor,2.5 Ciper,Prenočitve turistov,16
2021M08,Maribor,2.6 Češka republika,Prihodi turistov,1630
2021M08,Maribor,2.6 Češka republika,Prenočitve turistov,2103
2021M08,Maribor,2.7 Črna gora,Prihodi turistov,77
2021M08,Maribor,2.7 Črna gora,Prenočitve turistov,108
2021M08,Maribor,2.8 Danska,Prihodi turistov,89
2021M08,Maribor,2.8 Danska,Prenočitve turistov,118
2021M08,Maribor,2.9 Estonija,Prihodi turistov,62
2021M08,Maribor,2.9 Estonija,Prenočitve turistov,98
2021M08,Maribor,2.10 Finska,Prihodi turistov,32
2021M08,Maribor,2.10 Finska,Prenočitve turistov,87
2021M08,Maribor,2.11 Francija,Prihodi turistov,672
2021M08,Maribor,2.11 Francija,Prenočitve turistov,1791
2021M08,Maribor,2.12 Grčija,Prihodi turistov,45
2021M08,Maribor,2.12 Grčija,Prenočitve turistov,136
2021M08,Maribor,2.13 Hrvaška,Prihodi turistov,395
2021M08,Maribor,2.13 Hrvaška,Prenočitve turistov,752
2021M08,Maribor,2.14 Irska,Prihodi turistov,20
2021M08,Maribor,2.14 Irska,Prenočitve turistov,59
2021M08,Maribor,2.15 Islandija,Prihodi turistov,2
2021M08,Maribor,2.15 Islandija,Prenočitve turistov,2
2021M08,Maribor,2.16 Italija,Prihodi turistov,1319
2021M08,Maribor,2.16 Italija,Prenočitve turistov,3158
2021M08,Maribor,2.17 Latvija,Prihodi turistov,48
2021M08,Maribor,2.17 Latvija,Prenočitve turistov,62
2021M08,Maribor,2.18 Litva,Prihodi turistov,165
2021M08,Maribor,2.18 Litva,Prenočitve turistov,252
2021M08,Maribor,2.19 Luksemburg,Prihodi turistov,34
2021M08,Maribor,2.19 Luksemburg,Prenočitve turistov,43
2021M08,Maribor,2.20 Madžarska,Prihodi turistov,664
2021M08,Maribor,2.20 Madžarska,Prenočitve turistov,941
2021M08,Maribor,2.21 Makedonija,Prihodi turistov,110
2021M08,Maribor,2.21 Makedonija,Prenočitve turistov,248
2021M08,Maribor,2.22 Malta,Prihodi turistov,8
2021M08,Maribor,2.22 Malta,Prenočitve turistov,42
2021M08,Maribor,2.23 Nemčija,Prihodi turistov,4692
2021M08,Maribor,2.23 Nemčija,Prenočitve turistov,7510
2021M08,Maribor,2.24 Nizozemska,Prihodi turistov,1266
2021M08,Maribor,2.24 Nizozemska,Prenočitve turistov,1891
2021M08,Maribor,2.25 Norveška,Prihodi turistov,43
2021M08,Maribor,2.25 Norveška,Prenočitve turistov,93
2021M08,Maribor,2.26 Poljska,Prihodi turistov,3487
2021M08,Maribor,2.26 Poljska,Prenočitve turistov,3756
2021M08,Maribor,2.27 Portugalska,Prihodi turistov,36
2021M08,Maribor,2.27 Portugalska,Prenočitve turistov,298
2021M08,Maribor,2.28 Romunija,Prihodi turistov,1070
2021M08,Maribor,2.28 Romunija,Prenočitve turistov,1266
2021M08,Maribor,2.29 Ruska federacija,Prihodi turistov,60
2021M08,Maribor,2.29 Ruska federacija,Prenočitve turistov,132
2021M08,Maribor,2.30 Slovaška,Prihodi turistov,461
2021M08,Maribor,2.30 Slovaška,Prenočitve turistov,820
2021M08,Maribor,2.31 Srbija,Prihodi turistov,449
2021M08,Maribor,2.31 Srbija,Prenočitve turistov,1164
2021M08,Maribor,2.32 Španija,Prihodi turistov,269
2021M08,Maribor,2.32 Španija,Prenočitve turistov,821
2021M08,Maribor,2.33 Švedska,Prihodi turistov,210
2021M08,Maribor,2.33 Švedska,Prenočitve turistov,315
2021M08,Maribor,2.34 Švica,Prihodi turistov,207
2021M08,Maribor,2.34 Švica,Prenočitve turistov,466
2021M08,Maribor,2.35 Turčija,Prihodi turistov,52
2021M08,Maribor,2.35 Turčija,Prenočitve turistov,132
2021M08,Maribor,2.36 Ukrajina,Prihodi turistov,222
2021M08,Maribor,2.36 Ukrajina,Prenočitve turistov,286
2021M08,Maribor,2.37 Združeno kraljestvo,Prihodi turistov,241
2021M08,Maribor,2.37 Združeno kraljestvo,Prenočitve turistov,828
2021M08,Maribor,2.38 Druge evropske države,Prihodi turistov,134
2021M08,Maribor,2.38 Druge evropske države,Prenočitve turistov,257
2021M08,Maribor,2.39 Južna Afrika,Prihodi turistov,8
2021M08,Maribor,2.39 Južna Afrika,Prenočitve turistov,42
2021M08,Maribor,2.40 Druge afriške države,Prihodi turistov,12
2021M08,Maribor,2.40 Druge afriške države,Prenočitve turistov,59
2021M08,Maribor,2.41 Avstralija,Prihodi turistov,16
2021M08,Maribor,2.41 Avstralija,Prenočitve turistov,61
2021M08,Maribor,2.42 Nova Zelandija,Prihodi turistov,13
2021M08,Maribor,2.42 Nova Zelandija,Prenočitve turistov,61
2021M08,Maribor,2.43 Druge države in ozemlja Oceanije,Prihodi turistov,1
2021M08,Maribor,2.43 Druge države in ozemlja Oceanije,Prenočitve turistov,1
2021M08,Maribor,2.44 Izrael,Prihodi turistov,27
2021M08,Maribor,2.44 Izrael,Prenočitve turistov,49
2021M08,Maribor,2.45 Japonska,Prihodi turistov,12
2021M08,Maribor,2.45 Japonska,Prenočitve turistov,30
2021M08,Maribor,2.46 Kitajska (Ljudska republika),Prihodi turistov,17
2021M08,Maribor,2.46 Kitajska (Ljudska republika),Prenočitve turistov,29
2021M08,Maribor,2.47 Koreja (Republika),Prihodi turistov,1
2021M08,Maribor,2.47 Koreja (Republika),Prenočitve turistov,3
2021M08,Maribor,2.48 Druge azijske države,Prihodi turistov,113
2021M08,Maribor,2.48 Druge azijske države,Prenočitve turistov,599
2021M08,Maribor,2.49 Brazilija,Prihodi turistov,11
2021M08,Maribor,2.49 Brazilija,Prenočitve turistov,72
2021M08,Maribor,2.50 Druge države Južne in Srednje Amerike,Prihodi turistov,44
2021M08,Maribor,2.50 Druge države Južne in Srednje Amerike,Prenočitve turistov,110
2021M08,Maribor,2.51 Kanada,Prihodi turistov,30
2021M08,Maribor,2.51 Kanada,Prenočitve turistov,127
2021M08,Maribor,2.52 Združene države (ZDA),Prihodi turistov,149
2021M08,Maribor,2.52 Združene države (ZDA),Prenočitve turistov,462
2021M08,Maribor,2.53 Druge države in ozemlja Severne Amerike,Prihodi turistov,
2021M08,Maribor,2.53 Druge države in ozemlja Severne Amerike,Prenočitve turistov,
2021M09,Maribor,0 Država - SKUPAJ,Prihodi turistov,16005
2021M09,Maribor,0 Država - SKUPAJ,Prenočitve turistov,30867
2021M09,Maribor,1 DOMAČI,Prihodi turistov,3510
2021M09,Maribor,1 DOMAČI,Prenočitve turistov,6721
2021M09,Maribor,2 TUJI,Prihodi turistov,12495
2021M09,Maribor,2 TUJI,Prenočitve turistov,24146
2021M09,Maribor,2.1 Avstrija,Prihodi turistov,1115
2021M09,Maribor,2.1 Avstrija,Prenočitve turistov,1556
2021M09,Maribor,2.2 Belgija,Prihodi turistov,280
2021M09,Maribor,2.2 Belgija,Prenočitve turistov,465
2021M09,Maribor,2.3 Bolgarija,Prihodi turistov,71
2021M09,Maribor,2.3 Bolgarija,Prenočitve turistov,141
2021M09,Maribor,2.4 Bosna in Hercegovina,Prihodi turistov,439
2021M09,Maribor,2.4 Bosna in Hercegovina,Prenočitve turistov,1243
2021M09,Maribor,2.5 Ciper,Prihodi turistov,3
2021M09,Maribor,2.5 Ciper,Prenočitve turistov,9
2021M09,Maribor,2.6 Češka republika,Prihodi turistov,650
2021M09,Maribor,2.6 Češka republika,Prenočitve turistov,999
2021M09,Maribor,2.7 Črna gora,Prihodi turistov,46
2021M09,Maribor,2.7 Črna gora,Prenočitve turistov,183
2021M09,Maribor,2.8 Danska,Prihodi turistov,36
2021M09,Maribor,2.8 Danska,Prenočitve turistov,64
2021M09,Maribor,2.9 Estonija,Prihodi turistov,29
2021M09,Maribor,2.9 Estonija,Prenočitve turistov,35
2021M09,Maribor,2.10 Finska,Prihodi turistov,40
2021M09,Maribor,2.10 Finska,Prenočitve turistov,211
2021M09,Maribor,2.11 Francija,Prihodi turistov,323
2021M09,Maribor,2.11 Francija,Prenočitve turistov,674
2021M09,Maribor,2.12 Grčija,Prihodi turistov,40
2021M09,Maribor,2.12 Grčija,Prenočitve turistov,113
2021M09,Maribor,2.13 Hrvaška,Prihodi turistov,514
2021M09,Maribor,2.13 Hrvaška,Prenočitve turistov,1407
2021M09,Maribor,2.14 Irska,Prihodi turistov,19
2021M09,Maribor,2.14 Irska,Prenočitve turistov,34
2021M09,Maribor,2.15 Islandija,Prihodi turistov,4
2021M09,Maribor,2.15 Islandija,Prenočitve turistov,14
2021M09,Maribor,2.16 Italija,Prihodi turistov,515
2021M09,Maribor,2.16 Italija,Prenočitve turistov,1451
2021M09,Maribor,2.17 Latvija,Prihodi turistov,38
2021M09,Maribor,2.17 Latvija,Prenočitve turistov,45
2021M09,Maribor,2.18 Litva,Prihodi turistov,68
2021M09,Maribor,2.18 Litva,Prenočitve turistov,110
2021M09,Maribor,2.19 Luksemburg,Prihodi turistov,9
2021M09,Maribor,2.19 Luksemburg,Prenočitve turistov,12
2021M09,Maribor,2.20 Madžarska,Prihodi turistov,312
2021M09,Maribor,2.20 Madžarska,Prenočitve turistov,521
2021M09,Maribor,2.21 Makedonija,Prihodi turistov,194
2021M09,Maribor,2.21 Makedonija,Prenočitve turistov,1231
2021M09,Maribor,2.22 Malta,Prihodi turistov,2
2021M09,Maribor,2.22 Malta,Prenočitve turistov,6
2021M09,Maribor,2.23 Nemčija,Prihodi turistov,2922
2021M09,Maribor,2.23 Nemčija,Prenočitve turistov,4788
2021M09,Maribor,2.24 Nizozemska,Prihodi turistov,795
2021M09,Maribor,2.24 Nizozemska,Prenočitve turistov,1222
2021M09,Maribor,2.25 Norveška,Prihodi turistov,16
2021M09,Maribor,2.25 Norveška,Prenočitve turistov,19
2021M09,Maribor,2.26 Poljska,Prihodi turistov,1587
2021M09,Maribor,2.26 Poljska,Prenočitve turistov,1834
2021M09,Maribor,2.27 Portugalska,Prihodi turistov,58
2021M09,Maribor,2.27 Portugalska,Prenočitve turistov,267
2021M09,Maribor,2.28 Romunija,Prihodi turistov,479
2021M09,Maribor,2.28 Romunija,Prenočitve turistov,636
2021M09,Maribor,2.29 Ruska federacija,Prihodi turistov,79
2021M09,Maribor,2.29 Ruska federacija,Prenočitve turistov,244
2021M09,Maribor,2.30 Slovaška,Prihodi turistov,215
2021M09,Maribor,2.30 Slovaška,Prenočitve turistov,316
2021M09,Maribor,2.31 Srbija,Prihodi turistov,420
2021M09,Maribor,2.31 Srbija,Prenočitve turistov,1441
2021M09,Maribor,2.32 Španija,Prihodi turistov,145
2021M09,Maribor,2.32 Španija,Prenočitve turistov,393
2021M09,Maribor,2.33 Švedska,Prihodi turistov,92
2021M09,Maribor,2.33 Švedska,Prenočitve turistov,157
2021M09,Maribor,2.34 Švica,Prihodi turistov,197
2021M09,Maribor,2.34 Švica,Prenočitve turistov,446
2021M09,Maribor,2.35 Turčija,Prihodi turistov,50
2021M09,Maribor,2.35 Turčija,Prenočitve turistov,166
2021M09,Maribor,2.36 Ukrajina,Prihodi turistov,192
2021M09,Maribor,2.36 Ukrajina,Prenočitve turistov,276
2021M09,Maribor,2.37 Združeno kraljestvo,Prihodi turistov,105
2021M09,Maribor,2.37 Združeno kraljestvo,Prenočitve turistov,212
2021M09,Maribor,2.38 Druge evropske države,Prihodi turistov,69
2021M09,Maribor,2.38 Druge evropske države,Prenočitve turistov,127
2021M09,Maribor,2.39 Južna Afrika,Prihodi turistov,
2021M09,Maribor,2.39 Južna Afrika,Prenočitve turistov,
2021M09,Maribor,2.40 Druge afriške države,Prihodi turistov,11
2021M09,Maribor,2.40 Druge afriške države,Prenočitve turistov,100
2021M09,Maribor,2.41 Avstralija,Prihodi turistov,5
2021M09,Maribor,2.41 Avstralija,Prenočitve turistov,8
2021M09,Maribor,2.42 Nova Zelandija,Prihodi turistov,
2021M09,Maribor,2.42 Nova Zelandija,Prenočitve turistov,
2021M09,Maribor,2.43 Druge države in ozemlja Oceanije,Prihodi turistov,1
2021M09,Maribor,2.43 Druge države in ozemlja Oceanije,Prenočitve turistov,1
2021M09,Maribor,2.44 Izrael,Prihodi turistov,62
2021M09,Maribor,2.44 Izrael,Prenočitve turistov,94
2021M09,Maribor,2.45 Japonska,Prihodi turistov,13
2021M09,Maribor,2.45 Japonska,Prenočitve turistov,15
2021M09,Maribor,2.46 Kitajska (Ljudska republika),Prihodi turistov,6
2021M09,Maribor,2.46 Kitajska (Ljudska republika),Prenočitve turistov,6
2021M09,Maribor,2.47 Koreja (Republika),Prihodi turistov,3
2021M09,Maribor,2.47 Koreja (Republika),Prenočitve turistov,14
2021M09,Maribor,2.48 Druge azijske države,Prihodi turistov,69
2021M09,Maribor,2.48 Druge azijske države,Prenočitve turistov,416
2021M09,Maribor,2.49 Brazilija,Prihodi turistov,20
2021M09,Maribor,2.49 Brazilija,Prenočitve turistov,42
2021M09,Maribor,2.50 Druge države Južne in Srednje Amerike,Prihodi turistov,17
2021M09,Maribor,2.50 Druge države Južne in Srednje Amerike,Prenočitve turistov,38
2021M09,Maribor,2.51 Kanada,Prihodi turistov,36
2021M09,Maribor,2.51 Kanada,Prenočitve turistov,198
2021M09,Maribor,2.52 Združene države (ZDA),Prihodi turistov,84
2021M09,Maribor,2.52 Združene države (ZDA),Prenočitve turistov,146
2021M09,Maribor,2.53 Druge države in ozemlja Severne Amerike,Prihodi turistov,
2021M09,Maribor,2.53 Druge države in ozemlja Severne Amerike,Prenočitve turistov,
2021M10,Maribor,0 Država - SKUPAJ,Prihodi turistov,11263
2021M10,Maribor,0 Država - SKUPAJ,Prenočitve turistov,33977
2021M10,Maribor,1 DOMAČI,Prihodi turistov,4293
2021M10,Maribor,1 DOMAČI,Prenočitve turistov,8027
2021M10,Maribor,2 TUJI,Prihodi turistov,6970
2021M10,Maribor,2 TUJI,Prenočitve turistov,25950
2021M10,Maribor,2.1 Avstrija,Prihodi turistov,1035
2021M10,Maribor,2.1 Avstrija,Prenočitve turistov,1664
2021M10,Maribor,2.2 Belgija,Prihodi turistov,90
2021M10,Maribor,2.2 Belgija,Prenočitve turistov,149
2021M10,Maribor,2.3 Bolgarija,Prihodi turistov,66
2021M10,Maribor,2.3 Bolgarija,Prenočitve turistov,166
2021M10,Maribor,2.4 Bosna in Hercegovina,Prihodi turistov,353
2021M10,Maribor,2.4 Bosna in Hercegovina,Prenočitve turistov,1819
2021M10,Maribor,2.5 Ciper,Prihodi turistov,2
2021M10,Maribor,2.5 Ciper,Prenočitve turistov,14
2021M10,Maribor,2.6 Češka republika,Prihodi turistov,233
2021M10,Maribor,2.6 Češka republika,Prenočitve turistov,853
2021M10,Maribor,2.7 Črna gora,Prihodi turistov,86
2021M10,Maribor,2.7 Črna gora,Prenočitve turistov,803
2021M10,Maribor,2.8 Danska,Prihodi turistov,22
2021M10,Maribor,2.8 Danska,Prenočitve turistov,33
2021M10,Maribor,2.9 Estonija,Prihodi turistov,14
2021M10,Maribor,2.9 Estonija,Prenočitve turistov,33
2021M10,Maribor,2.10 Finska,Prihodi turistov,16
2021M10,Maribor,2.10 Finska,Prenočitve turistov,79
2021M10,Maribor,2.11 Francija,Prihodi turistov,287
2021M10,Maribor,2.11 Francija,Prenočitve turistov,1147
2021M10,Maribor,2.12 Grčija,Prihodi turistov,53
2021M10,Maribor,2.12 Grčija,Prenočitve turistov,298
2021M10,Maribor,2.13 Hrvaška,Prihodi turistov,396
2021M10,Maribor,2.13 Hrvaška,Prenočitve turistov,1675
2021M10,Maribor,2.14 Irska,Prihodi turistov,23
2021M10,Maribor,2.14 Irska,Prenočitve turistov,39
2021M10,Maribor,2.15 Islandija,Prihodi turistov,
2021M10,Maribor,2.15 Islandija,Prenočitve turistov,
2021M10,Maribor,2.16 Italija,Prihodi turistov,400
2021M10,Maribor,2.16 Italija,Prenočitve turistov,1273
2021M10,Maribor,2.17 Latvija,Prihodi turistov,25
2021M10,Maribor,2.17 Latvija,Prenočitve turistov,45
2021M10,Maribor,2.18 Litva,Prihodi turistov,25
2021M10,Maribor,2.18 Litva,Prenočitve turistov,36
2021M10,Maribor,2.19 Luksemburg,Prihodi turistov,2
2021M10,Maribor,2.19 Luksemburg,Prenočitve turistov,3
2021M10,Maribor,2.20 Madžarska,Prihodi turistov,266
2021M10,Maribor,2.20 Madžarska,Prenočitve turistov,492
2021M10,Maribor,2.21 Makedonija,Prihodi turistov,124
2021M10,Maribor,2.21 Makedonija,Prenočitve turistov,2687
2021M10,Maribor,2.22 Malta,Prihodi turistov,15
2021M10,Maribor,2.22 Malta,Prenočitve turistov,16
2021M10,Maribor,2.23 Nemčija,Prihodi turistov,1256
2021M10,Maribor,2.23 Nemčija,Prenočitve turistov,2302
2021M10,Maribor,2.24 Nizozemska,Prihodi turistov,147
2021M10,Maribor,2.24 Nizozemska,Prenočitve turistov,312
2021M10,Maribor,2.25 Norveška,Prihodi turistov,16
2021M10,Maribor,2.25 Norveška,Prenočitve turistov,18
2021M10,Maribor,2.26 Poljska,Prihodi turistov,215
2021M10,Maribor,2.26 Poljska,Prenočitve turistov,451
2021M10,Maribor,2.27 Portugalska,Prihodi turistov,59
2021M10,Maribor,2.27 Portugalska,Prenočitve turistov,818
2021M10,Maribor,2.28 Romunija,Prihodi turistov,198
2021M10,Maribor,2.28 Romunija,Prenočitve turistov,355
2021M10,Maribor,2.29 Ruska federacija,Prihodi turistov,231
2021M10,Maribor,2.29 Ruska federacija,Prenočitve turistov,685
2021M10,Maribor,2.30 Slovaška,Prihodi turistov,96
2021M10,Maribor,2.30 Slovaška,Prenočitve turistov,342
2021M10,Maribor,2.31 Srbija,Prihodi turistov,380
2021M10,Maribor,2.31 Srbija,Prenočitve turistov,3041
2021M10,Maribor,2.32 Španija,Prihodi turistov,146
2021M10,Maribor,2.32 Španija,Prenočitve turistov,1087
2021M10,Maribor,2.33 Švedska,Prihodi turistov,37
2021M10,Maribor,2.33 Švedska,Prenočitve turistov,78
2021M10,Maribor,2.34 Švica,Prihodi turistov,101
2021M10,Maribor,2.34 Švica,Prenočitve turistov,173
2021M10,Maribor,2.35 Turčija,Prihodi turistov,49
2021M10,Maribor,2.35 Turčija,Prenočitve turistov,1175
2021M10,Maribor,2.36 Ukrajina,Prihodi turistov,112
2021M10,Maribor,2.36 Ukrajina,Prenočitve turistov,437
2021M10,Maribor,2.37 Združeno kraljestvo,Prihodi turistov,65
2021M10,Maribor,2.37 Združeno kraljestvo,Prenočitve turistov,174
2021M10,Maribor,2.38 Druge evropske države,Prihodi turistov,59
2021M10,Maribor,2.38 Druge evropske države,Prenočitve turistov,297
2021M10,Maribor,2.39 Južna Afrika,Prihodi turistov,6
2021M10,Maribor,2.39 Južna Afrika,Prenočitve turistov,11
2021M10,Maribor,2.40 Druge afriške države,Prihodi turistov,16
2021M10,Maribor,2.40 Druge afriške države,Prenočitve turistov,208
2021M10,Maribor,2.41 Avstralija,Prihodi turistov,7
2021M10,Maribor,2.41 Avstralija,Prenočitve turistov,11
2021M10,Maribor,2.42 Nova Zelandija,Prihodi turistov,1
2021M10,Maribor,2.42 Nova Zelandija,Prenočitve turistov,3
2021M10,Maribor,2.43 Druge države in ozemlja Oceanije,Prihodi turistov,
2021M10,Maribor,2.43 Druge države in ozemlja Oceanije,Prenočitve turistov,
2021M10,Maribor,2.44 Izrael,Prihodi turistov,31
2021M10,Maribor,2.44 Izrael,Prenočitve turistov,103
2021M10,Maribor,2.45 Japonska,Prihodi turistov,7
2021M10,Maribor,2.45 Japonska,Prenočitve turistov,11
2021M10,Maribor,2.46 Kitajska (Ljudska republika),Prihodi turistov,11
2021M10,Maribor,2.46 Kitajska (Ljudska republika),Prenočitve turistov,13
2021M10,Maribor,2.47 Koreja (Republika),Prihodi turistov,2
2021M10,Maribor,2.47 Koreja (Republika),Prenočitve turistov,38
2021M10,Maribor,2.48 Druge azijske države,Prihodi turistov,57
2021M10,Maribor,2.48 Druge azijske države,Prenočitve turistov,167
2021M10,Maribor,2.49 Brazilija,Prihodi turistov,23
2021M10,Maribor,2.49 Brazilija,Prenočitve turistov,49
2021M10,Maribor,2.50 Druge države Južne in Srednje Amerike,Prihodi turistov,19
2021M10,Maribor,2.50 Druge države Južne in Srednje Amerike,Prenočitve turistov,94
2021M10,Maribor,2.51 Kanada,Prihodi turistov,12
2021M10,Maribor,2.51 Kanada,Prenočitve turistov,20
2021M10,Maribor,2.52 Združene države (ZDA),Prihodi turistov,78
2021M10,Maribor,2.52 Združene države (ZDA),Prenočitve turistov,153
2021M10,Maribor,2.53 Druge države in ozemlja Severne Amerike,Prihodi turistov,
2021M10,Maribor,2.53 Druge države in ozemlja Severne Amerike,Prenočitve turistov,
2021M11,Maribor,0 Država - SKUPAJ,Prihodi turistov,6724
2021M11,Maribor,0 Država - SKUPAJ,Prenočitve turistov,26642
2021M11,Maribor,1 DOMAČI,Prihodi turistov,2645
2021M11,Maribor,1 DOMAČI,Prenočitve turistov,5187
2021M11,Maribor,2 TUJI,Prihodi turistov,4079
2021M11,Maribor,2 TUJI,Prenočitve turistov,21455
2021M11,Maribor,2.1 Avstrija,Prihodi turistov,344
2021M11,Maribor,2.1 Avstrija,Prenočitve turistov,564
2021M11,Maribor,2.2 Belgija,Prihodi turistov,62
2021M11,Maribor,2.2 Belgija,Prenočitve turistov,131
2021M11,Maribor,2.3 Bolgarija,Prihodi turistov,40
2021M11,Maribor,2.3 Bolgarija,Prenočitve turistov,112
2021M11,Maribor,2.4 Bosna in Hercegovina,Prihodi turistov,343
2021M11,Maribor,2.4 Bosna in Hercegovina,Prenočitve turistov,1826
2021M11,Maribor,2.5 Ciper,Prihodi turistov,4
2021M11,Maribor,2.5 Ciper,Prenočitve turistov,25
2021M11,Maribor,2.6 Češka republika,Prihodi turistov,107
2021M11,Maribor,2.6 Češka republika,Prenočitve turistov,936
2021M11,Maribor,2.7 Črna gora,Prihodi turistov,36
2021M11,Maribor,2.7 Črna gora,Prenočitve turistov,782
2021M11,Maribor,2.8 Danska,Prihodi turistov,13
2021M11,Maribor,2.8 Danska,Prenočitve turistov,25
2021M11,Maribor,2.9 Estonija,Prihodi turistov,4
2021M11,Maribor,2.9 Estonija,Prenočitve turistov,14
2021M11,Maribor,2.10 Finska,Prihodi turistov,9
2021M11,Maribor,2.10 Finska,Prenočitve turistov,90
2021M11,Maribor,2.11 Francija,Prihodi turistov,93
2021M11,Maribor,2.11 Francija,Prenočitve turistov,808
2021M11,Maribor,2.12 Grčija,Prihodi turistov,47
2021M11,Maribor,2.12 Grčija,Prenočitve turistov,233
2021M11,Maribor,2.13 Hrvaška,Prihodi turistov,389
2021M11,Maribor,2.13 Hrvaška,Prenočitve turistov,1724
2021M11,Maribor,2.14 Irska,Prihodi turistov,19
2021M11,Maribor,2.14 Irska,Prenočitve turistov,48
2021M11,Maribor,2.15 Islandija,Prihodi turistov,
2021M11,Maribor,2.15 Islandija,Prenočitve turistov,
2021M11,Maribor,2.16 Italija,Prihodi turistov,339
2021M11,Maribor,2.16 Italija,Prenočitve turistov,778
2021M11,Maribor,2.17 Latvija,Prihodi turistov,13
2021M11,Maribor,2.17 Latvija,Prenočitve turistov,32
2021M11,Maribor,2.18 Litva,Prihodi turistov,14
2021M11,Maribor,2.18 Litva,Prenočitve turistov,32
2021M11,Maribor,2.19 Luksemburg,Prihodi turistov,1
2021M11,Maribor,2.19 Luksemburg,Prenočitve turistov,1
2021M11,Maribor,2.20 Madžarska,Prihodi turistov,143
2021M11,Maribor,2.20 Madžarska,Prenočitve turistov,322
2021M11,Maribor,2.21 Makedonija,Prihodi turistov,70
2021M11,Maribor,2.21 Makedonija,Prenočitve turistov,2500
2021M11,Maribor,2.22 Malta,Prihodi turistov,
2021M11,Maribor,2.22 Malta,Prenočitve turistov,
2021M11,Maribor,2.23 Nemčija,Prihodi turistov,350
2021M11,Maribor,2.23 Nemčija,Prenočitve turistov,1230
2021M11,Maribor,2.24 Nizozemska,Prihodi turistov,70
2021M11,Maribor,2.24 Nizozemska,Prenočitve turistov,286
2021M11,Maribor,2.25 Norveška,Prihodi turistov,13
2021M11,Maribor,2.25 Norveška,Prenočitve turistov,22
2021M11,Maribor,2.26 Poljska,Prihodi turistov,83
2021M11,Maribor,2.26 Poljska,Prenočitve turistov,255
2021M11,Maribor,2.27 Portugalska,Prihodi turistov,61
2021M11,Maribor,2.27 Portugalska,Prenočitve turistov,741
2021M11,Maribor,2.28 Romunija,Prihodi turistov,210
2021M11,Maribor,2.28 Romunija,Prenočitve turistov,427
2021M11,Maribor,2.29 Ruska federacija,Prihodi turistov,66
2021M11,Maribor,2.29 Ruska federacija,Prenočitve turistov,319
2021M11,Maribor,2.30 Slovaška,Prihodi turistov,75
2021M11,Maribor,2.30 Slovaška,Prenočitve turistov,331
2021M11,Maribor,2.31 Srbija,Prihodi turistov,317
2021M11,Maribor,2.31 Srbija,Prenočitve turistov,2945
2021M11,Maribor,2.32 Španija,Prihodi turistov,100
2021M11,Maribor,2.32 Španija,Prenočitve turistov,1044
2021M11,Maribor,2.33 Švedska,Prihodi turistov,16
2021M11,Maribor,2.33 Švedska,Prenočitve turistov,34
2021M11,Maribor,2.34 Švica,Prihodi turistov,25
2021M11,Maribor,2.34 Švica,Prenočitve turistov,62
2021M11,Maribor,2.35 Turčija,Prihodi turistov,20
2021M11,Maribor,2.35 Turčija,Prenočitve turistov,1122
2021M11,Maribor,2.36 Ukrajina,Prihodi turistov,83
2021M11,Maribor,2.36 Ukrajina,Prenočitve turistov,389
2021M11,Maribor,2.37 Združeno kraljestvo,Prihodi turistov,216
2021M11,Maribor,2.37 Združeno kraljestvo,Prenočitve turistov,334
2021M11,Maribor,2.38 Druge evropske države,Prihodi turistov,61
2021M11,Maribor,2.38 Druge evropske države,Prenočitve turistov,176
2021M11,Maribor,2.39 Južna Afrika,Prihodi turistov,6
2021M11,Maribor,2.39 Južna Afrika,Prenočitve turistov,12
2021M11,Maribor,2.40 Druge afriške države,Prihodi turistov,10
2021M11,Maribor,2.40 Druge afriške države,Prenočitve turistov,197
2021M11,Maribor,2.41 Avstralija,Prihodi turistov,4
2021M11,Maribor,2.41 Avstralija,Prenočitve turistov,10
2021M11,Maribor,2.42 Nova Zelandija,Prihodi turistov,2
2021M11,Maribor,2.42 Nova Zelandija,Prenočitve turistov,3
2021M11,Maribor,2.43 Druge države in ozemlja Oceanije,Prihodi turistov,2
2021M11,Maribor,2.43 Druge države in ozemlja Oceanije,Prenočitve turistov,4
2021M11,Maribor,2.44 Izrael,Prihodi turistov,49
2021M11,Maribor,2.44 Izrael,Prenočitve turistov,55
2021M11,Maribor,2.45 Japonska,Prihodi turistov,4
2021M11,Maribor,2.45 Japonska,Prenočitve turistov,7
2021M11,Maribor,2.46 Kitajska (Ljudska republika),Prihodi turistov,20
2021M11,Maribor,2.46 Kitajska (Ljudska republika),Prenočitve turistov,88
2021M11,Maribor,2.47 Koreja (Republika),Prihodi turistov,21
2021M11,Maribor,2.47 Koreja (Republika),Prenočitve turistov,28
2021M11,Maribor,2.48 Druge azijske države,Prihodi turistov,29
2021M11,Maribor,2.48 Druge azijske države,Prenočitve turistov,116
2021M11,Maribor,2.49 Brazilija,Prihodi turistov,18
2021M11,Maribor,2.49 Brazilija,Prenočitve turistov,24
2021M11,Maribor,2.50 Druge države Južne in Srednje Amerike,Prihodi turistov,16
2021M11,Maribor,2.50 Druge države Južne in Srednje Amerike,Prenočitve turistov,94
2021M11,Maribor,2.51 Kanada,Prihodi turistov,6
2021M11,Maribor,2.51 Kanada,Prenočitve turistov,17
2021M11,Maribor,2.52 Združene države (ZDA),Prihodi turistov,36
2021M11,Maribor,2.52 Združene države (ZDA),Prenočitve turistov,100
2021M11,Maribor,2.53 Druge države in ozemlja Severne Amerike,Prihodi turistov,
2021M11,Maribor,2.53 Druge države in ozemlja Severne Amerike,Prenočitve turistov,
2021M12,Maribor,0 Država - SKUPAJ,Prihodi turistov,7736
2021M12,Maribor,0 Država - SKUPAJ,Prenočitve turistov,26749
2021M12,Maribor,1 DOMAČI,Prihodi turistov,3185
2021M12,Maribor,1 DOMAČI,Prenočitve turistov,6518
2021M12,Maribor,2 TUJI,Prihodi turistov,4551
2021M12,Maribor,2 TUJI,Prenočitve turistov,20231
2021M12,Maribor,2.1 Avstrija,Prihodi turistov,524
2021M12,Maribor,2.1 Avstrija,Prenočitve turistov,909
2021M12,Maribor,2.2 Belgija,Prihodi turistov,14
2021M12,Maribor,2.2 Belgija,Prenočitve turistov,34
2021M12,Maribor,2.3 Bolgarija,Prihodi turistov,82
2021M12,Maribor,2.3 Bolgarija,Prenočitve turistov,123
2021M12,Maribor,2.4 Bosna in Hercegovina,Prihodi turistov,336
2021M12,Maribor,2.4 Bosna in Hercegovina,Prenočitve turistov,1618
2021M12,Maribor,2.5 Ciper,Prihodi turistov,4
2021M12,Maribor,2.5 Ciper,Prenočitve turistov,4
2021M12,Maribor,2.6 Češka republika,Prihodi turistov,41
2021M12,Maribor,2.6 Češka republika,Prenočitve turistov,420
2021M12,Maribor,2.7 Črna gora,Prihodi turistov,45
2021M12,Maribor,2.7 Črna gora,Prenočitve turistov,693
2021M12,Maribor,2.8 Danska,Prihodi turistov,1
2021M12,Maribor,2.8 Danska,Prenočitve turistov,2
2021M12,Maribor,2.9 Estonija,Prihodi turistov,8
2021M12,Maribor,2.9 Estonija,Prenočitve turistov,8
2021M12,Maribor,2.10 Finska,Prihodi turistov,1
2021M12,Maribor,2.10 Finska,Prenočitve turistov,32
2021M12,Maribor,2.11 Francija,Prihodi turistov,52
2021M12,Maribor,2.11 Francija,Prenočitve turistov,635
2021M12,Maribor,2.12 Grčija,Prihodi turistov,15
2021M12,Maribor,2.12 Grčija,Prenočitve turistov,175
2021M12,Maribor,2.13 Hrvaška,Prihodi turistov,541
2021M12,Maribor,2.13 Hrvaška,Prenočitve turistov,1997
2021M12,Maribor,2.14 Irska,Prihodi turistov,8
2021M12,Maribor,2.14 Irska,Prenočitve turistov,45
2021M12,Maribor,2.15 Islandija,Prihodi turistov,1
2021M12,Maribor,2.15 Islandija,Prenočitve turistov,3
2021M12,Maribor,2.16 Italija,Prihodi turistov,242
2021M12,Maribor,2.16 Italija,Prenočitve turistov,581
2021M12,Maribor,2.17 Latvija,Prihodi turistov,11
2021M12,Maribor,2.17 Latvija,Prenočitve turistov,27
2021M12,Maribor,2.18 Litva,Prihodi turistov,11
2021M12,Maribor,2.18 Litva,Prenočitve turistov,24
2021M12,Maribor,2.19 Luksemburg,Prihodi turistov,7
2021M12,Maribor,2.19 Luksemburg,Prenočitve turistov,7
2021M12,Maribor,2.20 Madžarska,Prihodi turistov,740
2021M12,Maribor,2.20 Madžarska,Prenočitve turistov,1785
2021M12,Maribor,2.21 Makedonija,Prihodi turistov,66
2021M12,Maribor,2.21 Makedonija,Prenočitve turistov,1874
2021M12,Maribor,2.22 Malta,Prihodi turistov,13
2021M12,Maribor,2.22 Malta,Prenočitve turistov,50
2021M12,Maribor,2.23 Nemčija,Prihodi turistov,295
2021M12,Maribor,2.23 Nemčija,Prenočitve turistov,1023
2021M12,Maribor,2.24 Nizozemska,Prihodi turistov,53
2021M12,Maribor,2.24 Nizozemska,Prenočitve turistov,187
2021M12,Maribor,2.25 Norveška,Prihodi turistov,3
2021M12,Maribor,2.25 Norveška,Prenočitve turistov,8
2021M12,Maribor,2.26 Poljska,Prihodi turistov,51
2021M12,Maribor,2.26 Poljska,Prenočitve turistov,161
2021M12,Maribor,2.27 Portugalska,Prihodi turistov,13
2021M12,Maribor,2.27 Portugalska,Prenočitve turistov,469
2021M12,Maribor,2.28 Romunija,Prihodi turistov,347
2021M12,Maribor,2.28 Romunija,Prenočitve turistov,591
2021M12,Maribor,2.29 Ruska federacija,Prihodi turistov,115
2021M12,Maribor,2.29 Ruska federacija,Prenočitve turistov,342
2021M12,Maribor,2.30 Slovaška,Prihodi turistov,56
2021M12,Maribor,2.30 Slovaška,Prenočitve turistov,298
2021M12,Maribor,2.31 Srbija,Prihodi turistov,291
2021M12,Maribor,2.31 Srbija,Prenočitve turistov,2437
2021M12,Maribor,2.32 Španija,Prihodi turistov,54
2021M12,Maribor,2.32 Španija,Prenočitve turistov,687
2021M12,Maribor,2.33 Švedska,Prihodi turistov,20
2021M12,Maribor,2.33 Švedska,Prenočitve turistov,39
2021M12,Maribor,2.34 Švica,Prihodi turistov,30
2021M12,Maribor,2.34 Švica,Prenočitve turistov,48
2021M12,Maribor,2.35 Turčija,Prihodi turistov,20
2021M12,Maribor,2.35 Turčija,Prenočitve turistov,1167
2021M12,Maribor,2.36 Ukrajina,Prihodi turistov,119
2021M12,Maribor,2.36 Ukrajina,Prenočitve turistov,494
2021M12,Maribor,2.37 Združeno kraljestvo,Prihodi turistov,31
2021M12,Maribor,2.37 Združeno kraljestvo,Prenočitve turistov,83
2021M12,Maribor,2.38 Druge evropske države,Prihodi turistov,79
2021M12,Maribor,2.38 Druge evropske države,Prenočitve turistov,147
2021M12,Maribor,2.39 Južna Afrika,Prihodi turistov,
2021M12,Maribor,2.39 Južna Afrika,Prenočitve turistov,
2021M12,Maribor,2.40 Druge afriške države,Prihodi turistov,12
2021M12,Maribor,2.40 Druge afriške države,Prenočitve turistov,243
2021M12,Maribor,2.41 Avstralija,Prihodi turistov,2
2021M12,Maribor,2.41 Avstralija,Prenočitve turistov,3
2021M12,Maribor,2.42 Nova Zelandija,Prihodi turistov,2
2021M12,Maribor,2.42 Nova Zelandija,Prenočitve turistov,3
2021M12,Maribor,2.43 Druge države in ozemlja Oceanije,Prihodi turistov,1
2021M12,Maribor,2.43 Druge države in ozemlja Oceanije,Prenočitve turistov,6
2021M12,Maribor,2.44 Izrael,Prihodi turistov,24
2021M12,Maribor,2.44 Izrael,Prenočitve turistov,40
2021M12,Maribor,2.45 Japonska,Prihodi turistov,10
2021M12,Maribor,2.45 Japonska,Prenočitve turistov,24
2021M12,Maribor,2.46 Kitajska (Ljudska republika),Prihodi turistov,15
2021M12,Maribor,2.46 Kitajska (Ljudska republika),Prenočitve turistov,25
2021M12,Maribor,2.47 Koreja (Republika),Prihodi turistov,12
2021M12,Maribor,2.47 Koreja (Republika),Prenočitve turistov,16
2021M12,Maribor,2.48 Druge azijske države,Prihodi turistov,75
2021M12,Maribor,2.48 Druge azijske države,Prenočitve turistov,384
2021M12,Maribor,2.49 Brazilija,Prihodi turistov,4
2021M12,Maribor,2.49 Brazilija,Prenočitve turistov,14
2021M12,Maribor,2.50 Druge države Južne in Srednje Amerike,Prihodi turistov,11
2021M12,Maribor,2.50 Druge države Južne in Srednje Amerike,Prenočitve turistov,74
2021M12,Maribor,2.51 Kanada,Prihodi turistov,4
2021M12,Maribor,2.51 Kanada,Prenočitve turistov,5
2021M12,Maribor,2.52 Združene države (ZDA),Prihodi turistov,39
2021M12,Maribor,2.52 Združene države (ZDA),Prenočitve turistov,167
2021M12,Maribor,2.53 Druge države in ozemlja Severne Amerike,Prihodi turistov,
2021M12,Maribor,2.53 Druge države in ozemlja Severne Amerike,Prenočitve turistov,
2022M01,Maribor,0 Država - SKUPAJ,Prihodi turistov,6331
2022M01,Maribor,0 Država - SKUPAJ,Prenočitve turistov,22420
2022M01,Maribor,1 DOMAČI,Prihodi turistov,1260
2022M01,Maribor,1 DOMAČI,Prenočitve turistov,2685
2022M01,Maribor,2 TUJI,Prihodi turistov,5071
2022M01,Maribor,2 TUJI,Prenočitve turistov,19735
2022M01,Maribor,2.1 Avstrija,Prihodi turistov,297
2022M01,Maribor,2.1 Avstrija,Prenočitve turistov,614
2022M01,Maribor,2.2 Belgija,Prihodi turistov,26
2022M01,Maribor,2.2 Belgija,Prenočitve turistov,53
2022M01,Maribor,2.3 Bolgarija,Prihodi turistov,62
2022M01,Maribor,2.3 Bolgarija,Prenočitve turistov,90
2022M01,Maribor,2.4 Bosna in Hercegovina,Prihodi turistov,325
2022M01,Maribor,2.4 Bosna in Hercegovina,Prenočitve turistov,1175
2022M01,Maribor,2.5 Ciper,Prihodi turistov,20
2022M01,Maribor,2.5 Ciper,Prenočitve turistov,85
2022M01,Maribor,2.6 Češka republika,Prihodi turistov,95
2022M01,Maribor,2.6 Češka republika,Prenočitve turistov,622
2022M01,Maribor,2.7 Črna gora,Prihodi turistov,30
2022M01,Maribor,2.7 Črna gora,Prenočitve turistov,368
2022M01,Maribor,2.8 Danska,Prihodi turistov,5
2022M01,Maribor,2.8 Danska,Prenočitve turistov,12
2022M01,Maribor,2.9 Estonija,Prihodi turistov,
2022M01,Maribor,2.9 Estonija,Prenočitve turistov,
2022M01,Maribor,2.10 Finska,Prihodi turistov,14
2022M01,Maribor,2.10 Finska,Prenočitve turistov,76
2022M01,Maribor,2.11 Francija,Prihodi turistov,77
2022M01,Maribor,2.11 Francija,Prenočitve turistov,681
2022M01,Maribor,2.12 Grčija,Prihodi turistov,27
2022M01,Maribor,2.12 Grčija,Prenočitve turistov,175
2022M01,Maribor,2.13 Hrvaška,Prihodi turistov,761
2022M01,Maribor,2.13 Hrvaška,Prenočitve turistov,2523
2022M01,Maribor,2.14 Irska,Prihodi turistov,10
2022M01,Maribor,2.14 Irska,Prenočitve turistov,35
2022M01,Maribor,2.15 Islandija,Prihodi turistov,
2022M01,Maribor,2.15 Islandija,Prenočitve turistov,
2022M01,Maribor,2.16 Italija,Prihodi turistov,231
2022M01,Maribor,2.16 Italija,Prenočitve turistov,560
2022M01,Maribor,2.17 Latvija,Prihodi turistov,14
2022M01,Maribor,2.17 Latvija,Prenočitve turistov,24
2022M01,Maribor,2.18 Litva,Prihodi turistov,5
2022M01,Maribor,2.18 Litva,Prenočitve turistov,12
2022M01,Maribor,2.19 Luksemburg,Prihodi turistov,4
2022M01,Maribor,2.19 Luksemburg,Prenočitve turistov,4
2022M01,Maribor,2.20 Madžarska,Prihodi turistov,855
2022M01,Maribor,2.20 Madžarska,Prenočitve turistov,2209
2022M01,Maribor,2.21 Makedonija,Prihodi turistov,60
2022M01,Maribor,2.21 Makedonija,Prenočitve turistov,1161
2022M01,Maribor,2.22 Malta,Prihodi turistov,1
2022M01,Maribor,2.22 Malta,Prenočitve turistov,7
2022M01,Maribor,2.23 Nemčija,Prihodi turistov,343
2022M01,Maribor,2.23 Nemčija,Prenočitve turistov,1068
2022M01,Maribor,2.24 Nizozemska,Prihodi turistov,99
2022M01,Maribor,2.24 Nizozemska,Prenočitve turistov,344
2022M01,Maribor,2.25 Norveška,Prihodi turistov,2
2022M01,Maribor,2.25 Norveška,Prenočitve turistov,2
2022M01,Maribor,2.26 Poljska,Prihodi turistov,103
2022M01,Maribor,2.26 Poljska,Prenočitve turistov,329
2022M01,Maribor,2.27 Portugalska,Prihodi turistov,20
2022M01,Maribor,2.27 Portugalska,Prenočitve turistov,503
2022M01,Maribor,2.28 Romunija,Prihodi turistov,298
2022M01,Maribor,2.28 Romunija,Prenočitve turistov,539
2022M01,Maribor,2.29 Ruska federacija,Prihodi turistov,262
2022M01,Maribor,2.29 Ruska federacija,Prenočitve turistov,915
2022M01,Maribor,2.30 Slovaška,Prihodi turistov,111
2022M01,Maribor,2.30 Slovaška,Prenočitve turistov,516
2022M01,Maribor,2.31 Srbija,Prihodi turistov,341
2022M01,Maribor,2.31 Srbija,Prenočitve turistov,1697
2022M01,Maribor,2.32 Španija,Prihodi turistov,29
2022M01,Maribor,2.32 Španija,Prenočitve turistov,433
2022M01,Maribor,2.33 Švedska,Prihodi turistov,55
2022M01,Maribor,2.33 Švedska,Prenočitve turistov,68
2022M01,Maribor,2.34 Švica,Prihodi turistov,25
2022M01,Maribor,2.34 Švica,Prenočitve turistov,36
2022M01,Maribor,2.35 Turčija,Prihodi turistov,28
2022M01,Maribor,2.35 Turčija,Prenočitve turistov,1125
2022M01,Maribor,2.36 Ukrajina,Prihodi turistov,152
2022M01,Maribor,2.36 Ukrajina,Prenočitve turistov,630
2022M01,Maribor,2.37 Združeno kraljestvo,Prihodi turistov,38
2022M01,Maribor,2.37 Združeno kraljestvo,Prenočitve turistov,75
2022M01,Maribor,2.38 Druge evropske države,Prihodi turistov,74
2022M01,Maribor,2.38 Druge evropske države,Prenočitve turistov,153
2022M01,Maribor,2.39 Južna Afrika,Prihodi turistov,
2022M01,Maribor,2.39 Južna Afrika,Prenočitve turistov,
2022M01,Maribor,2.40 Druge afriške države,Prihodi turistov,7
2022M01,Maribor,2.40 Druge afriške države,Prenočitve turistov,197
2022M01,Maribor,2.41 Avstralija,Prihodi turistov,13
2022M01,Maribor,2.41 Avstralija,Prenočitve turistov,49
2022M01,Maribor,2.42 Nova Zelandija,Prihodi turistov,
2022M01,Maribor,2.42 Nova Zelandija,Prenočitve turistov,
2022M01,Maribor,2.43 Druge države in ozemlja Oceanije,Prihodi turistov,
2022M01,Maribor,2.43 Druge države in ozemlja Oceanije,Prenočitve turistov,
2022M01,Maribor,2.44 Izrael,Prihodi turistov,34
2022M01,Maribor,2.44 Izrael,Prenočitve turistov,119
2022M01,Maribor,2.45 Japonska,Prihodi turistov,1
2022M01,Maribor,2.45 Japonska,Prenočitve turistov,11
2022M01,Maribor,2.46 Kitajska (Ljudska republika),Prihodi turistov,23
2022M01,Maribor,2.46 Kitajska (Ljudska republika),Prenočitve turistov,61
2022M01,Maribor,2.47 Koreja (Republika),Prihodi turistov,9
2022M01,Maribor,2.47 Koreja (Republika),Prenočitve turistov,13
2022M01,Maribor,2.48 Druge azijske države,Prihodi turistov,22
2022M01,Maribor,2.48 Druge azijske države,Prenočitve turistov,132
2022M01,Maribor,2.49 Brazilija,Prihodi turistov,2
2022M01,Maribor,2.49 Brazilija,Prenočitve turistov,5
2022M01,Maribor,2.50 Druge države Južne in Srednje Amerike,Prihodi turistov,16
2022M01,Maribor,2.50 Druge države Južne in Srednje Amerike,Prenočitve turistov,77
2022M01,Maribor,2.51 Kanada,Prihodi turistov,2
2022M01,Maribor,2.51 Kanada,Prenočitve turistov,6
2022M01,Maribor,2.52 Združene države (ZDA),Prihodi turistov,43
2022M01,Maribor,2.52 Združene države (ZDA),Prenočitve turistov,146
2022M01,Maribor,2.53 Druge države in ozemlja Severne Amerike,Prihodi turistov,
2022M01,Maribor,2.53 Druge države in ozemlja Severne Amerike,Prenočitve turistov,
2022M02,Maribor,0 Država - SKUPAJ,Prihodi turistov,7277
2022M02,Maribor,0 Država - SKUPAJ,Prenočitve turistov,21804
2022M02,Maribor,1 DOMAČI,Prihodi turistov,1800
2022M02,Maribor,1 DOMAČI,Prenočitve turistov,3738
2022M02,Maribor,2 TUJI,Prihodi turistov,5477
2022M02,Maribor,2 TUJI,Prenočitve turistov,18066
2022M02,Maribor,2.1 Avstrija,Prihodi turistov,442
2022M02,Maribor,2.1 Avstrija,Prenočitve turistov,764
2022M02,Maribor,2.2 Belgija,Prihodi turistov,37
2022M02,Maribor,2.2 Belgija,Prenočitve turistov,65
2022M02,Maribor,2.3 Bolgarija,Prihodi turistov,63
2022M02,Maribor,2.3 Bolgarija,Prenočitve turistov,97
2022M02,Maribor,2.4 Bosna in Hercegovina,Prihodi turistov,329
2022M02,Maribor,2.4 Bosna in Hercegovina,Prenočitve turistov,1081
2022M02,Maribor,2.5 Ciper,Prihodi turistov,2
2022M02,Maribor,2.5 Ciper,Prenočitve turistov,15
2022M02,Maribor,2.6 Češka republika,Prihodi turistov,126
2022M02,Maribor,2.6 Češka republika,Prenočitve turistov,474
2022M02,Maribor,2.7 Črna gora,Prihodi turistov,26
2022M02,Maribor,2.7 Črna gora,Prenočitve turistov,367
2022M02,Maribor,2.8 Danska,Prihodi turistov,120
2022M02,Maribor,2.8 Danska,Prenočitve turistov,123
2022M02,Maribor,2.9 Estonija,Prihodi turistov,9
2022M02,Maribor,2.9 Estonija,Prenočitve turistov,33
2022M02,Maribor,2.10 Finska,Prihodi turistov,12
2022M02,Maribor,2.10 Finska,Prenočitve turistov,72
2022M02,Maribor,2.11 Francija,Prihodi turistov,141
2022M02,Maribor,2.11 Francija,Prenočitve turistov,745
2022M02,Maribor,2.12 Grčija,Prihodi turistov,27
2022M02,Maribor,2.12 Grčija,Prenočitve turistov,159
2022M02,Maribor,2.13 Hrvaška,Prihodi turistov,721
2022M02,Maribor,2.13 Hrvaška,Prenočitve turistov,1984
2022M02,Maribor,2.14 Irska,Prihodi turistov,4
2022M02,Maribor,2.14 Irska,Prenočitve turistov,8
2022M02,Maribor,2.15 Islandija,Prihodi turistov,1
2022M02,Maribor,2.15 Islandija,Prenočitve turistov,1
2022M02,Maribor,2.16 Italija,Prihodi turistov,226
2022M02,Maribor,2.16 Italija,Prenočitve turistov,668
2022M02,Maribor,2.17 Latvija,Prihodi turistov,10
2022M02,Maribor,2.17 Latvija,Prenočitve turistov,22
2022M02,Maribor,2.18 Litva,Prihodi turistov,12
2022M02,Maribor,2.18 Litva,Prenočitve turistov,33
2022M02,Maribor,2.19 Luksemburg,Prihodi turistov,5
2022M02,Maribor,2.19 Luksemburg,Prenočitve turistov,5
2022M02,Maribor,2.20 Madžarska,Prihodi turistov,1065
2022M02,Maribor,2.20 Madžarska,Prenočitve turistov,2905
2022M02,Maribor,2.21 Makedonija,Prihodi turistov,54
2022M02,Maribor,2.21 Makedonija,Prenočitve turistov,622
2022M02,Maribor,2.22 Malta,Prihodi turistov,4
2022M02,Maribor,2.22 Malta,Prenočitve turistov,7
2022M02,Maribor,2.23 Nemčija,Prihodi turistov,324
2022M02,Maribor,2.23 Nemčija,Prenočitve turistov,1104
2022M02,Maribor,2.24 Nizozemska,Prihodi turistov,50
2022M02,Maribor,2.24 Nizozemska,Prenočitve turistov,181
2022M02,Maribor,2.25 Norveška,Prihodi turistov,15
2022M02,Maribor,2.25 Norveška,Prenočitve turistov,52
2022M02,Maribor,2.26 Poljska,Prihodi turistov,134
2022M02,Maribor,2.26 Poljska,Prenočitve turistov,410
2022M02,Maribor,2.27 Portugalska,Prihodi turistov,36
2022M02,Maribor,2.27 Portugalska,Prenočitve turistov,515
2022M02,Maribor,2.28 Romunija,Prihodi turistov,205
2022M02,Maribor,2.28 Romunija,Prenočitve turistov,295
2022M02,Maribor,2.29 Ruska federacija,Prihodi turistov,188
2022M02,Maribor,2.29 Ruska federacija,Prenočitve turistov,780
2022M02,Maribor,2.30 Slovaška,Prihodi turistov,86
2022M02,Maribor,2.30 Slovaška,Prenočitve turistov,263
2022M02,Maribor,2.31 Srbija,Prihodi turistov,347
2022M02,Maribor,2.31 Srbija,Prenočitve turistov,1249
2022M02,Maribor,2.32 Španija,Prihodi turistov,65
2022M02,Maribor,2.32 Španija,Prenočitve turistov,346
2022M02,Maribor,2.33 Švedska,Prihodi turistov,25
2022M02,Maribor,2.33 Švedska,Prenočitve turistov,70
2022M02,Maribor,2.34 Švica,Prihodi turistov,44
2022M02,Maribor,2.34 Švica,Prenočitve turistov,99
2022M02,Maribor,2.35 Turčija,Prihodi turistov,56
2022M02,Maribor,2.35 Turčija,Prenočitve turistov,861
2022M02,Maribor,2.36 Ukrajina,Prihodi turistov,161
2022M02,Maribor,2.36 Ukrajina,Prenočitve turistov,346
2022M02,Maribor,2.37 Združeno kraljestvo,Prihodi turistov,63
2022M02,Maribor,2.37 Združeno kraljestvo,Prenočitve turistov,170
2022M02,Maribor,2.38 Druge evropske države,Prihodi turistov,70
2022M02,Maribor,2.38 Druge evropske države,Prenočitve turistov,454
2022M02,Maribor,2.39 Južna Afrika,Prihodi turistov,2
2022M02,Maribor,2.39 Južna Afrika,Prenočitve turistov,8
2022M02,Maribor,2.40 Druge afriške države,Prihodi turistov,5
2022M02,Maribor,2.40 Druge afriške države,Prenočitve turistov,105
2022M02,Maribor,2.41 Avstralija,Prihodi turistov,11
2022M02,Maribor,2.41 Avstralija,Prenočitve turistov,29
2022M02,Maribor,2.42 Nova Zelandija,Prihodi turistov,2
2022M02,Maribor,2.42 Nova Zelandija,Prenočitve turistov,4
2022M02,Maribor,2.43 Druge države in ozemlja Oceanije,Prihodi turistov,
2022M02,Maribor,2.43 Druge države in ozemlja Oceanije,Prenočitve turistov,
2022M02,Maribor,2.44 Izrael,Prihodi turistov,12
2022M02,Maribor,2.44 Izrael,Prenočitve turistov,16
2022M02,Maribor,2.45 Japonska,Prihodi turistov,9
2022M02,Maribor,2.45 Japonska,Prenočitve turistov,22
2022M02,Maribor,2.46 Kitajska (Ljudska republika),Prihodi turistov,14
2022M02,Maribor,2.46 Kitajska (Ljudska republika),Prenočitve turistov,41
2022M02,Maribor,2.47 Koreja (Republika),Prihodi turistov,3
2022M02,Maribor,2.47 Koreja (Republika),Prenočitve turistov,8
2022M02,Maribor,2.48 Druge azijske države,Prihodi turistov,37
2022M02,Maribor,2.48 Druge azijske države,Prenočitve turistov,197
2022M02,Maribor,2.49 Brazilija,Prihodi turistov,10
2022M02,Maribor,2.49 Brazilija,Prenočitve turistov,26
2022M02,Maribor,2.50 Druge države Južne in Srednje Amerike,Prihodi turistov,22
2022M02,Maribor,2.50 Druge države Južne in Srednje Amerike,Prenočitve turistov,76
2022M02,Maribor,2.51 Kanada,Prihodi turistov,3
2022M02,Maribor,2.51 Kanada,Prenočitve turistov,6
2022M02,Maribor,2.52 Združene države (ZDA),Prihodi turistov,42
2022M02,Maribor,2.52 Združene države (ZDA),Prenočitve turistov,83
2022M02,Maribor,2.53 Druge države in ozemlja Severne Amerike,Prihodi turistov,
2022M02,Maribor,2.53 Druge države in ozemlja Severne Amerike,Prenočitve turistov,
2022M03,Maribor,0 Država - SKUPAJ,Prihodi turistov,8460
2022M03,Maribor,0 Država - SKUPAJ,Prenočitve turistov,23712
2022M03,Maribor,1 DOMAČI,Prihodi turistov,2011
2022M03,Maribor,1 DOMAČI,Prenočitve turistov,3405
2022M03,Maribor,2 TUJI,Prihodi turistov,6449
2022M03,Maribor,2 TUJI,Prenočitve turistov,20307
2022M03,Maribor,2.1 Avstrija,Prihodi turistov,470
2022M03,Maribor,2.1 Avstrija,Prenočitve turistov,590
2022M03,Maribor,2.2 Belgija,Prihodi turistov,34
2022M03,Maribor,2.2 Belgija,Prenočitve turistov,40
2022M03,Maribor,2.3 Bolgarija,Prihodi turistov,63
2022M03,Maribor,2.3 Bolgarija,Prenočitve turistov,109
2022M03,Maribor,2.4 Bosna in Hercegovina,Prihodi turistov,465
2022M03,Maribor,2.4 Bosna in Hercegovina,Prenočitve turistov,997
2022M03,Maribor,2.5 Ciper,Prihodi turistov,2
2022M03,Maribor,2.5 Ciper,Prenočitve turistov,35
2022M03,Maribor,2.6 Češka republika,Prihodi turistov,150
2022M03,Maribor,2.6 Češka republika,Prenočitve turistov,800
2022M03,Maribor,2.7 Črna gora,Prihodi turistov,67
2022M03,Maribor,2.7 Črna gora,Prenočitve turistov,306
2022M03,Maribor,2.8 Danska,Prihodi turistov,11
2022M03,Maribor,2.8 Danska,Prenočitve turistov,917
2022M03,Maribor,2.9 Estonija,Prihodi turistov,6
2022M03,Maribor,2.9 Estonija,Prenočitve turistov,68
2022M03,Maribor,2.10 Finska,Prihodi turistov,17
2022M03,Maribor,2.10 Finska,Prenočitve turistov,96
2022M03,Maribor,2.11 Francija,Prihodi turistov,94
2022M03,Maribor,2.11 Francija,Prenočitve turistov,594
2022M03,Maribor,2.12 Grčija,Prihodi turistov,37
2022M03,Maribor,2.12 Grčija,Prenočitve turistov,474
2022M03,Maribor,2.13 Hrvaška,Prihodi turistov,535
2022M03,Maribor,2.13 Hrvaška,Prenočitve turistov,1425
2022M03,Maribor,2.14 Irska,Prihodi turistov,23
2022M03,Maribor,2.14 Irska,Prenočitve turistov,53
2022M03,Maribor,2.15 Islandija,Prihodi turistov,
2022M03,Maribor,2.15 Islandija,Prenočitve turistov,
2022M03,Maribor,2.16 Italija,Prihodi turistov,364
2022M03,Maribor,2.16 Italija,Prenočitve turistov,1013
2022M03,Maribor,2.17 Latvija,Prihodi turistov,3
2022M03,Maribor,2.17 Latvija,Prenočitve turistov,20
2022M03,Maribor,2.18 Litva,Prihodi turistov,35
2022M03,Maribor,2.18 Litva,Prenočitve turistov,115
2022M03,Maribor,2.19 Luksemburg,Prihodi turistov,23
2022M03,Maribor,2.19 Luksemburg,Prenočitve turistov,27
2022M03,Maribor,2.20 Madžarska,Prihodi turistov,434
2022M03,Maribor,2.20 Madžarska,Prenočitve turistov,891
2022M03,Maribor,2.21 Makedonija,Prihodi turistov,86
2022M03,Maribor,2.21 Makedonija,Prenočitve turistov,491
2022M03,Maribor,2.22 Malta,Prihodi turistov,3
2022M03,Maribor,2.22 Malta,Prenočitve turistov,8
2022M03,Maribor,2.23 Nemčija,Prihodi turistov,468
2022M03,Maribor,2.23 Nemčija,Prenočitve turistov,1173
2022M03,Maribor,2.24 Nizozemska,Prihodi turistov,65
2022M03,Maribor,2.24 Nizozemska,Prenočitve turistov,136
2022M03,Maribor,2.25 Norveška,Prihodi turistov,6
2022M03,Maribor,2.25 Norveška,Prenočitve turistov,6
2022M03,Maribor,2.26 Poljska,Prihodi turistov,116
2022M03,Maribor,2.26 Poljska,Prenočitve turistov,489
2022M03,Maribor,2.27 Portugalska,Prihodi turistov,37
2022M03,Maribor,2.27 Portugalska,Prenočitve turistov,768
2022M03,Maribor,2.28 Romunija,Prihodi turistov,277
2022M03,Maribor,2.28 Romunija,Prenočitve turistov,552
2022M03,Maribor,2.29 Ruska federacija,Prihodi turistov,39
2022M03,Maribor,2.29 Ruska federacija,Prenočitve turistov,300
2022M03,Maribor,2.30 Slovaška,Prihodi turistov,105
2022M03,Maribor,2.30 Slovaška,Prenočitve turistov,384
2022M03,Maribor,2.31 Srbija,Prihodi turistov,453
2022M03,Maribor,2.31 Srbija,Prenočitve turistov,1363
2022M03,Maribor,2.32 Španija,Prihodi turistov,176
2022M03,Maribor,2.32 Španija,Prenočitve turistov,934
2022M03,Maribor,2.33 Švedska,Prihodi turistov,28
2022M03,Maribor,2.33 Švedska,Prenočitve turistov,83
2022M03,Maribor,2.34 Švica,Prihodi turistov,27
2022M03,Maribor,2.34 Švica,Prenočitve turistov,58
2022M03,Maribor,2.35 Turčija,Prihodi turistov,52
2022M03,Maribor,2.35 Turčija,Prenočitve turistov,1079
2022M03,Maribor,2.36 Ukrajina,Prihodi turistov,1319
2022M03,Maribor,2.36 Ukrajina,Prenočitve turistov,2715
2022M03,Maribor,2.37 Združeno kraljestvo,Prihodi turistov,44
2022M03,Maribor,2.37 Združeno kraljestvo,Prenočitve turistov,106
2022M03,Maribor,2.38 Druge evropske države,Prihodi turistov,94
2022M03,Maribor,2.38 Druge evropske države,Prenočitve turistov,418
2022M03,Maribor,2.39 Južna Afrika,Prihodi turistov,2
2022M03,Maribor,2.39 Južna Afrika,Prenočitve turistov,5
2022M03,Maribor,2.40 Druge afriške države,Prihodi turistov,8
2022M03,Maribor,2.40 Druge afriške države,Prenočitve turistov,103
2022M03,Maribor,2.41 Avstralija,Prihodi turistov,6
2022M03,Maribor,2.41 Avstralija,Prenočitve turistov,47
2022M03,Maribor,2.42 Nova Zelandija,Prihodi turistov,
2022M03,Maribor,2.42 Nova Zelandija,Prenočitve turistov,
2022M03,Maribor,2.43 Druge države in ozemlja Oceanije,Prihodi turistov,
2022M03,Maribor,2.43 Druge države in ozemlja Oceanije,Prenočitve turistov,
2022M03,Maribor,2.44 Izrael,Prihodi turistov,20
2022M03,Maribor,2.44 Izrael,Prenočitve turistov,55
2022M03,Maribor,2.45 Japonska,Prihodi turistov,15
2022M03,Maribor,2.45 Japonska,Prenočitve turistov,22
2022M03,Maribor,2.46 Kitajska (Ljudska republika),Prihodi turistov,4
2022M03,Maribor,2.46 Kitajska (Ljudska republika),Prenočitve turistov,6
2022M03,Maribor,2.47 Koreja (Republika),Prihodi turistov,7
2022M03,Maribor,2.47 Koreja (Republika),Prenočitve turistov,12
2022M03,Maribor,2.48 Druge azijske države,Prihodi turistov,49
2022M03,Maribor,2.48 Druge azijske države,Prenočitve turistov,209
2022M03,Maribor,2.49 Brazilija,Prihodi turistov,29
2022M03,Maribor,2.49 Brazilija,Prenočitve turistov,73
2022M03,Maribor,2.50 Druge države Južne in Srednje Amerike,Prihodi turistov,35
2022M03,Maribor,2.50 Druge države Južne in Srednje Amerike,Prenočitve turistov,67
2022M03,Maribor,2.51 Kanada,Prihodi turistov,5
2022M03,Maribor,2.51 Kanada,Prenočitve turistov,5
2022M03,Maribor,2.52 Združene države (ZDA),Prihodi turistov,41
2022M03,Maribor,2.52 Združene države (ZDA),Prenočitve turistov,70
2022M03,Maribor,2.53 Druge države in ozemlja Severne Amerike,Prihodi turistov,
2022M03,Maribor,2.53 Druge države in ozemlja Severne Amerike,Prenočitve turistov,
2022M04,Maribor,0 Država - SKUPAJ,Prihodi turistov,11367
2022M04,Maribor,0 Država - SKUPAJ,Prenočitve turistov,28649
2022M04,Maribor,1 DOMAČI,Prihodi turistov,2496
2022M04,Maribor,1 DOMAČI,Prenočitve turistov,4320
2022M04,Maribor,2 TUJI,Prihodi turistov,8871
2022M04,Maribor,2 TUJI,Prenočitve turistov,24329
2022M04,Maribor,2.1 Avstrija,Prihodi turistov,1113
2022M04,Maribor,2.1 Avstrija,Prenočitve turistov,1713
2022M04,Maribor,2.2 Belgija,Prihodi turistov,121
2022M04,Maribor,2.2 Belgija,Prenočitve turistov,163
2022M04,Maribor,2.3 Bolgarija,Prihodi turistov,103
2022M04,Maribor,2.3 Bolgarija,Prenočitve turistov,200
2022M04,Maribor,2.4 Bosna in Hercegovina,Prihodi turistov,444
2022M04,Maribor,2.4 Bosna in Hercegovina,Prenočitve turistov,936
2022M04,Maribor,2.5 Ciper,Prihodi turistov,2
2022M04,Maribor,2.5 Ciper,Prenočitve turistov,32
2022M04,Maribor,2.6 Češka republika,Prihodi turistov,285
2022M04,Maribor,2.6 Češka republika,Prenočitve turistov,1226
2022M04,Maribor,2.7 Črna gora,Prihodi turistov,50
2022M04,Maribor,2.7 Črna gora,Prenočitve turistov,272
2022M04,Maribor,2.8 Danska,Prihodi turistov,38
2022M04,Maribor,2.8 Danska,Prenočitve turistov,86
2022M04,Maribor,2.9 Estonija,Prihodi turistov,14
2022M04,Maribor,2.9 Estonija,Prenočitve turistov,80
2022M04,Maribor,2.10 Finska,Prihodi turistov,59
2022M04,Maribor,2.10 Finska,Prenočitve turistov,198
2022M04,Maribor,2.11 Francija,Prihodi turistov,140
2022M04,Maribor,2.11 Francija,Prenočitve turistov,803
2022M04,Maribor,2.12 Grčija,Prihodi turistov,42
2022M04,Maribor,2.12 Grčija,Prenočitve turistov,402
2022M04,Maribor,2.13 Hrvaška,Prihodi turistov,591
2022M04,Maribor,2.13 Hrvaška,Prenočitve turistov,1469
2022M04,Maribor,2.14 Irska,Prihodi turistov,29
2022M04,Maribor,2.14 Irska,Prenočitve turistov,78
2022M04,Maribor,2.15 Islandija,Prihodi turistov,4
2022M04,Maribor,2.15 Islandija,Prenočitve turistov,4
2022M04,Maribor,2.16 Italija,Prihodi turistov,524
2022M04,Maribor,2.16 Italija,Prenočitve turistov,1248
2022M04,Maribor,2.17 Latvija,Prihodi turistov,18
2022M04,Maribor,2.17 Latvija,Prenočitve turistov,45
2022M04,Maribor,2.18 Litva,Prihodi turistov,38
2022M04,Maribor,2.18 Litva,Prenočitve turistov,120
2022M04,Maribor,2.19 Luksemburg,Prihodi turistov,13
2022M04,Maribor,2.19 Luksemburg,Prenočitve turistov,17
2022M04,Maribor,2.20 Madžarska,Prihodi turistov,464
2022M04,Maribor,2.20 Madžarska,Prenočitve turistov,758
2022M04,Maribor,2.21 Makedonija,Prihodi turistov,142
2022M04,Maribor,2.21 Makedonija,Prenočitve turistov,518
2022M04,Maribor,2.22 Malta,Prihodi turistov,2
2022M04,Maribor,2.22 Malta,Prenočitve turistov,3
2022M04,Maribor,2.23 Nemčija,Prihodi turistov,1318
2022M04,Maribor,2.23 Nemčija,Prenočitve turistov,2615
2022M04,Maribor,2.24 Nizozemska,Prihodi turistov,165
2022M04,Maribor,2.24 Nizozemska,Prenočitve turistov,258
2022M04,Maribor,2.25 Norveška,Prihodi turistov,28
2022M04,Maribor,2.25 Norveška,Prenočitve turistov,66
2022M04,Maribor,2.26 Poljska,Prihodi turistov,436
2022M04,Maribor,2.26 Poljska,Prenočitve turistov,851
2022M04,Maribor,2.27 Portugalska,Prihodi turistov,42
2022M04,Maribor,2.27 Portugalska,Prenočitve turistov,759
2022M04,Maribor,2.28 Romunija,Prihodi turistov,413
2022M04,Maribor,2.28 Romunija,Prenočitve turistov,719
2022M04,Maribor,2.29 Ruska federacija,Prihodi turistov,37
2022M04,Maribor,2.29 Ruska federacija,Prenočitve turistov,269
2022M04,Maribor,2.30 Slovaška,Prihodi turistov,312
2022M04,Maribor,2.30 Slovaška,Prenočitve turistov,591
2022M04,Maribor,2.31 Srbija,Prihodi turistov,401
2022M04,Maribor,2.31 Srbija,Prenočitve turistov,1093
2022M04,Maribor,2.32 Španija,Prihodi turistov,156
2022M04,Maribor,2.32 Španija,Prenočitve turistov,1443
2022M04,Maribor,2.33 Švedska,Prihodi turistov,46
2022M04,Maribor,2.33 Švedska,Prenočitve turistov,78
2022M04,Maribor,2.34 Švica,Prihodi turistov,132
2022M04,Maribor,2.34 Švica,Prenočitve turistov,259
2022M04,Maribor,2.35 Turčija,Prihodi turistov,70
2022M04,Maribor,2.35 Turčija,Prenočitve turistov,1271
2022M04,Maribor,2.36 Ukrajina,Prihodi turistov,561
2022M04,Maribor,2.36 Ukrajina,Prenočitve turistov,2154
2022M04,Maribor,2.37 Združeno kraljestvo,Prihodi turistov,97
2022M04,Maribor,2.37 Združeno kraljestvo,Prenočitve turistov,174
2022M04,Maribor,2.38 Druge evropske države,Prihodi turistov,92
2022M04,Maribor,2.38 Druge evropske države,Prenočitve turistov,340
2022M04,Maribor,2.39 Južna Afrika,Prihodi turistov,5
2022M04,Maribor,2.39 Južna Afrika,Prenočitve turistov,5
2022M04,Maribor,2.40 Druge afriške države,Prihodi turistov,16
2022M04,Maribor,2.40 Druge afriške države,Prenočitve turistov,156
2022M04,Maribor,2.41 Avstralija,Prihodi turistov,16
2022M04,Maribor,2.41 Avstralija,Prenočitve turistov,42
2022M04,Maribor,2.42 Nova Zelandija,Prihodi turistov,2
2022M04,Maribor,2.42 Nova Zelandija,Prenočitve turistov,2
2022M04,Maribor,2.43 Druge države in ozemlja Oceanije,Prihodi turistov,
2022M04,Maribor,2.43 Druge države in ozemlja Oceanije,Prenočitve turistov,
2022M04,Maribor,2.44 Izrael,Prihodi turistov,82
2022M04,Maribor,2.44 Izrael,Prenočitve turistov,147
2022M04,Maribor,2.45 Japonska,Prihodi turistov,10
2022M04,Maribor,2.45 Japonska,Prenočitve turistov,10
2022M04,Maribor,2.46 Kitajska (Ljudska republika),Prihodi turistov,36
2022M04,Maribor,2.46 Kitajska (Ljudska republika),Prenočitve turistov,72
2022M04,Maribor,2.47 Koreja (Republika),Prihodi turistov,2
2022M04,Maribor,2.47 Koreja (Republika),Prenočitve turistov,2
2022M04,Maribor,2.48 Druge azijske države,Prihodi turistov,46
2022M04,Maribor,2.48 Druge azijske države,Prenočitve turistov,238
2022M04,Maribor,2.49 Brazilija,Prihodi turistov,3
2022M04,Maribor,2.49 Brazilija,Prenočitve turistov,36
2022M04,Maribor,2.50 Druge države Južne in Srednje Amerike,Prihodi turistov,24
2022M04,Maribor,2.50 Druge države Južne in Srednje Amerike,Prenočitve turistov,103
2022M04,Maribor,2.51 Kanada,Prihodi turistov,16
2022M04,Maribor,2.51 Kanada,Prenočitve turistov,24
2022M04,Maribor,2.52 Združene države (ZDA),Prihodi turistov,71
2022M04,Maribor,2.52 Združene države (ZDA),Prenočitve turistov,181
2022M04,Maribor,2.53 Druge države in ozemlja Severne Amerike,Prihodi turistov,
2022M04,Maribor,2.53 Druge države in ozemlja Severne Amerike,Prenočitve turistov,
2022M05,Maribor,0 Država - SKUPAJ,Prihodi turistov,14418
2022M05,Maribor,0 Država - SKUPAJ,Prenočitve turistov,36021
2022M05,Maribor,1 DOMAČI,Prihodi turistov,2912
2022M05,Maribor,1 DOMAČI,Prenočitve turistov,4986
2022M05,Maribor,2 TUJI,Prihodi turistov,11506
2022M05,Maribor,2 TUJI,Prenočitve turistov,31035
2022M05,Maribor,2.1 Avstrija,Prihodi turistov,1595
2022M05,Maribor,2.1 Avstrija,Prenočitve turistov,2382
2022M05,Maribor,2.2 Belgija,Prihodi turistov,151
2022M05,Maribor,2.2 Belgija,Prenočitve turistov,370
2022M05,Maribor,2.3 Bolgarija,Prihodi turistov,176
2022M05,Maribor,2.3 Bolgarija,Prenočitve turistov,528
2022M05,Maribor,2.4 Bosna in Hercegovina,Prihodi turistov,475
2022M05,Maribor,2.4 Bosna in Hercegovina,Prenočitve turistov,1002
2022M05,Maribor,2.5 Ciper,Prihodi turistov,4
2022M05,Maribor,2.5 Ciper,Prenočitve turistov,35
2022M05,Maribor,2.6 Češka republika,Prihodi turistov,470
2022M05,Maribor,2.6 Češka republika,Prenočitve turistov,1342
2022M05,Maribor,2.7 Črna gora,Prihodi turistov,85
2022M05,Maribor,2.7 Črna gora,Prenočitve turistov,277
2022M05,Maribor,2.8 Danska,Prihodi turistov,40
2022M05,Maribor,2.8 Danska,Prenočitve turistov,120
2022M05,Maribor,2.9 Estonija,Prihodi turistov,25
2022M05,Maribor,2.9 Estonija,Prenočitve turistov,105
2022M05,Maribor,2.10 Finska,Prihodi turistov,66
2022M05,Maribor,2.10 Finska,Prenočitve turistov,236
2022M05,Maribor,2.11 Francija,Prihodi turistov,388
2022M05,Maribor,2.11 Francija,Prenočitve turistov,1303
2022M05,Maribor,2.12 Grčija,Prihodi turistov,42
2022M05,Maribor,2.12 Grčija,Prenočitve turistov,435
2022M05,Maribor,2.13 Hrvaška,Prihodi turistov,649
2022M05,Maribor,2.13 Hrvaška,Prenočitve turistov,1799
2022M05,Maribor,2.14 Irska,Prihodi turistov,28
2022M05,Maribor,2.14 Irska,Prenočitve turistov,43
2022M05,Maribor,2.15 Islandija,Prihodi turistov,
2022M05,Maribor,2.15 Islandija,Prenočitve turistov,
2022M05,Maribor,2.16 Italija,Prihodi turistov,628
2022M05,Maribor,2.16 Italija,Prenočitve turistov,1720
2022M05,Maribor,2.17 Latvija,Prihodi turistov,35
2022M05,Maribor,2.17 Latvija,Prenočitve turistov,70
2022M05,Maribor,2.18 Litva,Prihodi turistov,52
2022M05,Maribor,2.18 Litva,Prenočitve turistov,192
2022M05,Maribor,2.19 Luksemburg,Prihodi turistov,9
2022M05,Maribor,2.19 Luksemburg,Prenočitve turistov,14
2022M05,Maribor,2.20 Madžarska,Prihodi turistov,446
2022M05,Maribor,2.20 Madžarska,Prenočitve turistov,868
2022M05,Maribor,2.21 Makedonija,Prihodi turistov,166
2022M05,Maribor,2.21 Makedonija,Prenočitve turistov,524
2022M05,Maribor,2.22 Malta,Prihodi turistov,5
2022M05,Maribor,2.22 Malta,Prenočitve turistov,10
2022M05,Maribor,2.23 Nemčija,Prihodi turistov,1680
2022M05,Maribor,2.23 Nemčija,Prenočitve turistov,3076
2022M05,Maribor,2.24 Nizozemska,Prihodi turistov,396
2022M05,Maribor,2.24 Nizozemska,Prenočitve turistov,738
2022M05,Maribor,2.25 Norveška,Prihodi turistov,21
2022M05,Maribor,2.25 Norveška,Prenočitve turistov,106
2022M05,Maribor,2.26 Poljska,Prihodi turistov,680
2022M05,Maribor,2.26 Poljska,Prenočitve turistov,1253
2022M05,Maribor,2.27 Portugalska,Prihodi turistov,45
2022M05,Maribor,2.27 Portugalska,Prenočitve turistov,851
2022M05,Maribor,2.28 Romunija,Prihodi turistov,320
2022M05,Maribor,2.28 Romunija,Prenočitve turistov,648
2022M05,Maribor,2.29 Ruska federacija,Prihodi turistov,43
2022M05,Maribor,2.29 Ruska federacija,Prenočitve turistov,323
2022M05,Maribor,2.30 Slovaška,Prihodi turistov,288
2022M05,Maribor,2.30 Slovaška,Prenočitve turistov,569
2022M05,Maribor,2.31 Srbija,Prihodi turistov,608
2022M05,Maribor,2.31 Srbija,Prenočitve turistov,1446
2022M05,Maribor,2.32 Španija,Prihodi turistov,156
2022M05,Maribor,2.32 Španija,Prenočitve turistov,1428
2022M05,Maribor,2.33 Švedska,Prihodi turistov,72
2022M05,Maribor,2.33 Švedska,Prenočitve turistov,214
2022M05,Maribor,2.34 Švica,Prihodi turistov,221
2022M05,Maribor,2.34 Švica,Prenočitve turistov,606
2022M05,Maribor,2.35 Turčija,Prihodi turistov,70
2022M05,Maribor,2.35 Turčija,Prenočitve turistov,1193
2022M05,Maribor,2.36 Ukrajina,Prihodi turistov,443
2022M05,Maribor,2.36 Ukrajina,Prenočitve turistov,2061
2022M05,Maribor,2.37 Združeno kraljestvo,Prihodi turistov,181
2022M05,Maribor,2.37 Združeno kraljestvo,Prenočitve turistov,532
2022M05,Maribor,2.38 Druge evropske države,Prihodi turistov,138
2022M05,Maribor,2.38 Druge evropske države,Prenočitve turistov,505
2022M05,Maribor,2.39 Južna Afrika,Prihodi turistov,4
2022M05,Maribor,2.39 Južna Afrika,Prenočitve turistov,9
2022M05,Maribor,2.40 Druge afriške države,Prihodi turistov,12
2022M05,Maribor,2.40 Druge afriške države,Prenočitve turistov,128
2022M05,Maribor,2.41 Avstralija,Prihodi turistov,19
2022M05,Maribor,2.41 Avstralija,Prenočitve turistov,56
2022M05,Maribor,2.42 Nova Zelandija,Prihodi turistov,3
2022M05,Maribor,2.42 Nova Zelandija,Prenočitve turistov,3
2022M05,Maribor,2.43 Druge države in ozemlja Oceanije,Prihodi turistov,
2022M05,Maribor,2.43 Druge države in ozemlja Oceanije,Prenočitve turistov,
2022M05,Maribor,2.44 Izrael,Prihodi turistov,26
2022M05,Maribor,2.44 Izrael,Prenočitve turistov,49
2022M05,Maribor,2.45 Japonska,Prihodi turistov,13
2022M05,Maribor,2.45 Japonska,Prenočitve turistov,25
2022M05,Maribor,2.46 Kitajska (Ljudska republika),Prihodi turistov,19
2022M05,Maribor,2.46 Kitajska (Ljudska republika),Prenočitve turistov,73
2022M05,Maribor,2.47 Koreja (Republika),Prihodi turistov,15
2022M05,Maribor,2.47 Koreja (Republika),Prenočitve turistov,18
2022M05,Maribor,2.48 Druge azijske države,Prihodi turistov,187
2022M05,Maribor,2.48 Druge azijske države,Prenočitve turistov,878
2022M05,Maribor,2.49 Brazilija,Prihodi turistov,17
2022M05,Maribor,2.49 Brazilija,Prenočitve turistov,43
2022M05,Maribor,2.50 Druge države Južne in Srednje Amerike,Prihodi turistov,32
2022M05,Maribor,2.50 Druge države Južne in Srednje Amerike,Prenočitve turistov,108
2022M05,Maribor,2.51 Kanada,Prihodi turistov,35
2022M05,Maribor,2.51 Kanada,Prenočitve turistov,95
2022M05,Maribor,2.52 Združene države (ZDA),Prihodi turistov,227
2022M05,Maribor,2.52 Združene države (ZDA),Prenočitve turistov,626
2022M05,Maribor,2.53 Druge države in ozemlja Severne Amerike,Prihodi turistov,
2022M05,Maribor,2.53 Druge države in ozemlja Severne Amerike,Prenočitve turistov,
2022M06,Maribor,0 Država - SKUPAJ,Prihodi turistov,21897
2022M06,Maribor,0 Država - SKUPAJ,Prenočitve turistov,44233
2022M06,Maribor,1 DOMAČI,Prihodi turistov,4828
2022M06,Maribor,1 DOMAČI,Prenočitve turistov,8731
2022M06,Maribor,2 TUJI,Prihodi turistov,17069
2022M06,Maribor,2 TUJI,Prenočitve turistov,35502
2022M06,Maribor,2.1 Avstrija,Prihodi turistov,1595
2022M06,Maribor,2.1 Avstrija,Prenočitve turistov,2321
2022M06,Maribor,2.2 Belgija,Prihodi turistov,184
2022M06,Maribor,2.2 Belgija,Prenočitve turistov,306
2022M06,Maribor,2.3 Bolgarija,Prihodi turistov,119
2022M06,Maribor,2.3 Bolgarija,Prenočitve turistov,190
2022M06,Maribor,2.4 Bosna in Hercegovina,Prihodi turistov,478
2022M06,Maribor,2.4 Bosna in Hercegovina,Prenočitve turistov,924
2022M06,Maribor,2.5 Ciper,Prihodi turistov,9
2022M06,Maribor,2.5 Ciper,Prenočitve turistov,21
2022M06,Maribor,2.6 Češka republika,Prihodi turistov,1341
2022M06,Maribor,2.6 Češka republika,Prenočitve turistov,2152
2022M06,Maribor,2.7 Črna gora,Prihodi turistov,54
2022M06,Maribor,2.7 Črna gora,Prenočitve turistov,182
2022M06,Maribor,2.8 Danska,Prihodi turistov,74
2022M06,Maribor,2.8 Danska,Prenočitve turistov,106
2022M06,Maribor,2.9 Estonija,Prihodi turistov,34
2022M06,Maribor,2.9 Estonija,Prenočitve turistov,120
2022M06,Maribor,2.10 Finska,Prihodi turistov,111
2022M06,Maribor,2.10 Finska,Prenočitve turistov,246
2022M06,Maribor,2.11 Francija,Prihodi turistov,292
2022M06,Maribor,2.11 Francija,Prenočitve turistov,1126
2022M06,Maribor,2.12 Grčija,Prihodi turistov,79
2022M06,Maribor,2.12 Grčija,Prenočitve turistov,446
2022M06,Maribor,2.13 Hrvaška,Prihodi turistov,535
2022M06,Maribor,2.13 Hrvaška,Prenočitve turistov,1225
2022M06,Maribor,2.14 Irska,Prihodi turistov,46
2022M06,Maribor,2.14 Irska,Prenočitve turistov,81
2022M06,Maribor,2.15 Islandija,Prihodi turistov,4
2022M06,Maribor,2.15 Islandija,Prenočitve turistov,14
2022M06,Maribor,2.16 Italija,Prihodi turistov,623
2022M06,Maribor,2.16 Italija,Prenočitve turistov,1885
2022M06,Maribor,2.17 Latvija,Prihodi turistov,78
2022M06,Maribor,2.17 Latvija,Prenočitve turistov,114
2022M06,Maribor,2.18 Litva,Prihodi turistov,94
2022M06,Maribor,2.18 Litva,Prenočitve turistov,182
2022M06,Maribor,2.19 Luksemburg,Prihodi turistov,6
2022M06,Maribor,2.19 Luksemburg,Prenočitve turistov,21
2022M06,Maribor,2.20 Madžarska,Prihodi turistov,629
2022M06,Maribor,2.20 Madžarska,Prenočitve turistov,1008
2022M06,Maribor,2.21 Makedonija,Prihodi turistov,142
2022M06,Maribor,2.21 Makedonija,Prenočitve turistov,350
2022M06,Maribor,2.22 Malta,Prihodi turistov,4
2022M06,Maribor,2.22 Malta,Prenočitve turistov,10
2022M06,Maribor,2.23 Nemčija,Prihodi turistov,2977
2022M06,Maribor,2.23 Nemčija,Prenočitve turistov,4888
2022M06,Maribor,2.24 Nizozemska,Prihodi turistov,462
2022M06,Maribor,2.24 Nizozemska,Prenočitve turistov,973
2022M06,Maribor,2.25 Norveška,Prihodi turistov,60
2022M06,Maribor,2.25 Norveška,Prenočitve turistov,111
2022M06,Maribor,2.26 Poljska,Prihodi turistov,2570
2022M06,Maribor,2.26 Poljska,Prenočitve turistov,3214
2022M06,Maribor,2.27 Portugalska,Prihodi turistov,88
2022M06,Maribor,2.27 Portugalska,Prenočitve turistov,1168
2022M06,Maribor,2.28 Romunija,Prihodi turistov,588
2022M06,Maribor,2.28 Romunija,Prenočitve turistov,830
2022M06,Maribor,2.29 Ruska federacija,Prihodi turistov,59
2022M06,Maribor,2.29 Ruska federacija,Prenočitve turistov,228
2022M06,Maribor,2.30 Slovaška,Prihodi turistov,428
2022M06,Maribor,2.30 Slovaška,Prenočitve turistov,798
2022M06,Maribor,2.31 Srbija,Prihodi turistov,594
2022M06,Maribor,2.31 Srbija,Prenočitve turistov,1553
2022M06,Maribor,2.32 Španija,Prihodi turistov,270
2022M06,Maribor,2.32 Španija,Prenočitve turistov,1457
2022M06,Maribor,2.33 Švedska,Prihodi turistov,219
2022M06,Maribor,2.33 Švedska,Prenočitve turistov,291
2022M06,Maribor,2.34 Švica,Prihodi turistov,262
2022M06,Maribor,2.34 Švica,Prenočitve turistov,469
2022M06,Maribor,2.35 Turčija,Prihodi turistov,84
2022M06,Maribor,2.35 Turčija,Prenočitve turistov,1192
2022M06,Maribor,2.36 Ukrajina,Prihodi turistov,557
2022M06,Maribor,2.36 Ukrajina,Prenočitve turistov,1825
2022M06,Maribor,2.37 Združeno kraljestvo,Prihodi turistov,258
2022M06,Maribor,2.37 Združeno kraljestvo,Prenočitve turistov,429
2022M06,Maribor,2.38 Druge evropske države,Prihodi turistov,119
2022M06,Maribor,2.38 Druge evropske države,Prenočitve turistov,401
2022M06,Maribor,2.39 Južna Afrika,Prihodi turistov,4
2022M06,Maribor,2.39 Južna Afrika,Prenočitve turistov,9
2022M06,Maribor,2.40 Druge afriške države,Prihodi turistov,31
2022M06,Maribor,2.40 Druge afriške države,Prenočitve turistov,185
2022M06,Maribor,2.41 Avstralija,Prihodi turistov,48
2022M06,Maribor,2.41 Avstralija,Prenočitve turistov,91
2022M06,Maribor,2.42 Nova Zelandija,Prihodi turistov,5
2022M06,Maribor,2.42 Nova Zelandija,Prenočitve turistov,29
2022M06,Maribor,2.43 Druge države in ozemlja Oceanije,Prihodi turistov,
2022M06,Maribor,2.43 Druge države in ozemlja Oceanije,Prenočitve turistov,
2022M06,Maribor,2.44 Izrael,Prihodi turistov,70
2022M06,Maribor,2.44 Izrael,Prenočitve turistov,138
2022M06,Maribor,2.45 Japonska,Prihodi turistov,11
2022M06,Maribor,2.45 Japonska,Prenočitve turistov,17
2022M06,Maribor,2.46 Kitajska (Ljudska republika),Prihodi turistov,29
2022M06,Maribor,2.46 Kitajska (Ljudska republika),Prenočitve turistov,68
2022M06,Maribor,2.47 Koreja (Republika),Prihodi turistov,35
2022M06,Maribor,2.47 Koreja (Republika),Prenočitve turistov,41
2022M06,Maribor,2.48 Druge azijske države,Prihodi turistov,178
2022M06,Maribor,2.48 Druge azijske države,Prenočitve turistov,645
2022M06,Maribor,2.49 Brazilija,Prihodi turistov,46
2022M06,Maribor,2.49 Brazilija,Prenočitve turistov,153
2022M06,Maribor,2.50 Druge države Južne in Srednje Amerike,Prihodi turistov,81
2022M06,Maribor,2.50 Druge države Južne in Srednje Amerike,Prenočitve turistov,233
2022M06,Maribor,2.51 Kanada,Prihodi turistov,52
2022M06,Maribor,2.51 Kanada,Prenočitve turistov,77
2022M06,Maribor,2.52 Združene države (ZDA),Prihodi turistov,353
2022M06,Maribor,2.52 Združene države (ZDA),Prenočitve turistov,959
2022M06,Maribor,2.53 Druge države in ozemlja Severne Amerike,Prihodi turistov,
2022M06,Maribor,2.53 Druge države in ozemlja Severne Amerike,Prenočitve turistov,
2022M07,Maribor,0 Država - SKUPAJ,Prihodi turistov,32606
2022M07,Maribor,0 Država - SKUPAJ,Prenočitve turistov,53570
2022M07,Maribor,1 DOMAČI,Prihodi turistov,1524
2022M07,Maribor,1 DOMAČI,Prenočitve turistov,3691
2022M07,Maribor,2 TUJI,Prihodi turistov,31082
2022M07,Maribor,2 TUJI,Prenočitve turistov,49879
2022M07,Maribor,2.1 Avstrija,Prihodi turistov,1626
2022M07,Maribor,2.1 Avstrija,Prenočitve turistov,2427
2022M07,Maribor,2.2 Belgija,Prihodi turistov,1030
2022M07,Maribor,2.2 Belgija,Prenočitve turistov,1724
2022M07,Maribor,2.3 Bolgarija,Prihodi turistov,156
2022M07,Maribor,2.3 Bolgarija,Prenočitve turistov,240
2022M07,Maribor,2.4 Bosna in Hercegovina,Prihodi turistov,587
2022M07,Maribor,2.4 Bosna in Hercegovina,Prenočitve turistov,1145
2022M07,Maribor,2.5 Ciper,Prihodi turistov,
2022M07,Maribor,2.5 Ciper,Prenočitve turistov,
2022M07,Maribor,2.6 Češka republika,Prihodi turistov,2803
2022M07,Maribor,2.6 Češka republika,Prenočitve turistov,3486
2022M07,Maribor,2.7 Črna gora,Prihodi turistov,119
2022M07,Maribor,2.7 Črna gora,Prenočitve turistov,206
2022M07,Maribor,2.8 Danska,Prihodi turistov,630
2022M07,Maribor,2.8 Danska,Prenočitve turistov,721
2022M07,Maribor,2.9 Estonija,Prihodi turistov,136
2022M07,Maribor,2.9 Estonija,Prenočitve turistov,170
2022M07,Maribor,2.10 Finska,Prihodi turistov,88
2022M07,Maribor,2.10 Finska,Prenočitve turistov,169
2022M07,Maribor,2.11 Francija,Prihodi turistov,538
2022M07,Maribor,2.11 Francija,Prenočitve turistov,1108
2022M07,Maribor,2.12 Grčija,Prihodi turistov,98
2022M07,Maribor,2.12 Grčija,Prenočitve turistov,190
2022M07,Maribor,2.13 Hrvaška,Prihodi turistov,455
2022M07,Maribor,2.13 Hrvaška,Prenočitve turistov,995
2022M07,Maribor,2.14 Irska,Prihodi turistov,81
2022M07,Maribor,2.14 Irska,Prenočitve turistov,148
2022M07,Maribor,2.15 Islandija,Prihodi turistov,16
2022M07,Maribor,2.15 Islandija,Prenočitve turistov,20
2022M07,Maribor,2.16 Italija,Prihodi turistov,798
2022M07,Maribor,2.16 Italija,Prenočitve turistov,1474
2022M07,Maribor,2.17 Latvija,Prihodi turistov,150
2022M07,Maribor,2.17 Latvija,Prenočitve turistov,211
2022M07,Maribor,2.18 Litva,Prihodi turistov,288
2022M07,Maribor,2.18 Litva,Prenočitve turistov,297
2022M07,Maribor,2.19 Luksemburg,Prihodi turistov,25
2022M07,Maribor,2.19 Luksemburg,Prenočitve turistov,34
2022M07,Maribor,2.20 Madžarska,Prihodi turistov,1018
2022M07,Maribor,2.20 Madžarska,Prenočitve turistov,1471
2022M07,Maribor,2.21 Makedonija,Prihodi turistov,157
2022M07,Maribor,2.21 Makedonija,Prenočitve turistov,338
2022M07,Maribor,2.22 Malta,Prihodi turistov,10
2022M07,Maribor,2.22 Malta,Prenočitve turistov,16
2022M07,Maribor,2.23 Nemčija,Prihodi turistov,5678
2022M07,Maribor,2.23 Nemčija,Prenočitve turistov,7841
2022M07,Maribor,2.24 Nizozemska,Prihodi turistov,1839
2022M07,Maribor,2.24 Nizozemska,Prenočitve turistov,2702
2022M07,Maribor,2.25 Norveška,Prihodi turistov,289
2022M07,Maribor,2.25 Norveška,Prenočitve turistov,370
2022M07,Maribor,2.26 Poljska,Prihodi turistov,5188
2022M07,Maribor,2.26 Poljska,Prenočitve turistov,5851
2022M07,Maribor,2.27 Portugalska,Prihodi turistov,64
2022M07,Maribor,2.27 Portugalska,Prenočitve turistov,764
2022M07,Maribor,2.28 Romunija,Prihodi turistov,1448
2022M07,Maribor,2.28 Romunija,Prenočitve turistov,1721
2022M07,Maribor,2.29 Ruska federacija,Prihodi turistov,142
2022M07,Maribor,2.29 Ruska federacija,Prenočitve turistov,309
2022M07,Maribor,2.30 Slovaška,Prihodi turistov,859
2022M07,Maribor,2.30 Slovaška,Prenočitve turistov,1186
2022M07,Maribor,2.31 Srbija,Prihodi turistov,481
2022M07,Maribor,2.31 Srbija,Prenočitve turistov,1099
2022M07,Maribor,2.32 Španija,Prihodi turistov,321
2022M07,Maribor,2.32 Španija,Prenočitve turistov,1764
2022M07,Maribor,2.33 Švedska,Prihodi turistov,845
2022M07,Maribor,2.33 Švedska,Prenočitve turistov,1101
2022M07,Maribor,2.34 Švica,Prihodi turistov,334
2022M07,Maribor,2.34 Švica,Prenočitve turistov,661
2022M07,Maribor,2.35 Turčija,Prihodi turistov,69
2022M07,Maribor,2.35 Turčija,Prenočitve turistov,377
2022M07,Maribor,2.36 Ukrajina,Prihodi turistov,754
2022M07,Maribor,2.36 Ukrajina,Prenočitve turistov,1894
2022M07,Maribor,2.37 Združeno kraljestvo,Prihodi turistov,385
2022M07,Maribor,2.37 Združeno kraljestvo,Prenočitve turistov,715
2022M07,Maribor,2.38 Druge evropske države,Prihodi turistov,388
2022M07,Maribor,2.38 Druge evropske države,Prenočitve turistov,852
2022M07,Maribor,2.39 Južna Afrika,Prihodi turistov,7
2022M07,Maribor,2.39 Južna Afrika,Prenočitve turistov,7
2022M07,Maribor,2.40 Druge afriške države,Prihodi turistov,88
2022M07,Maribor,2.40 Druge afriške države,Prenočitve turistov,631
2022M07,Maribor,2.41 Avstralija,Prihodi turistov,40
2022M07,Maribor,2.41 Avstralija,Prenočitve turistov,60
2022M07,Maribor,2.42 Nova Zelandija,Prihodi turistov,18
2022M07,Maribor,2.42 Nova Zelandija,Prenočitve turistov,35
2022M07,Maribor,2.43 Druge države in ozemlja Oceanije,Prihodi turistov,3
2022M07,Maribor,2.43 Druge države in ozemlja Oceanije,Prenočitve turistov,3
2022M07,Maribor,2.44 Izrael,Prihodi turistov,165
2022M07,Maribor,2.44 Izrael,Prenočitve turistov,418
2022M07,Maribor,2.45 Japonska,Prihodi turistov,23
2022M07,Maribor,2.45 Japonska,Prenočitve turistov,37
2022M07,Maribor,2.46 Kitajska (Ljudska republika),Prihodi turistov,30
2022M07,Maribor,2.46 Kitajska (Ljudska republika),Prenočitve turistov,51
2022M07,Maribor,2.47 Koreja (Republika),Prihodi turistov,31
2022M07,Maribor,2.47 Koreja (Republika),Prenočitve turistov,32
2022M07,Maribor,2.48 Druge azijske države,Prihodi turistov,240
2022M07,Maribor,2.48 Druge azijske države,Prenočitve turistov,1430
2022M07,Maribor,2.49 Brazilija,Prihodi turistov,56
2022M07,Maribor,2.49 Brazilija,Prenočitve turistov,166
2022M07,Maribor,2.50 Druge države Južne in Srednje Amerike,Prihodi turistov,76
2022M07,Maribor,2.50 Druge države Južne in Srednje Amerike,Prenočitve turistov,221
2022M07,Maribor,2.51 Kanada,Prihodi turistov,73
2022M07,Maribor,2.51 Kanada,Prenočitve turistov,95
2022M07,Maribor,2.52 Združene države (ZDA),Prihodi turistov,339
2022M07,Maribor,2.52 Združene države (ZDA),Prenočitve turistov,896
2022M07,Maribor,2.53 Druge države in ozemlja Severne Amerike,Prihodi turistov,
2022M07,Maribor,2.53 Druge države in ozemlja Severne Amerike,Prenočitve turistov,
2022M08,Maribor,0 Država - SKUPAJ,Prihodi turistov,36111
2022M08,Maribor,0 Država - SKUPAJ,Prenočitve turistov,58995
2022M08,Maribor,1 DOMAČI,Prihodi turistov,1934
2022M08,Maribor,1 DOMAČI,Prenočitve turistov,4154
2022M08,Maribor,2 TUJI,Prihodi turistov,34177
2022M08,Maribor,2 TUJI,Prenočitve turistov,54841
2022M08,Maribor,2.1 Avstrija,Prihodi turistov,1829
2022M08,Maribor,2.1 Avstrija,Prenočitve turistov,2590
2022M08,Maribor,2.2 Belgija,Prihodi turistov,720
2022M08,Maribor,2.2 Belgija,Prenočitve turistov,1291
2022M08,Maribor,2.3 Bolgarija,Prihodi turistov,224
2022M08,Maribor,2.3 Bolgarija,Prenočitve turistov,386
2022M08,Maribor,2.4 Bosna in Hercegovina,Prihodi turistov,662
2022M08,Maribor,2.4 Bosna in Hercegovina,Prenočitve turistov,1317
2022M08,Maribor,2.5 Ciper,Prihodi turistov,17
2022M08,Maribor,2.5 Ciper,Prenočitve turistov,63
2022M08,Maribor,2.6 Češka republika,Prihodi turistov,2013
2022M08,Maribor,2.6 Češka republika,Prenočitve turistov,2682
2022M08,Maribor,2.7 Črna gora,Prihodi turistov,143
2022M08,Maribor,2.7 Črna gora,Prenočitve turistov,243
2022M08,Maribor,2.8 Danska,Prihodi turistov,158
2022M08,Maribor,2.8 Danska,Prenočitve turistov,250
2022M08,Maribor,2.9 Estonija,Prihodi turistov,92
2022M08,Maribor,2.9 Estonija,Prenočitve turistov,137
2022M08,Maribor,2.10 Finska,Prihodi turistov,70
2022M08,Maribor,2.10 Finska,Prenočitve turistov,121
2022M08,Maribor,2.11 Francija,Prihodi turistov,955
2022M08,Maribor,2.11 Francija,Prenočitve turistov,1691
2022M08,Maribor,2.12 Grčija,Prihodi turistov,152
2022M08,Maribor,2.12 Grčija,Prenočitve turistov,220
2022M08,Maribor,2.13 Hrvaška,Prihodi turistov,684
2022M08,Maribor,2.13 Hrvaška,Prenočitve turistov,1760
2022M08,Maribor,2.14 Irska,Prihodi turistov,102
2022M08,Maribor,2.14 Irska,Prenočitve turistov,187
2022M08,Maribor,2.15 Islandija,Prihodi turistov,8
2022M08,Maribor,2.15 Islandija,Prenočitve turistov,13
2022M08,Maribor,2.16 Italija,Prihodi turistov,2770
2022M08,Maribor,2.16 Italija,Prenočitve turistov,4998
2022M08,Maribor,2.17 Latvija,Prihodi turistov,102
2022M08,Maribor,2.17 Latvija,Prenočitve turistov,135
2022M08,Maribor,2.18 Litva,Prihodi turistov,262
2022M08,Maribor,2.18 Litva,Prenočitve turistov,420
2022M08,Maribor,2.19 Luksemburg,Prihodi turistov,66
2022M08,Maribor,2.19 Luksemburg,Prenočitve turistov,84
2022M08,Maribor,2.20 Madžarska,Prihodi turistov,1020
2022M08,Maribor,2.20 Madžarska,Prenočitve turistov,1466
2022M08,Maribor,2.21 Makedonija,Prihodi turistov,211
2022M08,Maribor,2.21 Makedonija,Prenočitve turistov,408
2022M08,Maribor,2.22 Malta,Prihodi turistov,11
2022M08,Maribor,2.22 Malta,Prenočitve turistov,22
2022M08,Maribor,2.23 Nemčija,Prihodi turistov,6862
2022M08,Maribor,2.23 Nemčija,Prenočitve turistov,9933
2022M08,Maribor,2.24 Nizozemska,Prihodi turistov,2071
2022M08,Maribor,2.24 Nizozemska,Prenočitve turistov,2965
2022M08,Maribor,2.25 Norveška,Prihodi turistov,101
2022M08,Maribor,2.25 Norveška,Prenočitve turistov,209
2022M08,Maribor,2.26 Poljska,Prihodi turistov,5127
2022M08,Maribor,2.26 Poljska,Prenočitve turistov,5848
2022M08,Maribor,2.27 Portugalska,Prihodi turistov,85
2022M08,Maribor,2.27 Portugalska,Prenočitve turistov,456
2022M08,Maribor,2.28 Romunija,Prihodi turistov,2169
2022M08,Maribor,2.28 Romunija,Prenočitve turistov,2528
2022M08,Maribor,2.29 Ruska federacija,Prihodi turistov,118
2022M08,Maribor,2.29 Ruska federacija,Prenočitve turistov,265
2022M08,Maribor,2.30 Slovaška,Prihodi turistov,806
2022M08,Maribor,2.30 Slovaška,Prenočitve turistov,1083
2022M08,Maribor,2.31 Srbija,Prihodi turistov,529
2022M08,Maribor,2.31 Srbija,Prenočitve turistov,1189
2022M08,Maribor,2.32 Španija,Prihodi turistov,584
2022M08,Maribor,2.32 Španija,Prenočitve turistov,1497
2022M08,Maribor,2.33 Švedska,Prihodi turistov,331
2022M08,Maribor,2.33 Švedska,Prenočitve turistov,429
2022M08,Maribor,2.34 Švica,Prihodi turistov,375
2022M08,Maribor,2.34 Švica,Prenočitve turistov,737
2022M08,Maribor,2.35 Turčija,Prihodi turistov,98
2022M08,Maribor,2.35 Turčija,Prenočitve turistov,454
2022M08,Maribor,2.36 Ukrajina,Prihodi turistov,805
2022M08,Maribor,2.36 Ukrajina,Prenočitve turistov,1816
2022M08,Maribor,2.37 Združeno kraljestvo,Prihodi turistov,372
2022M08,Maribor,2.37 Združeno kraljestvo,Prenočitve turistov,599
2022M08,Maribor,2.38 Druge evropske države,Prihodi turistov,276
2022M08,Maribor,2.38 Druge evropske države,Prenočitve turistov,757
2022M08,Maribor,2.39 Južna Afrika,Prihodi turistov,10
2022M08,Maribor,2.39 Južna Afrika,Prenočitve turistov,11
2022M08,Maribor,2.40 Druge afriške države,Prihodi turistov,85
2022M08,Maribor,2.40 Druge afriške države,Prenočitve turistov,638
2022M08,Maribor,2.41 Avstralija,Prihodi turistov,92
2022M08,Maribor,2.41 Avstralija,Prenočitve turistov,198
2022M08,Maribor,2.42 Nova Zelandija,Prihodi turistov,19
2022M08,Maribor,2.42 Nova Zelandija,Prenočitve turistov,39
2022M08,Maribor,2.43 Druge države in ozemlja Oceanije,Prihodi turistov,1
2022M08,Maribor,2.43 Druge države in ozemlja Oceanije,Prenočitve turistov,4
2022M08,Maribor,2.44 Izrael,Prihodi turistov,264
2022M08,Maribor,2.44 Izrael,Prenočitve turistov,690
2022M08,Maribor,2.45 Japonska,Prihodi turistov,17
2022M08,Maribor,2.45 Japonska,Prenočitve turistov,30
2022M08,Maribor,2.46 Kitajska (Ljudska republika),Prihodi turistov,38
2022M08,Maribor,2.46 Kitajska (Ljudska republika),Prenočitve turistov,77
2022M08,Maribor,2.47 Koreja (Republika),Prihodi turistov,21
2022M08,Maribor,2.47 Koreja (Republika),Prenočitve turistov,24
2022M08,Maribor,2.48 Druge azijske države,Prihodi turistov,238
2022M08,Maribor,2.48 Druge azijske države,Prenočitve turistov,1114
2022M08,Maribor,2.49 Brazilija,Prihodi turistov,33
2022M08,Maribor,2.49 Brazilija,Prenočitve turistov,51
2022M08,Maribor,2.50 Druge države Južne in Srednje Amerike,Prihodi turistov,99
2022M08,Maribor,2.50 Druge države Južne in Srednje Amerike,Prenočitve turistov,164
2022M08,Maribor,2.51 Kanada,Prihodi turistov,66
2022M08,Maribor,2.51 Kanada,Prenočitve turistov,140
2022M08,Maribor,2.52 Združene države (ZDA),Prihodi turistov,214
2022M08,Maribor,2.52 Združene države (ZDA),Prenočitve turistov,412
2022M08,Maribor,2.53 Druge države in ozemlja Severne Amerike,Prihodi turistov,
2022M08,Maribor,2.53 Druge države in ozemlja Severne Amerike,Prenočitve turistov,
2022M09,Maribor,0 Država - SKUPAJ,Prihodi turistov,22159
2022M09,Maribor,0 Država - SKUPAJ,Prenočitve turistov,41869
2022M09,Maribor,1 DOMAČI,Prihodi turistov,2313
2022M09,Maribor,1 DOMAČI,Prenočitve turistov,3857
2022M09,Maribor,2 TUJI,Prihodi turistov,19846
2022M09,Maribor,2 TUJI,Prenočitve turistov,38012
2022M09,Maribor,2.1 Avstrija,Prihodi turistov,1820
2022M09,Maribor,2.1 Avstrija,Prenočitve turistov,2561
2022M09,Maribor,2.2 Belgija,Prihodi turistov,297
2022M09,Maribor,2.2 Belgija,Prenočitve turistov,531
2022M09,Maribor,2.3 Bolgarija,Prihodi turistov,169
2022M09,Maribor,2.3 Bolgarija,Prenočitve turistov,327
2022M09,Maribor,2.4 Bosna in Hercegovina,Prihodi turistov,681
2022M09,Maribor,2.4 Bosna in Hercegovina,Prenočitve turistov,1554
2022M09,Maribor,2.5 Ciper,Prihodi turistov,5
2022M09,Maribor,2.5 Ciper,Prenočitve turistov,7
2022M09,Maribor,2.6 Češka republika,Prihodi turistov,1225
2022M09,Maribor,2.6 Češka republika,Prenočitve turistov,1503
2022M09,Maribor,2.7 Črna gora,Prihodi turistov,118
2022M09,Maribor,2.7 Črna gora,Prenočitve turistov,605
2022M09,Maribor,2.8 Danska,Prihodi turistov,58
2022M09,Maribor,2.8 Danska,Prenočitve turistov,89
2022M09,Maribor,2.9 Estonija,Prihodi turistov,43
2022M09,Maribor,2.9 Estonija,Prenočitve turistov,125
2022M09,Maribor,2.10 Finska,Prihodi turistov,57
2022M09,Maribor,2.10 Finska,Prenočitve turistov,109
2022M09,Maribor,2.11 Francija,Prihodi turistov,353
2022M09,Maribor,2.11 Francija,Prenočitve turistov,803
2022M09,Maribor,2.12 Grčija,Prihodi turistov,73
2022M09,Maribor,2.12 Grčija,Prenočitve turistov,183
2022M09,Maribor,2.13 Hrvaška,Prihodi turistov,716
2022M09,Maribor,2.13 Hrvaška,Prenočitve turistov,2167
2022M09,Maribor,2.14 Irska,Prihodi turistov,47
2022M09,Maribor,2.14 Irska,Prenočitve turistov,83
2022M09,Maribor,2.15 Islandija,Prihodi turistov,2
2022M09,Maribor,2.15 Islandija,Prenočitve turistov,2
2022M09,Maribor,2.16 Italija,Prihodi turistov,753
2022M09,Maribor,2.16 Italija,Prenočitve turistov,2543
2022M09,Maribor,2.17 Latvija,Prihodi turistov,40
2022M09,Maribor,2.17 Latvija,Prenočitve turistov,52
2022M09,Maribor,2.18 Litva,Prihodi turistov,100
2022M09,Maribor,2.18 Litva,Prenočitve turistov,151
2022M09,Maribor,2.19 Luksemburg,Prihodi turistov,24
2022M09,Maribor,2.19 Luksemburg,Prenočitve turistov,36
2022M09,Maribor,2.20 Madžarska,Prihodi turistov,489
2022M09,Maribor,2.20 Madžarska,Prenočitve turistov,757
2022M09,Maribor,2.21 Makedonija,Prihodi turistov,262
2022M09,Maribor,2.21 Makedonija,Prenočitve turistov,1283
2022M09,Maribor,2.22 Malta,Prihodi turistov,110
2022M09,Maribor,2.22 Malta,Prenočitve turistov,322
2022M09,Maribor,2.23 Nemčija,Prihodi turistov,4197
2022M09,Maribor,2.23 Nemčija,Prenočitve turistov,6458
2022M09,Maribor,2.24 Nizozemska,Prihodi turistov,684
2022M09,Maribor,2.24 Nizozemska,Prenočitve turistov,1198
2022M09,Maribor,2.25 Norveška,Prihodi turistov,38
2022M09,Maribor,2.25 Norveška,Prenočitve turistov,86
2022M09,Maribor,2.26 Poljska,Prihodi turistov,2590
2022M09,Maribor,2.26 Poljska,Prenočitve turistov,3042
2022M09,Maribor,2.27 Portugalska,Prihodi turistov,99
2022M09,Maribor,2.27 Portugalska,Prenočitve turistov,665
2022M09,Maribor,2.28 Romunija,Prihodi turistov,937
2022M09,Maribor,2.28 Romunija,Prenočitve turistov,1188
2022M09,Maribor,2.29 Ruska federacija,Prihodi turistov,106
2022M09,Maribor,2.29 Ruska federacija,Prenočitve turistov,304
2022M09,Maribor,2.30 Slovaška,Prihodi turistov,450
2022M09,Maribor,2.30 Slovaška,Prenočitve turistov,564
2022M09,Maribor,2.31 Srbija,Prihodi turistov,627
2022M09,Maribor,2.31 Srbija,Prenočitve turistov,1962
2022M09,Maribor,2.32 Španija,Prihodi turistov,286
2022M09,Maribor,2.32 Španija,Prenočitve turistov,900
2022M09,Maribor,2.33 Švedska,Prihodi turistov,170
2022M09,Maribor,2.33 Švedska,Prenočitve turistov,338
2022M09,Maribor,2.34 Švica,Prihodi turistov,281
2022M09,Maribor,2.34 Švica,Prenočitve turistov,527
2022M09,Maribor,2.35 Turčija,Prihodi turistov,87
2022M09,Maribor,2.35 Turčija,Prenočitve turistov,274
2022M09,Maribor,2.36 Ukrajina,Prihodi turistov,711
2022M09,Maribor,2.36 Ukrajina,Prenočitve turistov,1738
2022M09,Maribor,2.37 Združeno kraljestvo,Prihodi turistov,256
2022M09,Maribor,2.37 Združeno kraljestvo,Prenočitve turistov,500
2022M09,Maribor,2.38 Druge evropske države,Prihodi turistov,146
2022M09,Maribor,2.38 Druge evropske države,Prenočitve turistov,294
2022M09,Maribor,2.39 Južna Afrika,Prihodi turistov,4
2022M09,Maribor,2.39 Južna Afrika,Prenočitve turistov,8
2022M09,Maribor,2.40 Druge afriške države,Prihodi turistov,27
2022M09,Maribor,2.40 Druge afriške države,Prenočitve turistov,128
2022M09,Maribor,2.41 Avstralija,Prihodi turistov,34
2022M09,Maribor,2.41 Avstralija,Prenočitve turistov,85
2022M09,Maribor,2.42 Nova Zelandija,Prihodi turistov,9
2022M09,Maribor,2.42 Nova Zelandija,Prenočitve turistov,14
2022M09,Maribor,2.43 Druge države in ozemlja Oceanije,Prihodi turistov,1
2022M09,Maribor,2.43 Druge države in ozemlja Oceanije,Prenočitve turistov,1
2022M09,Maribor,2.44 Izrael,Prihodi turistov,84
2022M09,Maribor,2.44 Izrael,Prenočitve turistov,120
2022M09,Maribor,2.45 Japonska,Prihodi turistov,13
2022M09,Maribor,2.45 Japonska,Prenočitve turistov,43
2022M09,Maribor,2.46 Kitajska (Ljudska republika),Prihodi turistov,27
2022M09,Maribor,2.46 Kitajska (Ljudska republika),Prenočitve turistov,226
2022M09,Maribor,2.47 Koreja (Republika),Prihodi turistov,34
2022M09,Maribor,2.47 Koreja (Republika),Prenočitve turistov,36
2022M09,Maribor,2.48 Druge azijske države,Prihodi turistov,196
2022M09,Maribor,2.48 Druge azijske države,Prenočitve turistov,755
2022M09,Maribor,2.49 Brazilija,Prihodi turistov,19
2022M09,Maribor,2.49 Brazilija,Prenočitve turistov,39
2022M09,Maribor,2.50 Druge države Južne in Srednje Amerike,Prihodi turistov,52
2022M09,Maribor,2.50 Druge države Južne in Srednje Amerike,Prenočitve turistov,194
2022M09,Maribor,2.51 Kanada,Prihodi turistov,56
2022M09,Maribor,2.51 Kanada,Prenočitve turistov,171
2022M09,Maribor,2.52 Združene države (ZDA),Prihodi turistov,183
2022M09,Maribor,2.52 Združene države (ZDA),Prenočitve turistov,361
2022M09,Maribor,2.53 Druge države in ozemlja Severne Amerike,Prihodi turistov,
2022M09,Maribor,2.53 Druge države in ozemlja Severne Amerike,Prenočitve turistov,
2022M10,Maribor,0 Država - SKUPAJ,Prihodi turistov,13452
2022M10,Maribor,0 Država - SKUPAJ,Prenočitve turistov,37620
2022M10,Maribor,1 DOMAČI,Prihodi turistov,2176
2022M10,Maribor,1 DOMAČI,Prenočitve turistov,3753
2022M10,Maribor,2 TUJI,Prihodi turistov,11276
2022M10,Maribor,2 TUJI,Prenočitve turistov,33867
2022M10,Maribor,2.1 Avstrija,Prihodi turistov,1712
2022M10,Maribor,2.1 Avstrija,Prenočitve turistov,2458
2022M10,Maribor,2.2 Belgija,Prihodi turistov,84
2022M10,Maribor,2.2 Belgija,Prenočitve turistov,215
2022M10,Maribor,2.3 Bolgarija,Prihodi turistov,126
2022M10,Maribor,2.3 Bolgarija,Prenočitve turistov,312
2022M10,Maribor,2.4 Bosna in Hercegovina,Prihodi turistov,661
2022M10,Maribor,2.4 Bosna in Hercegovina,Prenočitve turistov,2261
2022M10,Maribor,2.5 Ciper,Prihodi turistov,2
2022M10,Maribor,2.5 Ciper,Prenočitve turistov,4
2022M10,Maribor,2.6 Češka republika,Prihodi turistov,364
2022M10,Maribor,2.6 Češka republika,Prenočitve turistov,1036
2022M10,Maribor,2.7 Črna gora,Prihodi turistov,102
2022M10,Maribor,2.7 Črna gora,Prenočitve turistov,768
2022M10,Maribor,2.8 Danska,Prihodi turistov,24
2022M10,Maribor,2.8 Danska,Prenočitve turistov,61
2022M10,Maribor,2.9 Estonija,Prihodi turistov,29
2022M10,Maribor,2.9 Estonija,Prenočitve turistov,62
2022M10,Maribor,2.10 Finska,Prihodi turistov,36
2022M10,Maribor,2.10 Finska,Prenočitve turistov,131
2022M10,Maribor,2.11 Francija,Prihodi turistov,178
2022M10,Maribor,2.11 Francija,Prenočitve turistov,1131
2022M10,Maribor,2.12 Grčija,Prihodi turistov,33
2022M10,Maribor,2.12 Grčija,Prenočitve turistov,154
2022M10,Maribor,2.13 Hrvaška,Prihodi turistov,678
2022M10,Maribor,2.13 Hrvaška,Prenočitve turistov,1632
2022M10,Maribor,2.14 Irska,Prihodi turistov,26
2022M10,Maribor,2.14 Irska,Prenočitve turistov,42
2022M10,Maribor,2.15 Islandija,Prihodi turistov,7
2022M10,Maribor,2.15 Islandija,Prenočitve turistov,13
2022M10,Maribor,2.16 Italija,Prihodi turistov,562
2022M10,Maribor,2.16 Italija,Prenočitve turistov,1469
2022M10,Maribor,2.17 Latvija,Prihodi turistov,31
2022M10,Maribor,2.17 Latvija,Prenočitve turistov,67
2022M10,Maribor,2.18 Litva,Prihodi turistov,59
2022M10,Maribor,2.18 Litva,Prenočitve turistov,135
2022M10,Maribor,2.19 Luksemburg,Prihodi turistov,4
2022M10,Maribor,2.19 Luksemburg,Prenočitve turistov,4
2022M10,Maribor,2.20 Madžarska,Prihodi turistov,413
2022M10,Maribor,2.20 Madžarska,Prenočitve turistov,797
2022M10,Maribor,2.21 Makedonija,Prihodi turistov,173
2022M10,Maribor,2.21 Makedonija,Prenočitve turistov,2806
2022M10,Maribor,2.22 Malta,Prihodi turistov,5
2022M10,Maribor,2.22 Malta,Prenočitve turistov,5
2022M10,Maribor,2.23 Nemčija,Prihodi turistov,1892
2022M10,Maribor,2.23 Nemčija,Prenočitve turistov,3235
2022M10,Maribor,2.24 Nizozemska,Prihodi turistov,173
2022M10,Maribor,2.24 Nizozemska,Prenočitve turistov,310
2022M10,Maribor,2.25 Norveška,Prihodi turistov,25
2022M10,Maribor,2.25 Norveška,Prenočitve turistov,40
2022M10,Maribor,2.26 Poljska,Prihodi turistov,351
2022M10,Maribor,2.26 Poljska,Prenočitve turistov,915
2022M10,Maribor,2.27 Portugalska,Prihodi turistov,41
2022M10,Maribor,2.27 Portugalska,Prenočitve turistov,793
2022M10,Maribor,2.28 Romunija,Prihodi turistov,568
2022M10,Maribor,2.28 Romunija,Prenočitve turistov,1304
2022M10,Maribor,2.29 Ruska federacija,Prihodi turistov,92
2022M10,Maribor,2.29 Ruska federacija,Prenočitve turistov,492
2022M10,Maribor,2.30 Slovaška,Prihodi turistov,196
2022M10,Maribor,2.30 Slovaška,Prenočitve turistov,448
2022M10,Maribor,2.31 Srbija,Prihodi turistov,666
2022M10,Maribor,2.31 Srbija,Prenočitve turistov,3353
2022M10,Maribor,2.32 Španija,Prihodi turistov,138
2022M10,Maribor,2.32 Španija,Prenočitve turistov,1232
2022M10,Maribor,2.33 Švedska,Prihodi turistov,81
2022M10,Maribor,2.33 Švedska,Prenočitve turistov,159
2022M10,Maribor,2.34 Švica,Prihodi turistov,184
2022M10,Maribor,2.34 Švica,Prenočitve turistov,286
2022M10,Maribor,2.35 Turčija,Prihodi turistov,66
2022M10,Maribor,2.35 Turčija,Prenočitve turistov,993
2022M10,Maribor,2.36 Ukrajina,Prihodi turistov,471
2022M10,Maribor,2.36 Ukrajina,Prenočitve turistov,1662
2022M10,Maribor,2.37 Združeno kraljestvo,Prihodi turistov,117
2022M10,Maribor,2.37 Združeno kraljestvo,Prenočitve turistov,247
2022M10,Maribor,2.38 Druge evropske države,Prihodi turistov,110
2022M10,Maribor,2.38 Druge evropske države,Prenočitve turistov,358
2022M10,Maribor,2.39 Južna Afrika,Prihodi turistov,2
2022M10,Maribor,2.39 Južna Afrika,Prenočitve turistov,2
2022M10,Maribor,2.40 Druge afriške države,Prihodi turistov,18
2022M10,Maribor,2.40 Druge afriške države,Prenočitve turistov,62
2022M10,Maribor,2.41 Avstralija,Prihodi turistov,38
2022M10,Maribor,2.41 Avstralija,Prenočitve turistov,66
2022M10,Maribor,2.42 Nova Zelandija,Prihodi turistov,11
2022M10,Maribor,2.42 Nova Zelandija,Prenočitve turistov,14
2022M10,Maribor,2.43 Druge države in ozemlja Oceanije,Prihodi turistov,0
2022M10,Maribor,2.43 Druge države in ozemlja Oceanije,Prenočitve turistov,1
2022M10,Maribor,2.44 Izrael,Prihodi turistov,66
2022M10,Maribor,2.44 Izrael,Prenočitve turistov,99
2022M10,Maribor,2.45 Japonska,Prihodi turistov,10
2022M10,Maribor,2.45 Japonska,Prenočitve turistov,44
2022M10,Maribor,2.46 Kitajska (Ljudska republika),Prihodi turistov,56
2022M10,Maribor,2.46 Kitajska (Ljudska republika),Prenočitve turistov,418
2022M10,Maribor,2.47 Koreja (Republika),Prihodi turistov,153
2022M10,Maribor,2.47 Koreja (Republika),Prenočitve turistov,164
2022M10,Maribor,2.48 Druge azijske države,Prihodi turistov,186
2022M10,Maribor,2.48 Druge azijske države,Prenočitve turistov,948
2022M10,Maribor,2.49 Brazilija,Prihodi turistov,23
2022M10,Maribor,2.49 Brazilija,Prenočitve turistov,28
2022M10,Maribor,2.50 Druge države Južne in Srednje Amerike,Prihodi turistov,65
2022M10,Maribor,2.50 Druge države Južne in Srednje Amerike,Prenočitve turistov,221
2022M10,Maribor,2.51 Kanada,Prihodi turistov,46
2022M10,Maribor,2.51 Kanada,Prenočitve turistov,104
2022M10,Maribor,2.52 Združene države (ZDA),Prihodi turistov,122
2022M10,Maribor,2.52 Združene države (ZDA),Prenočitve turistov,306
2022M10,Maribor,2.53 Druge države in ozemlja Severne Amerike,Prihodi turistov,
2022M10,Maribor,2.53 Druge države in ozemlja Severne Amerike,Prenočitve turistov,
2022M11,Maribor,0 Država - SKUPAJ,Prihodi turistov,9597
2022M11,Maribor,0 Država - SKUPAJ,Prenočitve turistov,30144
2022M11,Maribor,1 DOMAČI,Prihodi turistov,2436
2022M11,Maribor,1 DOMAČI,Prenočitve turistov,3811
2022M11,Maribor,2 TUJI,Prihodi turistov,7161
2022M11,Maribor,2 TUJI,Prenočitve turistov,26333
2022M11,Maribor,2.1 Avstrija,Prihodi turistov,713
2022M11,Maribor,2.1 Avstrija,Prenočitve turistov,1015
2022M11,Maribor,2.2 Belgija,Prihodi turistov,44
2022M11,Maribor,2.2 Belgija,Prenočitve turistov,146
2022M11,Maribor,2.3 Bolgarija,Prihodi turistov,48
2022M11,Maribor,2.3 Bolgarija,Prenočitve turistov,127
2022M11,Maribor,2.4 Bosna in Hercegovina,Prihodi turistov,653
2022M11,Maribor,2.4 Bosna in Hercegovina,Prenočitve turistov,1987
2022M11,Maribor,2.5 Ciper,Prihodi turistov,3
2022M11,Maribor,2.5 Ciper,Prenočitve turistov,9
2022M11,Maribor,2.6 Češka republika,Prihodi turistov,223
2022M11,Maribor,2.6 Češka republika,Prenočitve turistov,957
2022M11,Maribor,2.7 Črna gora,Prihodi turistov,63
2022M11,Maribor,2.7 Črna gora,Prenočitve turistov,584
2022M11,Maribor,2.8 Danska,Prihodi turistov,53
2022M11,Maribor,2.8 Danska,Prenočitve turistov,133
2022M11,Maribor,2.9 Estonija,Prihodi turistov,10
2022M11,Maribor,2.9 Estonija,Prenočitve turistov,56
2022M11,Maribor,2.10 Finska,Prihodi turistov,28
2022M11,Maribor,2.10 Finska,Prenočitve turistov,69
2022M11,Maribor,2.11 Francija,Prihodi turistov,143
2022M11,Maribor,2.11 Francija,Prenočitve turistov,1096
2022M11,Maribor,2.12 Grčija,Prihodi turistov,29
2022M11,Maribor,2.12 Grčija,Prenočitve turistov,124
2022M11,Maribor,2.13 Hrvaška,Prihodi turistov,735
2022M11,Maribor,2.13 Hrvaška,Prenočitve turistov,1707
2022M11,Maribor,2.14 Irska,Prihodi turistov,24
2022M11,Maribor,2.14 Irska,Prenočitve turistov,75
2022M11,Maribor,2.15 Islandija,Prihodi turistov,6
2022M11,Maribor,2.15 Islandija,Prenočitve turistov,11
2022M11,Maribor,2.16 Italija,Prihodi turistov,406
2022M11,Maribor,2.16 Italija,Prenočitve turistov,811
2022M11,Maribor,2.17 Latvija,Prihodi turistov,40
2022M11,Maribor,2.17 Latvija,Prenočitve turistov,98
2022M11,Maribor,2.18 Litva,Prihodi turistov,52
2022M11,Maribor,2.18 Litva,Prenočitve turistov,250
2022M11,Maribor,2.19 Luksemburg,Prihodi turistov,3
2022M11,Maribor,2.19 Luksemburg,Prenočitve turistov,3
2022M11,Maribor,2.20 Madžarska,Prihodi turistov,297
2022M11,Maribor,2.20 Madžarska,Prenočitve turistov,518
2022M11,Maribor,2.21 Makedonija,Prihodi turistov,126
2022M11,Maribor,2.21 Makedonija,Prenočitve turistov,2391
2022M11,Maribor,2.22 Malta,Prihodi turistov,2
2022M11,Maribor,2.22 Malta,Prenočitve turistov,2
2022M11,Maribor,2.23 Nemčija,Prihodi turistov,605
2022M11,Maribor,2.23 Nemčija,Prenočitve turistov,1540
2022M11,Maribor,2.24 Nizozemska,Prihodi turistov,109
2022M11,Maribor,2.24 Nizozemska,Prenočitve turistov,315
2022M11,Maribor,2.25 Norveška,Prihodi turistov,12
2022M11,Maribor,2.25 Norveška,Prenočitve turistov,24
2022M11,Maribor,2.26 Poljska,Prihodi turistov,175
2022M11,Maribor,2.26 Poljska,Prenočitve turistov,643
2022M11,Maribor,2.27 Portugalska,Prihodi turistov,41
2022M11,Maribor,2.27 Portugalska,Prenočitve turistov,702
2022M11,Maribor,2.28 Romunija,Prihodi turistov,437
2022M11,Maribor,2.28 Romunija,Prenočitve turistov,1209
2022M11,Maribor,2.29 Ruska federacija,Prihodi turistov,60
2022M11,Maribor,2.29 Ruska federacija,Prenočitve turistov,434
2022M11,Maribor,2.30 Slovaška,Prihodi turistov,130
2022M11,Maribor,2.30 Slovaška,Prenočitve turistov,335
2022M11,Maribor,2.31 Srbija,Prihodi turistov,511
2022M11,Maribor,2.31 Srbija,Prenočitve turistov,2815
2022M11,Maribor,2.32 Španija,Prihodi turistov,109
2022M11,Maribor,2.32 Španija,Prenočitve turistov,912
2022M11,Maribor,2.33 Švedska,Prihodi turistov,49
2022M11,Maribor,2.33 Švedska,Prenočitve turistov,94
2022M11,Maribor,2.34 Švica,Prihodi turistov,50
2022M11,Maribor,2.34 Švica,Prenočitve turistov,88
2022M11,Maribor,2.35 Turčija,Prihodi turistov,37
2022M11,Maribor,2.35 Turčija,Prenočitve turistov,888
2022M11,Maribor,2.36 Ukrajina,Prihodi turistov,317
2022M11,Maribor,2.36 Ukrajina,Prenočitve turistov,1303
2022M11,Maribor,2.37 Združeno kraljestvo,Prihodi turistov,86
2022M11,Maribor,2.37 Združeno kraljestvo,Prenočitve turistov,211
2022M11,Maribor,2.38 Druge evropske države,Prihodi turistov,121
2022M11,Maribor,2.38 Druge evropske države,Prenočitve turistov,313
2022M11,Maribor,2.39 Južna Afrika,Prihodi turistov,4
2022M11,Maribor,2.39 Južna Afrika,Prenočitve turistov,8
2022M11,Maribor,2.40 Druge afriške države,Prihodi turistov,19
2022M11,Maribor,2.40 Druge afriške države,Prenočitve turistov,98
2022M11,Maribor,2.41 Avstralija,Prihodi turistov,13
2022M11,Maribor,2.41 Avstralija,Prenočitve turistov,26
2022M11,Maribor,2.42 Nova Zelandija,Prihodi turistov,5
2022M11,Maribor,2.42 Nova Zelandija,Prenočitve turistov,14
2022M11,Maribor,2.43 Druge države in ozemlja Oceanije,Prihodi turistov,
2022M11,Maribor,2.43 Druge države in ozemlja Oceanije,Prenočitve turistov,
2022M11,Maribor,2.44 Izrael,Prihodi turistov,18
2022M11,Maribor,2.44 Izrael,Prenočitve turistov,29
2022M11,Maribor,2.45 Japonska,Prihodi turistov,24
2022M11,Maribor,2.45 Japonska,Prenočitve turistov,108
2022M11,Maribor,2.46 Kitajska (Ljudska republika),Prihodi turistov,52
2022M11,Maribor,2.46 Kitajska (Ljudska republika),Prenočitve turistov,461
2022M11,Maribor,2.47 Koreja (Republika),Prihodi turistov,86
2022M11,Maribor,2.47 Koreja (Republika),Prenočitve turistov,94
2022M11,Maribor,2.48 Druge azijske države,Prihodi turistov,249
2022M11,Maribor,2.48 Druge azijske države,Prenočitve turistov,1132
2022M11,Maribor,2.49 Brazilija,Prihodi turistov,12
2022M11,Maribor,2.49 Brazilija,Prenočitve turistov,23
2022M11,Maribor,2.50 Druge države Južne in Srednje Amerike,Prihodi turistov,42
2022M11,Maribor,2.50 Druge države Južne in Srednje Amerike,Prenočitve turistov,111
2022M11,Maribor,2.51 Kanada,Prihodi turistov,12
2022M11,Maribor,2.51 Kanada,Prenočitve turistov,16
2022M11,Maribor,2.52 Združene države (ZDA),Prihodi turistov,75
2022M11,Maribor,2.52 Združene države (ZDA),Prenočitve turistov,218
2022M11,Maribor,2.53 Druge države in ozemlja Severne Amerike,Prihodi turistov,
2022M11,Maribor,2.53 Druge države in ozemlja Severne Amerike,Prenočitve turistov,
2022M12,Maribor,0 Država - SKUPAJ,Prihodi turistov,12067
2022M12,Maribor,0 Država - SKUPAJ,Prenočitve turistov,33430
2022M12,Maribor,1 DOMAČI,Prihodi turistov,2960
2022M12,Maribor,1 DOMAČI,Prenočitve turistov,4430
2022M12,Maribor,2 TUJI,Prihodi turistov,9107
2022M12,Maribor,2 TUJI,Prenočitve turistov,29000
2022M12,Maribor,2.1 Avstrija,Prihodi turistov,1027
2022M12,Maribor,2.1 Avstrija,Prenočitve turistov,1465
2022M12,Maribor,2.2 Belgija,Prihodi turistov,40
2022M12,Maribor,2.2 Belgija,Prenočitve turistov,94
2022M12,Maribor,2.3 Bolgarija,Prihodi turistov,91
2022M12,Maribor,2.3 Bolgarija,Prenočitve turistov,193
2022M12,Maribor,2.4 Bosna in Hercegovina,Prihodi turistov,687
2022M12,Maribor,2.4 Bosna in Hercegovina,Prenočitve turistov,1894
2022M12,Maribor,2.5 Ciper,Prihodi turistov,
2022M12,Maribor,2.5 Ciper,Prenočitve turistov,
2022M12,Maribor,2.6 Češka republika,Prihodi turistov,119
2022M12,Maribor,2.6 Češka republika,Prenočitve turistov,638
2022M12,Maribor,2.7 Črna gora,Prihodi turistov,81
2022M12,Maribor,2.7 Črna gora,Prenočitve turistov,606
2022M12,Maribor,2.8 Danska,Prihodi turistov,12
2022M12,Maribor,2.8 Danska,Prenočitve turistov,32
2022M12,Maribor,2.9 Estonija,Prihodi turistov,8
2022M12,Maribor,2.9 Estonija,Prenočitve turistov,50
2022M12,Maribor,2.10 Finska,Prihodi turistov,16
2022M12,Maribor,2.10 Finska,Prenočitve turistov,34
2022M12,Maribor,2.11 Francija,Prihodi turistov,105
2022M12,Maribor,2.11 Francija,Prenočitve turistov,940
2022M12,Maribor,2.12 Grčija,Prihodi turistov,61
2022M12,Maribor,2.12 Grčija,Prenočitve turistov,146
2022M12,Maribor,2.13 Hrvaška,Prihodi turistov,1274
2022M12,Maribor,2.13 Hrvaška,Prenočitve turistov,2973
2022M12,Maribor,2.14 Irska,Prihodi turistov,19
2022M12,Maribor,2.14 Irska,Prenočitve turistov,57
2022M12,Maribor,2.15 Islandija,Prihodi turistov,
2022M12,Maribor,2.15 Islandija,Prenočitve turistov,
2022M12,Maribor,2.16 Italija,Prihodi turistov,801
2022M12,Maribor,2.16 Italija,Prenočitve turistov,1276
2022M12,Maribor,2.17 Latvija,Prihodi turistov,18
2022M12,Maribor,2.17 Latvija,Prenočitve turistov,50
2022M12,Maribor,2.18 Litva,Prihodi turistov,5
2022M12,Maribor,2.18 Litva,Prenočitve turistov,100
2022M12,Maribor,2.19 Luksemburg,Prihodi turistov,2
2022M12,Maribor,2.19 Luksemburg,Prenočitve turistov,2
2022M12,Maribor,2.20 Madžarska,Prihodi turistov,801
2022M12,Maribor,2.20 Madžarska,Prenočitve turistov,1807
2022M12,Maribor,2.21 Makedonija,Prihodi turistov,132
2022M12,Maribor,2.21 Makedonija,Prenočitve turistov,2111
2022M12,Maribor,2.22 Malta,Prihodi turistov,32
2022M12,Maribor,2.22 Malta,Prenočitve turistov,55
2022M12,Maribor,2.23 Nemčija,Prihodi turistov,588
2022M12,Maribor,2.23 Nemčija,Prenočitve turistov,1465
2022M12,Maribor,2.24 Nizozemska,Prihodi turistov,81
2022M12,Maribor,2.24 Nizozemska,Prenočitve turistov,212
2022M12,Maribor,2.25 Norveška,Prihodi turistov,15
2022M12,Maribor,2.25 Norveška,Prenočitve turistov,47
2022M12,Maribor,2.26 Poljska,Prihodi turistov,153
2022M12,Maribor,2.26 Poljska,Prenočitve turistov,980
2022M12,Maribor,2.27 Portugalska,Prihodi turistov,13
2022M12,Maribor,2.27 Portugalska,Prenočitve turistov,587
2022M12,Maribor,2.28 Romunija,Prihodi turistov,601
2022M12,Maribor,2.28 Romunija,Prenočitve turistov,1226
2022M12,Maribor,2.29 Ruska federacija,Prihodi turistov,78
2022M12,Maribor,2.29 Ruska federacija,Prenočitve turistov,414
2022M12,Maribor,2.30 Slovaška,Prihodi turistov,158
2022M12,Maribor,2.30 Slovaška,Prenočitve turistov,377
2022M12,Maribor,2.31 Srbija,Prihodi turistov,704
2022M12,Maribor,2.31 Srbija,Prenočitve turistov,3042
2022M12,Maribor,2.32 Španija,Prihodi turistov,88
2022M12,Maribor,2.32 Španija,Prenočitve turistov,841
2022M12,Maribor,2.33 Švedska,Prihodi turistov,39
2022M12,Maribor,2.33 Švedska,Prenočitve turistov,82
2022M12,Maribor,2.34 Švica,Prihodi turistov,67
2022M12,Maribor,2.34 Švica,Prenočitve turistov,185
2022M12,Maribor,2.35 Turčija,Prihodi turistov,39
2022M12,Maribor,2.35 Turčija,Prenočitve turistov,877
2022M12,Maribor,2.36 Ukrajina,Prihodi turistov,407
2022M12,Maribor,2.36 Ukrajina,Prenočitve turistov,1631
2022M12,Maribor,2.37 Združeno kraljestvo,Prihodi turistov,85
2022M12,Maribor,2.37 Združeno kraljestvo,Prenočitve turistov,237
2022M12,Maribor,2.38 Druge evropske države,Prihodi turistov,94
2022M12,Maribor,2.38 Druge evropske države,Prenočitve turistov,213
2022M12,Maribor,2.39 Južna Afrika,Prihodi turistov,2
2022M12,Maribor,2.39 Južna Afrika,Prenočitve turistov,5
2022M12,Maribor,2.40 Druge afriške države,Prihodi turistov,12
2022M12,Maribor,2.40 Druge afriške države,Prenočitve turistov,82
2022M12,Maribor,2.41 Avstralija,Prihodi turistov,23
2022M12,Maribor,2.41 Avstralija,Prenočitve turistov,26
2022M12,Maribor,2.42 Nova Zelandija,Prihodi turistov,
2022M12,Maribor,2.42 Nova Zelandija,Prenočitve turistov,
2022M12,Maribor,2.43 Druge države in ozemlja Oceanije,Prihodi turistov,
2022M12,Maribor,2.43 Druge države in ozemlja Oceanije,Prenočitve turistov,
2022M12,Maribor,2.44 Izrael,Prihodi turistov,18
2022M12,Maribor,2.44 Izrael,Prenočitve turistov,30
2022M12,Maribor,2.45 Japonska,Prihodi turistov,11
2022M12,Maribor,2.45 Japonska,Prenočitve turistov,16
2022M12,Maribor,2.46 Kitajska (Ljudska republika),Prihodi turistov,45
2022M12,Maribor,2.46 Kitajska (Ljudska republika),Prenočitve turistov,494
2022M12,Maribor,2.47 Koreja (Republika),Prihodi turistov,88
2022M12,Maribor,2.47 Koreja (Republika),Prenočitve turistov,89
2022M12,Maribor,2.48 Druge azijske države,Prihodi turistov,190
2022M12,Maribor,2.48 Druge azijske države,Prenočitve turistov,907
2022M12,Maribor,2.49 Brazilija,Prihodi turistov,22
2022M12,Maribor,2.49 Brazilija,Prenočitve turistov,45
2022M12,Maribor,2.50 Druge države Južne in Srednje Amerike,Prihodi turistov,27
2022M12,Maribor,2.50 Druge države Južne in Srednje Amerike,Prenočitve turistov,48
2022M12,Maribor,2.51 Kanada,Prihodi turistov,10
2022M12,Maribor,2.51 Kanada,Prenočitve turistov,11
2022M12,Maribor,2.52 Združene države (ZDA),Prihodi turistov,118
2022M12,Maribor,2.52 Združene države (ZDA),Prenočitve turistov,308
2022M12,Maribor,2.53 Druge države in ozemlja Severne Amerike,Prihodi turistov,
2022M12,Maribor,2.53 Druge države in ozemlja Severne Amerike,Prenočitve turistov,
2023M01,Maribor,0 Država - SKUPAJ,Prihodi turistov,11847
2023M01,Maribor,0 Država - SKUPAJ,Prenočitve turistov,35628
2023M01,Maribor,1 DOMAČI,Prihodi turistov,1947
2023M01,Maribor,1 DOMAČI,Prenočitve turistov,3516
2023M01,Maribor,2 TUJI,Prihodi turistov,9900
2023M01,Maribor,2 TUJI,Prenočitve turistov,32112
2023M01,Maribor,2.1 Avstrija,Prihodi turistov,626
2023M01,Maribor,2.1 Avstrija,Prenočitve turistov,984
2023M01,Maribor,2.2 Belgija,Prihodi turistov,36
2023M01,Maribor,2.2 Belgija,Prenočitve turistov,88
2023M01,Maribor,2.3 Bolgarija,Prihodi turistov,137
2023M01,Maribor,2.3 Bolgarija,Prenočitve turistov,295
2023M01,Maribor,2.4 Bosna in Hercegovina,Prihodi turistov,697
2023M01,Maribor,2.4 Bosna in Hercegovina,Prenočitve turistov,1754
2023M01,Maribor,2.5 Ciper,Prihodi turistov,32
2023M01,Maribor,2.5 Ciper,Prenočitve turistov,116
2023M01,Maribor,2.6 Češka republika,Prihodi turistov,137
2023M01,Maribor,2.6 Češka republika,Prenočitve turistov,565
2023M01,Maribor,2.7 Črna gora,Prihodi turistov,135
2023M01,Maribor,2.7 Črna gora,Prenočitve turistov,720
2023M01,Maribor,2.8 Danska,Prihodi turistov,6
2023M01,Maribor,2.8 Danska,Prenočitve turistov,8
2023M01,Maribor,2.9 Estonija,Prihodi turistov,6
2023M01,Maribor,2.9 Estonija,Prenočitve turistov,41
2023M01,Maribor,2.10 Finska,Prihodi turistov,10
2023M01,Maribor,2.10 Finska,Prenočitve turistov,14
2023M01,Maribor,2.11 Francija,Prihodi turistov,94
2023M01,Maribor,2.11 Francija,Prenočitve turistov,886
2023M01,Maribor,2.12 Grčija,Prihodi turistov,28
2023M01,Maribor,2.12 Grčija,Prenočitve turistov,124
2023M01,Maribor,2.13 Hrvaška,Prihodi turistov,1951
2023M01,Maribor,2.13 Hrvaška,Prenočitve turistov,4971
2023M01,Maribor,2.14 Irska,Prihodi turistov,17
2023M01,Maribor,2.14 Irska,Prenočitve turistov,35
2023M01,Maribor,2.15 Islandija,Prihodi turistov,
2023M01,Maribor,2.15 Islandija,Prenočitve turistov,
2023M01,Maribor,2.16 Italija,Prihodi turistov,562
2023M01,Maribor,2.16 Italija,Prenočitve turistov,1159
2023M01,Maribor,2.17 Latvija,Prihodi turistov,15
2023M01,Maribor,2.17 Latvija,Prenočitve turistov,41
2023M01,Maribor,2.18 Litva,Prihodi turistov,10
2023M01,Maribor,2.18 Litva,Prenočitve turistov,14
2023M01,Maribor,2.19 Luksemburg,Prihodi turistov,6
2023M01,Maribor,2.19 Luksemburg,Prenočitve turistov,6
2023M01,Maribor,2.20 Madžarska,Prihodi turistov,1093
2023M01,Maribor,2.20 Madžarska,Prenočitve turistov,2736
2023M01,Maribor,2.21 Makedonija,Prihodi turistov,147
2023M01,Maribor,2.21 Makedonija,Prenočitve turistov,1749
2023M01,Maribor,2.22 Malta,Prihodi turistov,11
2023M01,Maribor,2.22 Malta,Prenočitve turistov,28
2023M01,Maribor,2.23 Nemčija,Prihodi turistov,582
2023M01,Maribor,2.23 Nemčija,Prenočitve turistov,1500
2023M01,Maribor,2.24 Nizozemska,Prihodi turistov,84
2023M01,Maribor,2.24 Nizozemska,Prenočitve turistov,156
2023M01,Maribor,2.25 Norveška,Prihodi turistov,17
2023M01,Maribor,2.25 Norveška,Prenočitve turistov,47
2023M01,Maribor,2.26 Poljska,Prihodi turistov,177
2023M01,Maribor,2.26 Poljska,Prenočitve turistov,855
2023M01,Maribor,2.27 Portugalska,Prihodi turistov,49
2023M01,Maribor,2.27 Portugalska,Prenočitve turistov,599
2023M01,Maribor,2.28 Romunija,Prihodi turistov,729
2023M01,Maribor,2.28 Romunija,Prenočitve turistov,1252
2023M01,Maribor,2.29 Ruska federacija,Prihodi turistov,73
2023M01,Maribor,2.29 Ruska federacija,Prenočitve turistov,392
2023M01,Maribor,2.30 Slovaška,Prihodi turistov,250
2023M01,Maribor,2.30 Slovaška,Prenočitve turistov,697
2023M01,Maribor,2.31 Srbija,Prihodi turistov,835
2023M01,Maribor,2.31 Srbija,Prenočitve turistov,3778
2023M01,Maribor,2.32 Španija,Prihodi turistov,81
2023M01,Maribor,2.32 Španija,Prenočitve turistov,883
2023M01,Maribor,2.33 Švedska,Prihodi turistov,34
2023M01,Maribor,2.33 Švedska,Prenočitve turistov,84
2023M01,Maribor,2.34 Švica,Prihodi turistov,41
2023M01,Maribor,2.34 Švica,Prenočitve turistov,114
2023M01,Maribor,2.35 Turčija,Prihodi turistov,38
2023M01,Maribor,2.35 Turčija,Prenočitve turistov,909
2023M01,Maribor,2.36 Ukrajina,Prihodi turistov,485
2023M01,Maribor,2.36 Ukrajina,Prenočitve turistov,1692
2023M01,Maribor,2.37 Združeno kraljestvo,Prihodi turistov,90
2023M01,Maribor,2.37 Združeno kraljestvo,Prenočitve turistov,293
2023M01,Maribor,2.38 Druge evropske države,Prihodi turistov,161
2023M01,Maribor,2.38 Druge evropske države,Prenočitve turistov,337
2023M01,Maribor,2.39 Južna Afrika,Prihodi turistov,1
2023M01,Maribor,2.39 Južna Afrika,Prenočitve turistov,23
2023M01,Maribor,2.40 Druge afriške države,Prihodi turistov,11
2023M01,Maribor,2.40 Druge afriške države,Prenočitve turistov,50
2023M01,Maribor,2.41 Avstralija,Prihodi turistov,14
2023M01,Maribor,2.41 Avstralija,Prenočitve turistov,37
2023M01,Maribor,2.42 Nova Zelandija,Prihodi turistov,3
2023M01,Maribor,2.42 Nova Zelandija,Prenočitve turistov,5
2023M01,Maribor,2.43 Druge države in ozemlja Oceanije,Prihodi turistov,
2023M01,Maribor,2.43 Druge države in ozemlja Oceanije,Prenočitve turistov,
2023M01,Maribor,2.44 Izrael,Prihodi turistov,43
2023M01,Maribor,2.44 Izrael,Prenočitve turistov,145
2023M01,Maribor,2.45 Japonska,Prihodi turistov,17
2023M01,Maribor,2.45 Japonska,Prenočitve turistov,47
2023M01,Maribor,2.46 Kitajska (Ljudska republika),Prihodi turistov,35
2023M01,Maribor,2.46 Kitajska (Ljudska republika),Prenočitve turistov,487
2023M01,Maribor,2.47 Koreja (Republika),Prihodi turistov,99
2023M01,Maribor,2.47 Koreja (Republika),Prenočitve turistov,177
2023M01,Maribor,2.48 Druge azijske države,Prihodi turistov,72
2023M01,Maribor,2.48 Druge azijske države,Prenočitve turistov,825
2023M01,Maribor,2.49 Brazilija,Prihodi turistov,17
2023M01,Maribor,2.49 Brazilija,Prenočitve turistov,49
2023M01,Maribor,2.50 Druge države Južne in Srednje Amerike,Prihodi turistov,21
2023M01,Maribor,2.50 Druge države Južne in Srednje Amerike,Prenočitve turistov,56
2023M01,Maribor,2.51 Kanada,Prihodi turistov,10
2023M01,Maribor,2.51 Kanada,Prenočitve turistov,21
2023M01,Maribor,2.52 Združene države (ZDA),Prihodi turistov,75
2023M01,Maribor,2.52 Združene države (ZDA),Prenočitve turistov,268
2023M01,Maribor,2.53 Druge države in ozemlja Severne Amerike,Prihodi turistov,
2023M01,Maribor,2.53 Druge države in ozemlja Severne Amerike,Prenočitve turistov,
2023M02,Maribor,0 Država - SKUPAJ,Prihodi turistov,13374
2023M02,Maribor,0 Država - SKUPAJ,Prenočitve turistov,36520
2023M02,Maribor,1 DOMAČI,Prihodi turistov,2534
2023M02,Maribor,1 DOMAČI,Prenočitve turistov,4679
2023M02,Maribor,2 TUJI,Prihodi turistov,10840
2023M02,Maribor,2 TUJI,Prenočitve turistov,31841
2023M02,Maribor,2.1 Avstrija,Prihodi turistov,734
2023M02,Maribor,2.1 Avstrija,Prenočitve turistov,1266
2023M02,Maribor,2.2 Belgija,Prihodi turistov,42
2023M02,Maribor,2.2 Belgija,Prenočitve turistov,81
2023M02,Maribor,2.3 Bolgarija,Prihodi turistov,106
2023M02,Maribor,2.3 Bolgarija,Prenočitve turistov,197
2023M02,Maribor,2.4 Bosna in Hercegovina,Prihodi turistov,521
2023M02,Maribor,2.4 Bosna in Hercegovina,Prenočitve turistov,1602
2023M02,Maribor,2.5 Ciper,Prihodi turistov,1
2023M02,Maribor,2.5 Ciper,Prenočitve turistov,26
2023M02,Maribor,2.6 Češka republika,Prihodi turistov,176
2023M02,Maribor,2.6 Češka republika,Prenočitve turistov,706
2023M02,Maribor,2.7 Črna gora,Prihodi turistov,75
2023M02,Maribor,2.7 Črna gora,Prenočitve turistov,408
2023M02,Maribor,2.8 Danska,Prihodi turistov,3
2023M02,Maribor,2.8 Danska,Prenočitve turistov,4
2023M02,Maribor,2.9 Estonija,Prihodi turistov,11
2023M02,Maribor,2.9 Estonija,Prenočitve turistov,39
2023M02,Maribor,2.10 Finska,Prihodi turistov,26
2023M02,Maribor,2.10 Finska,Prenočitve turistov,138
2023M02,Maribor,2.11 Francija,Prihodi turistov,163
2023M02,Maribor,2.11 Francija,Prenočitve turistov,825
2023M02,Maribor,2.12 Grčija,Prihodi turistov,22
2023M02,Maribor,2.12 Grčija,Prenočitve turistov,103
2023M02,Maribor,2.13 Hrvaška,Prihodi turistov,2537
2023M02,Maribor,2.13 Hrvaška,Prenočitve turistov,6478
2023M02,Maribor,2.14 Irska,Prihodi turistov,18
2023M02,Maribor,2.14 Irska,Prenočitve turistov,45
2023M02,Maribor,2.15 Islandija,Prihodi turistov,4
2023M02,Maribor,2.15 Islandija,Prenočitve turistov,7
2023M02,Maribor,2.16 Italija,Prihodi turistov,382
2023M02,Maribor,2.16 Italija,Prenočitve turistov,674
2023M02,Maribor,2.17 Latvija,Prihodi turistov,13
2023M02,Maribor,2.17 Latvija,Prenočitve turistov,42
2023M02,Maribor,2.18 Litva,Prihodi turistov,39
2023M02,Maribor,2.18 Litva,Prenočitve turistov,112
2023M02,Maribor,2.19 Luksemburg,Prihodi turistov,1
2023M02,Maribor,2.19 Luksemburg,Prenočitve turistov,3
2023M02,Maribor,2.20 Madžarska,Prihodi turistov,1418
2023M02,Maribor,2.20 Madžarska,Prenočitve turistov,3362
2023M02,Maribor,2.21 Makedonija,Prihodi turistov,135
2023M02,Maribor,2.21 Makedonija,Prenočitve turistov,1552
2023M02,Maribor,2.22 Malta,Prihodi turistov,38
2023M02,Maribor,2.22 Malta,Prenočitve turistov,142
2023M02,Maribor,2.23 Nemčija,Prihodi turistov,598
2023M02,Maribor,2.23 Nemčija,Prenočitve turistov,1553
2023M02,Maribor,2.24 Nizozemska,Prihodi turistov,90
2023M02,Maribor,2.24 Nizozemska,Prenočitve turistov,185
2023M02,Maribor,2.25 Norveška,Prihodi turistov,32
2023M02,Maribor,2.25 Norveška,Prenočitve turistov,56
2023M02,Maribor,2.26 Poljska,Prihodi turistov,185
2023M02,Maribor,2.26 Poljska,Prenočitve turistov,645
2023M02,Maribor,2.27 Portugalska,Prihodi turistov,62
2023M02,Maribor,2.27 Portugalska,Prenočitve turistov,444
2023M02,Maribor,2.28 Romunija,Prihodi turistov,883
2023M02,Maribor,2.28 Romunija,Prenočitve turistov,1482
2023M02,Maribor,2.29 Ruska federacija,Prihodi turistov,62
2023M02,Maribor,2.29 Ruska federacija,Prenočitve turistov,318
2023M02,Maribor,2.30 Slovaška,Prihodi turistov,159
2023M02,Maribor,2.30 Slovaška,Prenočitve turistov,410
2023M02,Maribor,2.31 Srbija,Prihodi turistov,970
2023M02,Maribor,2.31 Srbija,Prenočitve turistov,3411
2023M02,Maribor,2.32 Španija,Prihodi turistov,111
2023M02,Maribor,2.32 Španija,Prenočitve turistov,711
2023M02,Maribor,2.33 Švedska,Prihodi turistov,47
2023M02,Maribor,2.33 Švedska,Prenočitve turistov,102
2023M02,Maribor,2.34 Švica,Prihodi turistov,63
2023M02,Maribor,2.34 Švica,Prenočitve turistov,161
2023M02,Maribor,2.35 Turčija,Prihodi turistov,80
2023M02,Maribor,2.35 Turčija,Prenočitve turistov,1003
2023M02,Maribor,2.36 Ukrajina,Prihodi turistov,323
2023M02,Maribor,2.36 Ukrajina,Prenočitve turistov,1313
2023M02,Maribor,2.37 Združeno kraljestvo,Prihodi turistov,85
2023M02,Maribor,2.37 Združeno kraljestvo,Prenočitve turistov,273
2023M02,Maribor,2.38 Druge evropske države,Prihodi turistov,154
2023M02,Maribor,2.38 Druge evropske države,Prenočitve turistov,312
2023M02,Maribor,2.39 Južna Afrika,Prihodi turistov,
2023M02,Maribor,2.39 Južna Afrika,Prenočitve turistov,
2023M02,Maribor,2.40 Druge afriške države,Prihodi turistov,20
2023M02,Maribor,2.40 Druge afriške države,Prenočitve turistov,68
2023M02,Maribor,2.41 Avstralija,Prihodi turistov,15
2023M02,Maribor,2.41 Avstralija,Prenočitve turistov,24
2023M02,Maribor,2.42 Nova Zelandija,Prihodi turistov,
2023M02,Maribor,2.42 Nova Zelandija,Prenočitve turistov,
2023M02,Maribor,2.43 Druge države in ozemlja Oceanije,Prihodi turistov,
2023M02,Maribor,2.43 Druge države in ozemlja Oceanije,Prenočitve turistov,
2023M02,Maribor,2.44 Izrael,Prihodi turistov,16
2023M02,Maribor,2.44 Izrael,Prenočitve turistov,47
2023M02,Maribor,2.45 Japonska,Prihodi turistov,17
2023M02,Maribor,2.45 Japonska,Prenočitve turistov,73
2023M02,Maribor,2.46 Kitajska (Ljudska republika),Prihodi turistov,26
2023M02,Maribor,2.46 Kitajska (Ljudska republika),Prenočitve turistov,258
2023M02,Maribor,2.47 Koreja (Republika),Prihodi turistov,144
2023M02,Maribor,2.47 Koreja (Republika),Prenočitve turistov,147
2023M02,Maribor,2.48 Druge azijske države,Prihodi turistov,104
2023M02,Maribor,2.48 Druge azijske države,Prenočitve turistov,700
2023M02,Maribor,2.49 Brazilija,Prihodi turistov,12
2023M02,Maribor,2.49 Brazilija,Prenočitve turistov,53
2023M02,Maribor,2.50 Druge države Južne in Srednje Amerike,Prihodi turistov,23
2023M02,Maribor,2.50 Druge države Južne in Srednje Amerike,Prenočitve turistov,80
2023M02,Maribor,2.51 Kanada,Prihodi turistov,17
2023M02,Maribor,2.51 Kanada,Prenočitve turistov,34
2023M02,Maribor,2.52 Združene države (ZDA),Prihodi turistov,77
2023M02,Maribor,2.52 Združene države (ZDA),Prenočitve turistov,166
2023M02,Maribor,2.53 Druge države in ozemlja Severne Amerike,Prihodi turistov,
2023M02,Maribor,2.53 Druge države in ozemlja Severne Amerike,Prenočitve turistov,
2023M03,Maribor,0 Država - SKUPAJ,Prihodi turistov,10857
2023M03,Maribor,0 Država - SKUPAJ,Prenočitve turistov,28646
2023M03,Maribor,1 DOMAČI,Prihodi turistov,2464
2023M03,Maribor,1 DOMAČI,Prenočitve turistov,3906
2023M03,Maribor,2 TUJI,Prihodi turistov,8393
2023M03,Maribor,2 TUJI,Prenočitve turistov,24740
2023M03,Maribor,2.1 Avstrija,Prihodi turistov,742
2023M03,Maribor,2.1 Avstrija,Prenočitve turistov,1198
2023M03,Maribor,2.2 Belgija,Prihodi turistov,45
2023M03,Maribor,2.2 Belgija,Prenočitve turistov,112
2023M03,Maribor,2.3 Bolgarija,Prihodi turistov,124
2023M03,Maribor,2.3 Bolgarija,Prenočitve turistov,276
2023M03,Maribor,2.4 Bosna in Hercegovina,Prihodi turistov,508
2023M03,Maribor,2.4 Bosna in Hercegovina,Prenočitve turistov,1228
2023M03,Maribor,2.5 Ciper,Prihodi turistov,7
2023M03,Maribor,2.5 Ciper,Prenočitve turistov,22
2023M03,Maribor,2.6 Češka republika,Prihodi turistov,216
2023M03,Maribor,2.6 Češka republika,Prenočitve turistov,1143
2023M03,Maribor,2.7 Črna gora,Prihodi turistov,87
2023M03,Maribor,2.7 Črna gora,Prenočitve turistov,173
2023M03,Maribor,2.8 Danska,Prihodi turistov,136
2023M03,Maribor,2.8 Danska,Prenočitve turistov,1138
2023M03,Maribor,2.9 Estonija,Prihodi turistov,4
2023M03,Maribor,2.9 Estonija,Prenočitve turistov,7
2023M03,Maribor,2.10 Finska,Prihodi turistov,29
2023M03,Maribor,2.10 Finska,Prenočitve turistov,240
2023M03,Maribor,2.11 Francija,Prihodi turistov,152
2023M03,Maribor,2.11 Francija,Prenočitve turistov,981
2023M03,Maribor,2.12 Grčija,Prihodi turistov,50
2023M03,Maribor,2.12 Grčija,Prenočitve turistov,186
2023M03,Maribor,2.13 Hrvaška,Prihodi turistov,899
2023M03,Maribor,2.13 Hrvaška,Prenočitve turistov,2414
2023M03,Maribor,2.14 Irska,Prihodi turistov,25
2023M03,Maribor,2.14 Irska,Prenočitve turistov,63
2023M03,Maribor,2.15 Islandija,Prihodi turistov,4
2023M03,Maribor,2.15 Islandija,Prenočitve turistov,12
2023M03,Maribor,2.16 Italija,Prihodi turistov,608
2023M03,Maribor,2.16 Italija,Prenočitve turistov,1090
2023M03,Maribor,2.17 Latvija,Prihodi turistov,9
2023M03,Maribor,2.17 Latvija,Prenočitve turistov,14
2023M03,Maribor,2.18 Litva,Prihodi turistov,33
2023M03,Maribor,2.18 Litva,Prenočitve turistov,220
2023M03,Maribor,2.19 Luksemburg,Prihodi turistov,5
2023M03,Maribor,2.19 Luksemburg,Prenočitve turistov,6
2023M03,Maribor,2.20 Madžarska,Prihodi turistov,556
2023M03,Maribor,2.20 Madžarska,Prenočitve turistov,1034
2023M03,Maribor,2.21 Makedonija,Prihodi turistov,144
2023M03,Maribor,2.21 Makedonija,Prenočitve turistov,483
2023M03,Maribor,2.22 Malta,Prihodi turistov,3
2023M03,Maribor,2.22 Malta,Prenočitve turistov,8
2023M03,Maribor,2.23 Nemčija,Prihodi turistov,780
2023M03,Maribor,2.23 Nemčija,Prenočitve turistov,1871
2023M03,Maribor,2.24 Nizozemska,Prihodi turistov,68
2023M03,Maribor,2.24 Nizozemska,Prenočitve turistov,156
2023M03,Maribor,2.25 Norveška,Prihodi turistov,30
2023M03,Maribor,2.25 Norveška,Prenočitve turistov,60
2023M03,Maribor,2.26 Poljska,Prihodi turistov,178
2023M03,Maribor,2.26 Poljska,Prenočitve turistov,403
2023M03,Maribor,2.27 Portugalska,Prihodi turistov,33
2023M03,Maribor,2.27 Portugalska,Prenočitve turistov,580
2023M03,Maribor,2.28 Romunija,Prihodi turistov,501
2023M03,Maribor,2.28 Romunija,Prenočitve turistov,989
2023M03,Maribor,2.29 Ruska federacija,Prihodi turistov,62
2023M03,Maribor,2.29 Ruska federacija,Prenočitve turistov,211
2023M03,Maribor,2.30 Slovaška,Prihodi turistov,205
2023M03,Maribor,2.30 Slovaška,Prenočitve turistov,440
2023M03,Maribor,2.31 Srbija,Prihodi turistov,519
2023M03,Maribor,2.31 Srbija,Prenočitve turistov,1556
2023M03,Maribor,2.32 Španija,Prihodi turistov,124
2023M03,Maribor,2.32 Španija,Prenočitve turistov,807
2023M03,Maribor,2.33 Švedska,Prihodi turistov,26
2023M03,Maribor,2.33 Švedska,Prenočitve turistov,38
2023M03,Maribor,2.34 Švica,Prihodi turistov,42
2023M03,Maribor,2.34 Švica,Prenočitve turistov,84
2023M03,Maribor,2.35 Turčija,Prihodi turistov,37
2023M03,Maribor,2.35 Turčija,Prenočitve turistov,1157
2023M03,Maribor,2.36 Ukrajina,Prihodi turistov,496
2023M03,Maribor,2.36 Ukrajina,Prenočitve turistov,1604
2023M03,Maribor,2.37 Združeno kraljestvo,Prihodi turistov,98
2023M03,Maribor,2.37 Združeno kraljestvo,Prenočitve turistov,271
2023M03,Maribor,2.38 Druge evropske države,Prihodi turistov,143
2023M03,Maribor,2.38 Druge evropske države,Prenočitve turistov,365
2023M03,Maribor,2.39 Južna Afrika,Prihodi turistov,4
2023M03,Maribor,2.39 Južna Afrika,Prenočitve turistov,6
2023M03,Maribor,2.40 Druge afriške države,Prihodi turistov,19
2023M03,Maribor,2.40 Druge afriške države,Prenočitve turistov,170
2023M03,Maribor,2.41 Avstralija,Prihodi turistov,23
2023M03,Maribor,2.41 Avstralija,Prenočitve turistov,48
2023M03,Maribor,2.42 Nova Zelandija,Prihodi turistov,3
2023M03,Maribor,2.42 Nova Zelandija,Prenočitve turistov,6
2023M03,Maribor,2.43 Druge države in ozemlja Oceanije,Prihodi turistov,
2023M03,Maribor,2.43 Druge države in ozemlja Oceanije,Prenočitve turistov,
2023M03,Maribor,2.44 Izrael,Prihodi turistov,12
2023M03,Maribor,2.44 Izrael,Prenočitve turistov,13
2023M03,Maribor,2.45 Japonska,Prihodi turistov,9
2023M03,Maribor,2.45 Japonska,Prenočitve turistov,39
2023M03,Maribor,2.46 Kitajska (Ljudska republika),Prihodi turistov,51
2023M03,Maribor,2.46 Kitajska (Ljudska republika),Prenočitve turistov,176
2023M03,Maribor,2.47 Koreja (Republika),Prihodi turistov,282
2023M03,Maribor,2.47 Koreja (Republika),Prenočitve turistov,292
2023M03,Maribor,2.48 Druge azijske države,Prihodi turistov,143
2023M03,Maribor,2.48 Druge azijske države,Prenočitve turistov,988
2023M03,Maribor,2.49 Brazilija,Prihodi turistov,12
2023M03,Maribor,2.49 Brazilija,Prenočitve turistov,65
2023M03,Maribor,2.50 Druge države Južne in Srednje Amerike,Prihodi turistov,27
2023M03,Maribor,2.50 Druge države Južne in Srednje Amerike,Prenočitve turistov,111
2023M03,Maribor,2.51 Kanada,Prihodi turistov,17
2023M03,Maribor,2.51 Kanada,Prenočitve turistov,27
2023M03,Maribor,2.52 Združene države (ZDA),Prihodi turistov,63
2023M03,Maribor,2.52 Združene države (ZDA),Prenočitve turistov,159
2023M03,Maribor,2.53 Druge države in ozemlja Severne Amerike,Prihodi turistov,
2023M03,Maribor,2.53 Druge države in ozemlja Severne Amerike,Prenočitve turistov,
2023M04,Maribor,0 Država - SKUPAJ,Prihodi turistov,16765
2023M04,Maribor,0 Država - SKUPAJ,Prenočitve turistov,35036
2023M04,Maribor,1 DOMAČI,Prihodi turistov,2192
2023M04,Maribor,1 DOMAČI,Prenočitve turistov,3780
2023M04,Maribor,2 TUJI,Prihodi turistov,14573
2023M04,Maribor,2 TUJI,Prenočitve turistov,31256
2023M04,Maribor,2.1 Avstrija,Prihodi turistov,1564
2023M04,Maribor,2.1 Avstrija,Prenočitve turistov,2285
2023M04,Maribor,2.2 Belgija,Prihodi turistov,68
2023M04,Maribor,2.2 Belgija,Prenočitve turistov,116
2023M04,Maribor,2.3 Bolgarija,Prihodi turistov,136
2023M04,Maribor,2.3 Bolgarija,Prenočitve turistov,200
2023M04,Maribor,2.4 Bosna in Hercegovina,Prihodi turistov,633
2023M04,Maribor,2.4 Bosna in Hercegovina,Prenočitve turistov,1182
2023M04,Maribor,2.5 Ciper,Prihodi turistov,10
2023M04,Maribor,2.5 Ciper,Prenočitve turistov,22
2023M04,Maribor,2.6 Češka republika,Prihodi turistov,483
2023M04,Maribor,2.6 Češka republika,Prenočitve turistov,1432
2023M04,Maribor,2.7 Črna gora,Prihodi turistov,97
2023M04,Maribor,2.7 Črna gora,Prenočitve turistov,230
2023M04,Maribor,2.8 Danska,Prihodi turistov,46
2023M04,Maribor,2.8 Danska,Prenočitve turistov,89
2023M04,Maribor,2.9 Estonija,Prihodi turistov,11
2023M04,Maribor,2.9 Estonija,Prenočitve turistov,13
2023M04,Maribor,2.10 Finska,Prihodi turistov,71
2023M04,Maribor,2.10 Finska,Prenočitve turistov,421
2023M04,Maribor,2.11 Francija,Prihodi turistov,236
2023M04,Maribor,2.11 Francija,Prenočitve turistov,764
2023M04,Maribor,2.12 Grčija,Prihodi turistov,58
2023M04,Maribor,2.12 Grčija,Prenočitve turistov,312
2023M04,Maribor,2.13 Hrvaška,Prihodi turistov,665
2023M04,Maribor,2.13 Hrvaška,Prenočitve turistov,1316
2023M04,Maribor,2.14 Irska,Prihodi turistov,59
2023M04,Maribor,2.14 Irska,Prenočitve turistov,191
2023M04,Maribor,2.15 Islandija,Prihodi turistov,9
2023M04,Maribor,2.15 Islandija,Prenočitve turistov,19
2023M04,Maribor,2.16 Italija,Prihodi turistov,1034
2023M04,Maribor,2.16 Italija,Prenočitve turistov,1807
2023M04,Maribor,2.17 Latvija,Prihodi turistov,71
2023M04,Maribor,2.17 Latvija,Prenočitve turistov,302
2023M04,Maribor,2.18 Litva,Prihodi turistov,37
2023M04,Maribor,2.18 Litva,Prenočitve turistov,99
2023M04,Maribor,2.19 Luksemburg,Prihodi turistov,9
2023M04,Maribor,2.19 Luksemburg,Prenočitve turistov,24
2023M04,Maribor,2.20 Madžarska,Prihodi turistov,820
2023M04,Maribor,2.20 Madžarska,Prenočitve turistov,1306
2023M04,Maribor,2.21 Makedonija,Prihodi turistov,152
2023M04,Maribor,2.21 Makedonija,Prenočitve turistov,309
2023M04,Maribor,2.22 Malta,Prihodi turistov,73
2023M04,Maribor,2.22 Malta,Prenočitve turistov,199
2023M04,Maribor,2.23 Nemčija,Prihodi turistov,1913
2023M04,Maribor,2.23 Nemčija,Prenočitve turistov,3367
2023M04,Maribor,2.24 Nizozemska,Prihodi turistov,228
2023M04,Maribor,2.24 Nizozemska,Prenočitve turistov,415
2023M04,Maribor,2.25 Norveška,Prihodi turistov,50
2023M04,Maribor,2.25 Norveška,Prenočitve turistov,94
2023M04,Maribor,2.26 Poljska,Prihodi turistov,1119
2023M04,Maribor,2.26 Poljska,Prenočitve turistov,1543
2023M04,Maribor,2.27 Portugalska,Prihodi turistov,49
2023M04,Maribor,2.27 Portugalska,Prenočitve turistov,640
2023M04,Maribor,2.28 Romunija,Prihodi turistov,664
2023M04,Maribor,2.28 Romunija,Prenočitve turistov,1161
2023M04,Maribor,2.29 Ruska federacija,Prihodi turistov,48
2023M04,Maribor,2.29 Ruska federacija,Prenočitve turistov,102
2023M04,Maribor,2.30 Slovaška,Prihodi turistov,435
2023M04,Maribor,2.30 Slovaška,Prenočitve turistov,790
2023M04,Maribor,2.31 Srbija,Prihodi turistov,771
2023M04,Maribor,2.31 Srbija,Prenočitve turistov,1908
2023M04,Maribor,2.32 Španija,Prihodi turistov,226
2023M04,Maribor,2.32 Španija,Prenočitve turistov,1356
2023M04,Maribor,2.33 Švedska,Prihodi turistov,117
2023M04,Maribor,2.33 Švedska,Prenočitve turistov,284
2023M04,Maribor,2.34 Švica,Prihodi turistov,177
2023M04,Maribor,2.34 Švica,Prenočitve turistov,315
2023M04,Maribor,2.35 Turčija,Prihodi turistov,55
2023M04,Maribor,2.35 Turčija,Prenočitve turistov,1150
2023M04,Maribor,2.36 Ukrajina,Prihodi turistov,425
2023M04,Maribor,2.36 Ukrajina,Prenočitve turistov,1417
2023M04,Maribor,2.37 Združeno kraljestvo,Prihodi turistov,190
2023M04,Maribor,2.37 Združeno kraljestvo,Prenočitve turistov,457
2023M04,Maribor,2.38 Druge evropske države,Prihodi turistov,150
2023M04,Maribor,2.38 Druge evropske države,Prenočitve turistov,441
2023M04,Maribor,2.39 Južna Afrika,Prihodi turistov,1
2023M04,Maribor,2.39 Južna Afrika,Prenočitve turistov,2
2023M04,Maribor,2.40 Druge afriške države,Prihodi turistov,9
2023M04,Maribor,2.40 Druge afriške države,Prenočitve turistov,88
2023M04,Maribor,2.41 Avstralija,Prihodi turistov,34
2023M04,Maribor,2.41 Avstralija,Prenočitve turistov,64
2023M04,Maribor,2.42 Nova Zelandija,Prihodi turistov,7
2023M04,Maribor,2.42 Nova Zelandija,Prenočitve turistov,7
2023M04,Maribor,2.43 Druge države in ozemlja Oceanije,Prihodi turistov,
2023M04,Maribor,2.43 Druge države in ozemlja Oceanije,Prenočitve turistov,
2023M04,Maribor,2.44 Izrael,Prihodi turistov,101
2023M04,Maribor,2.44 Izrael,Prenočitve turistov,141
2023M04,Maribor,2.45 Japonska,Prihodi turistov,6
2023M04,Maribor,2.45 Japonska,Prenočitve turistov,14
2023M04,Maribor,2.46 Kitajska (Ljudska republika),Prihodi turistov,35
2023M04,Maribor,2.46 Kitajska (Ljudska republika),Prenočitve turistov,196
2023M04,Maribor,2.47 Koreja (Republika),Prihodi turistov,811
2023M04,Maribor,2.47 Koreja (Republika),Prenočitve turistov,827
2023M04,Maribor,2.48 Druge azijske države,Prihodi turistov,302
2023M04,Maribor,2.48 Druge azijske države,Prenočitve turistov,1102
2023M04,Maribor,2.49 Brazilija,Prihodi turistov,23
2023M04,Maribor,2.49 Brazilija,Prenočitve turistov,63
2023M04,Maribor,2.50 Druge države Južne in Srednje Amerike,Prihodi turistov,53
2023M04,Maribor,2.50 Druge države Južne in Srednje Amerike,Prenočitve turistov,131
2023M04,Maribor,2.51 Kanada,Prihodi turistov,32
2023M04,Maribor,2.51 Kanada,Prenočitve turistov,67
2023M04,Maribor,2.52 Združene države (ZDA),Prihodi turistov,200
2023M04,Maribor,2.52 Združene države (ZDA),Prenočitve turistov,476
2023M04,Maribor,2.53 Druge države in ozemlja Severne Amerike,Prihodi turistov,
2023M04,Maribor,2.53 Druge države in ozemlja Severne Amerike,Prenočitve turistov,
2023M05,Maribor,0 Država - SKUPAJ,Prihodi turistov,19834
2023M05,Maribor,0 Država - SKUPAJ,Prenočitve turistov,42877
2023M05,Maribor,1 DOMAČI,Prihodi turistov,2526
2023M05,Maribor,1 DOMAČI,Prenočitve turistov,3916
2023M05,Maribor,2 TUJI,Prihodi turistov,17308
2023M05,Maribor,2 TUJI,Prenočitve turistov,38961
2023M05,Maribor,2.1 Avstrija,Prihodi turistov,1986
2023M05,Maribor,2.1 Avstrija,Prenočitve turistov,2967
2023M05,Maribor,2.2 Belgija,Prihodi turistov,192
2023M05,Maribor,2.2 Belgija,Prenočitve turistov,406
2023M05,Maribor,2.3 Bolgarija,Prihodi turistov,142
2023M05,Maribor,2.3 Bolgarija,Prenočitve turistov,267
2023M05,Maribor,2.4 Bosna in Hercegovina,Prihodi turistov,674
2023M05,Maribor,2.4 Bosna in Hercegovina,Prenočitve turistov,1324
2023M05,Maribor,2.5 Ciper,Prihodi turistov,22
2023M05,Maribor,2.5 Ciper,Prenočitve turistov,69
2023M05,Maribor,2.6 Češka republika,Prihodi turistov,605
2023M05,Maribor,2.6 Češka republika,Prenočitve turistov,1834
2023M05,Maribor,2.7 Črna gora,Prihodi turistov,104
2023M05,Maribor,2.7 Črna gora,Prenočitve turistov,304
2023M05,Maribor,2.8 Danska,Prihodi turistov,94
2023M05,Maribor,2.8 Danska,Prenočitve turistov,195
2023M05,Maribor,2.9 Estonija,Prihodi turistov,28
2023M05,Maribor,2.9 Estonija,Prenočitve turistov,50
2023M05,Maribor,2.10 Finska,Prihodi turistov,100
2023M05,Maribor,2.10 Finska,Prenočitve turistov,527
2023M05,Maribor,2.11 Francija,Prihodi turistov,404
2023M05,Maribor,2.11 Francija,Prenočitve turistov,1204
2023M05,Maribor,2.12 Grčija,Prihodi turistov,55
2023M05,Maribor,2.12 Grčija,Prenočitve turistov,333
2023M05,Maribor,2.13 Hrvaška,Prihodi turistov,859
2023M05,Maribor,2.13 Hrvaška,Prenočitve turistov,2005
2023M05,Maribor,2.14 Irska,Prihodi turistov,37
2023M05,Maribor,2.14 Irska,Prenočitve turistov,67
2023M05,Maribor,2.15 Islandija,Prihodi turistov,84
2023M05,Maribor,2.15 Islandija,Prenočitve turistov,190
2023M05,Maribor,2.16 Italija,Prihodi turistov,1135
2023M05,Maribor,2.16 Italija,Prenočitve turistov,2227
2023M05,Maribor,2.17 Latvija,Prihodi turistov,40
2023M05,Maribor,2.17 Latvija,Prenočitve turistov,50
2023M05,Maribor,2.18 Litva,Prihodi turistov,55
2023M05,Maribor,2.18 Litva,Prenočitve turistov,73
2023M05,Maribor,2.19 Luksemburg,Prihodi turistov,15
2023M05,Maribor,2.19 Luksemburg,Prenočitve turistov,18
2023M05,Maribor,2.20 Madžarska,Prihodi turistov,764
2023M05,Maribor,2.20 Madžarska,Prenočitve turistov,1224
2023M05,Maribor,2.21 Makedonija,Prihodi turistov,130
2023M05,Maribor,2.21 Makedonija,Prenočitve turistov,262
2023M05,Maribor,2.22 Malta,Prihodi turistov,1
2023M05,Maribor,2.22 Malta,Prenočitve turistov,53
2023M05,Maribor,2.23 Nemčija,Prihodi turistov,2835
2023M05,Maribor,2.23 Nemčija,Prenočitve turistov,4979
2023M05,Maribor,2.24 Nizozemska,Prihodi turistov,577
2023M05,Maribor,2.24 Nizozemska,Prenočitve turistov,1089
2023M05,Maribor,2.25 Norveška,Prihodi turistov,57
2023M05,Maribor,2.25 Norveška,Prenočitve turistov,196
2023M05,Maribor,2.26 Poljska,Prihodi turistov,1129
2023M05,Maribor,2.26 Poljska,Prenočitve turistov,1611
2023M05,Maribor,2.27 Portugalska,Prihodi turistov,59
2023M05,Maribor,2.27 Portugalska,Prenočitve turistov,761
2023M05,Maribor,2.28 Romunija,Prihodi turistov,643
2023M05,Maribor,2.28 Romunija,Prenočitve turistov,1211
2023M05,Maribor,2.29 Ruska federacija,Prihodi turistov,56
2023M05,Maribor,2.29 Ruska federacija,Prenočitve turistov,109
2023M05,Maribor,2.30 Slovaška,Prihodi turistov,378
2023M05,Maribor,2.30 Slovaška,Prenočitve turistov,739
2023M05,Maribor,2.31 Srbija,Prihodi turistov,760
2023M05,Maribor,2.31 Srbija,Prenočitve turistov,1693
2023M05,Maribor,2.32 Španija,Prihodi turistov,192
2023M05,Maribor,2.32 Španija,Prenočitve turistov,1303
2023M05,Maribor,2.33 Švedska,Prihodi turistov,105
2023M05,Maribor,2.33 Švedska,Prenočitve turistov,293
2023M05,Maribor,2.34 Švica,Prihodi turistov,286
2023M05,Maribor,2.34 Švica,Prenočitve turistov,691
2023M05,Maribor,2.35 Turčija,Prihodi turistov,91
2023M05,Maribor,2.35 Turčija,Prenočitve turistov,1306
2023M05,Maribor,2.36 Ukrajina,Prihodi turistov,412
2023M05,Maribor,2.36 Ukrajina,Prenočitve turistov,1579
2023M05,Maribor,2.37 Združeno kraljestvo,Prihodi turistov,260
2023M05,Maribor,2.37 Združeno kraljestvo,Prenočitve turistov,756
2023M05,Maribor,2.38 Druge evropske države,Prihodi turistov,160
2023M05,Maribor,2.38 Druge evropske države,Prenočitve turistov,403
2023M05,Maribor,2.39 Južna Afrika,Prihodi turistov,8
2023M05,Maribor,2.39 Južna Afrika,Prenočitve turistov,23
2023M05,Maribor,2.40 Druge afriške države,Prihodi turistov,25
2023M05,Maribor,2.40 Druge afriške države,Prenočitve turistov,108
2023M05,Maribor,2.41 Avstralija,Prihodi turistov,69
2023M05,Maribor,2.41 Avstralija,Prenočitve turistov,123
2023M05,Maribor,2.42 Nova Zelandija,Prihodi turistov,10
2023M05,Maribor,2.42 Nova Zelandija,Prenočitve turistov,26
2023M05,Maribor,2.43 Druge države in ozemlja Oceanije,Prihodi turistov,
2023M05,Maribor,2.43 Druge države in ozemlja Oceanije,Prenočitve turistov,
2023M05,Maribor,2.44 Izrael,Prihodi turistov,73
2023M05,Maribor,2.44 Izrael,Prenočitve turistov,250
2023M05,Maribor,2.45 Japonska,Prihodi turistov,37
2023M05,Maribor,2.45 Japonska,Prenočitve turistov,108
2023M05,Maribor,2.46 Kitajska (Ljudska republika),Prihodi turistov,195
2023M05,Maribor,2.46 Kitajska (Ljudska republika),Prenočitve turistov,545
2023M05,Maribor,2.47 Koreja (Republika),Prihodi turistov,559
2023M05,Maribor,2.47 Koreja (Republika),Prenočitve turistov,564
2023M05,Maribor,2.48 Druge azijske države,Prihodi turistov,404
2023M05,Maribor,2.48 Druge azijske države,Prenočitve turistov,1813
2023M05,Maribor,2.49 Brazilija,Prihodi turistov,27
2023M05,Maribor,2.49 Brazilija,Prenočitve turistov,115
2023M05,Maribor,2.50 Druge države Južne in Srednje Amerike,Prihodi turistov,32
2023M05,Maribor,2.50 Druge države Južne in Srednje Amerike,Prenočitve turistov,89
2023M05,Maribor,2.51 Kanada,Prihodi turistov,66
2023M05,Maribor,2.51 Kanada,Prenočitve turistov,180
2023M05,Maribor,2.52 Združene države (ZDA),Prihodi turistov,277
2023M05,Maribor,2.52 Združene države (ZDA),Prenočitve turistov,649
2023M05,Maribor,2.53 Druge države in ozemlja Severne Amerike,Prihodi turistov,
2023M05,Maribor,2.53 Druge države in ozemlja Severne Amerike,Prenočitve turistov,
2023M06,Maribor,0 Država - SKUPAJ,Prihodi turistov,26793
2023M06,Maribor,0 Država - SKUPAJ,Prenočitve turistov,53160
2023M06,Maribor,1 DOMAČI,Prihodi turistov,2474
2023M06,Maribor,1 DOMAČI,Prenočitve turistov,4356
2023M06,Maribor,2 TUJI,Prihodi turistov,24319
2023M06,Maribor,2 TUJI,Prenočitve turistov,48804
2023M06,Maribor,2.1 Avstrija,Prihodi turistov,1835
2023M06,Maribor,2.1 Avstrija,Prenočitve turistov,2627
2023M06,Maribor,2.2 Belgija,Prihodi turistov,213
2023M06,Maribor,2.2 Belgija,Prenočitve turistov,381
2023M06,Maribor,2.3 Bolgarija,Prihodi turistov,189
2023M06,Maribor,2.3 Bolgarija,Prenočitve turistov,523
2023M06,Maribor,2.4 Bosna in Hercegovina,Prihodi turistov,531
2023M06,Maribor,2.4 Bosna in Hercegovina,Prenočitve turistov,1178
2023M06,Maribor,2.5 Ciper,Prihodi turistov,8
2023M06,Maribor,2.5 Ciper,Prenočitve turistov,14
2023M06,Maribor,2.6 Češka republika,Prihodi turistov,2685
2023M06,Maribor,2.6 Češka republika,Prenočitve turistov,5556
2023M06,Maribor,2.7 Črna gora,Prihodi turistov,185
2023M06,Maribor,2.7 Črna gora,Prenočitve turistov,403
2023M06,Maribor,2.8 Danska,Prihodi turistov,96
2023M06,Maribor,2.8 Danska,Prenočitve turistov,143
2023M06,Maribor,2.9 Estonija,Prihodi turistov,42
2023M06,Maribor,2.9 Estonija,Prenočitve turistov,56
2023M06,Maribor,2.10 Finska,Prihodi turistov,128
2023M06,Maribor,2.10 Finska,Prenočitve turistov,366
2023M06,Maribor,2.11 Francija,Prihodi turistov,495
2023M06,Maribor,2.11 Francija,Prenočitve turistov,1377
2023M06,Maribor,2.12 Grčija,Prihodi turistov,69
2023M06,Maribor,2.12 Grčija,Prenočitve turistov,208
2023M06,Maribor,2.13 Hrvaška,Prihodi turistov,976
2023M06,Maribor,2.13 Hrvaška,Prenočitve turistov,2576
2023M06,Maribor,2.14 Irska,Prihodi turistov,81
2023M06,Maribor,2.14 Irska,Prenočitve turistov,174
2023M06,Maribor,2.15 Islandija,Prihodi turistov,11
2023M06,Maribor,2.15 Islandija,Prenočitve turistov,27
2023M06,Maribor,2.16 Italija,Prihodi turistov,1342
2023M06,Maribor,2.16 Italija,Prenočitve turistov,2476
2023M06,Maribor,2.17 Latvija,Prihodi turistov,90
2023M06,Maribor,2.17 Latvija,Prenočitve turistov,114
2023M06,Maribor,2.18 Litva,Prihodi turistov,164
2023M06,Maribor,2.18 Litva,Prenočitve turistov,202
2023M06,Maribor,2.19 Luksemburg,Prihodi turistov,10
2023M06,Maribor,2.19 Luksemburg,Prenočitve turistov,18
2023M06,Maribor,2.20 Madžarska,Prihodi turistov,894
2023M06,Maribor,2.20 Madžarska,Prenočitve turistov,1356
2023M06,Maribor,2.21 Makedonija,Prihodi turistov,158
2023M06,Maribor,2.21 Makedonija,Prenočitve turistov,349
2023M06,Maribor,2.22 Malta,Prihodi turistov,17
2023M06,Maribor,2.22 Malta,Prenočitve turistov,21
2023M06,Maribor,2.23 Nemčija,Prihodi turistov,3510
2023M06,Maribor,2.23 Nemčija,Prenočitve turistov,5959
2023M06,Maribor,2.24 Nizozemska,Prihodi turistov,698
2023M06,Maribor,2.24 Nizozemska,Prenočitve turistov,1490
2023M06,Maribor,2.25 Norveška,Prihodi turistov,91
2023M06,Maribor,2.25 Norveška,Prenočitve turistov,166
2023M06,Maribor,2.26 Poljska,Prihodi turistov,2721
2023M06,Maribor,2.26 Poljska,Prenočitve turistov,3369
2023M06,Maribor,2.27 Portugalska,Prihodi turistov,65
2023M06,Maribor,2.27 Portugalska,Prenočitve turistov,705
2023M06,Maribor,2.28 Romunija,Prihodi turistov,812
2023M06,Maribor,2.28 Romunija,Prenočitve turistov,1294
2023M06,Maribor,2.29 Ruska federacija,Prihodi turistov,79
2023M06,Maribor,2.29 Ruska federacija,Prenočitve turistov,169
2023M06,Maribor,2.30 Slovaška,Prihodi turistov,1132
2023M06,Maribor,2.30 Slovaška,Prenočitve turistov,2222
2023M06,Maribor,2.31 Srbija,Prihodi turistov,644
2023M06,Maribor,2.31 Srbija,Prenočitve turistov,1742
2023M06,Maribor,2.32 Španija,Prihodi turistov,259
2023M06,Maribor,2.32 Španija,Prenočitve turistov,1248
2023M06,Maribor,2.33 Švedska,Prihodi turistov,303
2023M06,Maribor,2.33 Švedska,Prenočitve turistov,402
2023M06,Maribor,2.34 Švica,Prihodi turistov,366
2023M06,Maribor,2.34 Švica,Prenočitve turistov,563
2023M06,Maribor,2.35 Turčija,Prihodi turistov,86
2023M06,Maribor,2.35 Turčija,Prenočitve turistov,1217
2023M06,Maribor,2.36 Ukrajina,Prihodi turistov,668
2023M06,Maribor,2.36 Ukrajina,Prenočitve turistov,1724
2023M06,Maribor,2.37 Združeno kraljestvo,Prihodi turistov,286
2023M06,Maribor,2.37 Združeno kraljestvo,Prenočitve turistov,650
2023M06,Maribor,2.38 Druge evropske države,Prihodi turistov,186
2023M06,Maribor,2.38 Druge evropske države,Prenočitve turistov,493
2023M06,Maribor,2.39 Južna Afrika,Prihodi turistov,9
2023M06,Maribor,2.39 Južna Afrika,Prenočitve turistov,32
2023M06,Maribor,2.40 Druge afriške države,Prihodi turistov,36
2023M06,Maribor,2.40 Druge afriške države,Prenočitve turistov,203
2023M06,Maribor,2.41 Avstralija,Prihodi turistov,101
2023M06,Maribor,2.41 Avstralija,Prenočitve turistov,194
2023M06,Maribor,2.42 Nova Zelandija,Prihodi turistov,16
2023M06,Maribor,2.42 Nova Zelandija,Prenočitve turistov,25
2023M06,Maribor,2.43 Druge države in ozemlja Oceanije,Prihodi turistov,3
2023M06,Maribor,2.43 Druge države in ozemlja Oceanije,Prenočitve turistov,5
2023M06,Maribor,2.44 Izrael,Prihodi turistov,120
2023M06,Maribor,2.44 Izrael,Prenočitve turistov,291
2023M06,Maribor,2.45 Japonska,Prihodi turistov,27
2023M06,Maribor,2.45 Japonska,Prenočitve turistov,72
2023M06,Maribor,2.46 Kitajska (Ljudska republika),Prihodi turistov,223
2023M06,Maribor,2.46 Kitajska (Ljudska republika),Prenočitve turistov,436
2023M06,Maribor,2.47 Koreja (Republika),Prihodi turistov,554
2023M06,Maribor,2.47 Koreja (Republika),Prenočitve turistov,563
2023M06,Maribor,2.48 Druge azijske države,Prihodi turistov,347
2023M06,Maribor,2.48 Druge azijske države,Prenočitve turistov,1475
2023M06,Maribor,2.49 Brazilija,Prihodi turistov,33
2023M06,Maribor,2.49 Brazilija,Prenočitve turistov,79
2023M06,Maribor,2.50 Druge države Južne in Srednje Amerike,Prihodi turistov,93
2023M06,Maribor,2.50 Druge države Južne in Srednje Amerike,Prenočitve turistov,277
2023M06,Maribor,2.51 Kanada,Prihodi turistov,79
2023M06,Maribor,2.51 Kanada,Prenočitve turistov,118
2023M06,Maribor,2.52 Združene države (ZDA),Prihodi turistov,553
2023M06,Maribor,2.52 Združene države (ZDA),Prenočitve turistov,1476
2023M06,Maribor,2.53 Druge države in ozemlja Severne Amerike,Prihodi turistov,
2023M06,Maribor,2.53 Druge države in ozemlja Severne Amerike,Prenočitve turistov,
2023M07,Maribor,0 Država - SKUPAJ,Prihodi turistov,37429
2023M07,Maribor,0 Država - SKUPAJ,Prenočitve turistov,90514
2023M07,Maribor,1 DOMAČI,Prihodi turistov,1955
2023M07,Maribor,1 DOMAČI,Prenočitve turistov,6673
2023M07,Maribor,2 TUJI,Prihodi turistov,35474
2023M07,Maribor,2 TUJI,Prenočitve turistov,83841
2023M07,Maribor,2.1 Avstrija,Prihodi turistov,1834
2023M07,Maribor,2.1 Avstrija,Prenočitve turistov,3210
2023M07,Maribor,2.2 Belgija,Prihodi turistov,1082
2023M07,Maribor,2.2 Belgija,Prenočitve turistov,2097
2023M07,Maribor,2.3 Bolgarija,Prihodi turistov,176
2023M07,Maribor,2.3 Bolgarija,Prenočitve turistov,535
2023M07,Maribor,2.4 Bosna in Hercegovina,Prihodi turistov,560
2023M07,Maribor,2.4 Bosna in Hercegovina,Prenočitve turistov,1557
2023M07,Maribor,2.5 Ciper,Prihodi turistov,57
2023M07,Maribor,2.5 Ciper,Prenočitve turistov,414
2023M07,Maribor,2.6 Češka republika,Prihodi turistov,2860
2023M07,Maribor,2.6 Češka republika,Prenočitve turistov,4682
2023M07,Maribor,2.7 Črna gora,Prihodi turistov,141
2023M07,Maribor,2.7 Črna gora,Prenočitve turistov,540
2023M07,Maribor,2.8 Danska,Prihodi turistov,597
2023M07,Maribor,2.8 Danska,Prenočitve turistov,1092
2023M07,Maribor,2.9 Estonija,Prihodi turistov,228
2023M07,Maribor,2.9 Estonija,Prenočitve turistov,895
2023M07,Maribor,2.10 Finska,Prihodi turistov,267
2023M07,Maribor,2.10 Finska,Prenočitve turistov,1225
2023M07,Maribor,2.11 Francija,Prihodi turistov,836
2023M07,Maribor,2.11 Francija,Prenočitve turistov,2766
2023M07,Maribor,2.12 Grčija,Prihodi turistov,228
2023M07,Maribor,2.12 Grčija,Prenočitve turistov,1122
2023M07,Maribor,2.13 Hrvaška,Prihodi turistov,675
2023M07,Maribor,2.13 Hrvaška,Prenočitve turistov,2346
2023M07,Maribor,2.14 Irska,Prihodi turistov,209
2023M07,Maribor,2.14 Irska,Prenočitve turistov,1062
2023M07,Maribor,2.15 Islandija,Prihodi turistov,109
2023M07,Maribor,2.15 Islandija,Prenočitve turistov,644
2023M07,Maribor,2.16 Italija,Prihodi turistov,1264
2023M07,Maribor,2.16 Italija,Prenočitve turistov,3823
2023M07,Maribor,2.17 Latvija,Prihodi turistov,177
2023M07,Maribor,2.17 Latvija,Prenočitve turistov,764
2023M07,Maribor,2.18 Litva,Prihodi turistov,330
2023M07,Maribor,2.18 Litva,Prenočitve turistov,870
2023M07,Maribor,2.19 Luksemburg,Prihodi turistov,56
2023M07,Maribor,2.19 Luksemburg,Prenočitve turistov,288
2023M07,Maribor,2.20 Madžarska,Prihodi turistov,1539
2023M07,Maribor,2.20 Madžarska,Prenočitve turistov,3906
2023M07,Maribor,2.21 Makedonija,Prihodi turistov,182
2023M07,Maribor,2.21 Makedonija,Prenočitve turistov,408
2023M07,Maribor,2.22 Malta,Prihodi turistov,94
2023M07,Maribor,2.22 Malta,Prenočitve turistov,378
2023M07,Maribor,2.23 Nemčija,Prihodi turistov,5238
2023M07,Maribor,2.23 Nemčija,Prenočitve turistov,8815
2023M07,Maribor,2.24 Nizozemska,Prihodi turistov,1663
2023M07,Maribor,2.24 Nizozemska,Prenočitve turistov,3424
2023M07,Maribor,2.25 Norveška,Prihodi turistov,420
2023M07,Maribor,2.25 Norveška,Prenočitve turistov,1689
2023M07,Maribor,2.26 Poljska,Prihodi turistov,4647
2023M07,Maribor,2.26 Poljska,Prenočitve turistov,6487
2023M07,Maribor,2.27 Portugalska,Prihodi turistov,195
2023M07,Maribor,2.27 Portugalska,Prenočitve turistov,1369
2023M07,Maribor,2.28 Romunija,Prihodi turistov,1892
2023M07,Maribor,2.28 Romunija,Prenočitve turistov,3305
2023M07,Maribor,2.29 Ruska federacija,Prihodi turistov,113
2023M07,Maribor,2.29 Ruska federacija,Prenočitve turistov,271
2023M07,Maribor,2.30 Slovaška,Prihodi turistov,1020
2023M07,Maribor,2.30 Slovaška,Prenočitve turistov,2212
2023M07,Maribor,2.31 Srbija,Prihodi turistov,660
2023M07,Maribor,2.31 Srbija,Prenočitve turistov,3893
2023M07,Maribor,2.32 Španija,Prihodi turistov,401
2023M07,Maribor,2.32 Španija,Prenočitve turistov,1718
2023M07,Maribor,2.33 Švedska,Prihodi turistov,837
2023M07,Maribor,2.33 Švedska,Prenočitve turistov,1514
2023M07,Maribor,2.34 Švica,Prihodi turistov,611
2023M07,Maribor,2.34 Švica,Prenočitve turistov,1953
2023M07,Maribor,2.35 Turčija,Prihodi turistov,237
2023M07,Maribor,2.35 Turčija,Prenočitve turistov,1400
2023M07,Maribor,2.36 Ukrajina,Prihodi turistov,1095
2023M07,Maribor,2.36 Ukrajina,Prenočitve turistov,2515
2023M07,Maribor,2.37 Združeno kraljestvo,Prihodi turistov,428
2023M07,Maribor,2.37 Združeno kraljestvo,Prenočitve turistov,1331
2023M07,Maribor,2.38 Druge evropske države,Prihodi turistov,442
2023M07,Maribor,2.38 Druge evropske države,Prenočitve turistov,1444
2023M07,Maribor,2.39 Južna Afrika,Prihodi turistov,17
2023M07,Maribor,2.39 Južna Afrika,Prenočitve turistov,25
2023M07,Maribor,2.40 Druge afriške države,Prihodi turistov,112
2023M07,Maribor,2.40 Druge afriške države,Prenočitve turistov,326
2023M07,Maribor,2.41 Avstralija,Prihodi turistov,105
2023M07,Maribor,2.41 Avstralija,Prenočitve turistov,217
2023M07,Maribor,2.42 Nova Zelandija,Prihodi turistov,28
2023M07,Maribor,2.42 Nova Zelandija,Prenočitve turistov,50
2023M07,Maribor,2.43 Druge države in ozemlja Oceanije,Prihodi turistov,2
2023M07,Maribor,2.43 Druge države in ozemlja Oceanije,Prenočitve turistov,2
2023M07,Maribor,2.44 Izrael,Prihodi turistov,206
2023M07,Maribor,2.44 Izrael,Prenočitve turistov,984
2023M07,Maribor,2.45 Japonska,Prihodi turistov,27
2023M07,Maribor,2.45 Japonska,Prenočitve turistov,62
2023M07,Maribor,2.46 Kitajska (Ljudska republika),Prihodi turistov,171
2023M07,Maribor,2.46 Kitajska (Ljudska republika),Prenočitve turistov,282
2023M07,Maribor,2.47 Koreja (Republika),Prihodi turistov,326
2023M07,Maribor,2.47 Koreja (Republika),Prenočitve turistov,326
2023M07,Maribor,2.48 Druge azijske države,Prihodi turistov,490
2023M07,Maribor,2.48 Druge azijske države,Prenočitve turistov,2413
2023M07,Maribor,2.49 Brazilija,Prihodi turistov,45
2023M07,Maribor,2.49 Brazilija,Prenočitve turistov,95
2023M07,Maribor,2.50 Druge države Južne in Srednje Amerike,Prihodi turistov,73
2023M07,Maribor,2.50 Druge države Južne in Srednje Amerike,Prenočitve turistov,205
2023M07,Maribor,2.51 Kanada,Prihodi turistov,86
2023M07,Maribor,2.51 Kanada,Prenočitve turistov,132
2023M07,Maribor,2.52 Združene države (ZDA),Prihodi turistov,386
2023M07,Maribor,2.52 Združene države (ZDA),Prenočitve turistov,758
2023M07,Maribor,2.53 Druge države in ozemlja Severne Amerike,Prihodi turistov,
2023M07,Maribor,2.53 Druge države in ozemlja Severne Amerike,Prenočitve turistov,
2023M08,Maribor,0 Država - SKUPAJ,Prihodi turistov,36152
2023M08,Maribor,0 Država - SKUPAJ,Prenočitve turistov,59911
2023M08,Maribor,1 DOMAČI,Prihodi turistov,1689
2023M08,Maribor,1 DOMAČI,Prenočitve turistov,3526
2023M08,Maribor,2 TUJI,Prihodi turistov,34463
2023M08,Maribor,2 TUJI,Prenočitve turistov,56385
2023M08,Maribor,2.1 Avstrija,Prihodi turistov,1649
2023M08,Maribor,2.1 Avstrija,Prenočitve turistov,2296
2023M08,Maribor,2.2 Belgija,Prihodi turistov,794
2023M08,Maribor,2.2 Belgija,Prenočitve turistov,1298
2023M08,Maribor,2.3 Bolgarija,Prihodi turistov,252
2023M08,Maribor,2.3 Bolgarija,Prenočitve turistov,371
2023M08,Maribor,2.4 Bosna in Hercegovina,Prihodi turistov,555
2023M08,Maribor,2.4 Bosna in Hercegovina,Prenočitve turistov,1106
2023M08,Maribor,2.5 Ciper,Prihodi turistov,8
2023M08,Maribor,2.5 Ciper,Prenočitve turistov,51
2023M08,Maribor,2.6 Češka republika,Prihodi turistov,2124
2023M08,Maribor,2.6 Češka republika,Prenočitve turistov,2752
2023M08,Maribor,2.7 Črna gora,Prihodi turistov,182
2023M08,Maribor,2.7 Črna gora,Prenočitve turistov,384
2023M08,Maribor,2.8 Danska,Prihodi turistov,105
2023M08,Maribor,2.8 Danska,Prenočitve turistov,202
2023M08,Maribor,2.9 Estonija,Prihodi turistov,122
2023M08,Maribor,2.9 Estonija,Prenočitve turistov,153
2023M08,Maribor,2.10 Finska,Prihodi turistov,63
2023M08,Maribor,2.10 Finska,Prenočitve turistov,89
2023M08,Maribor,2.11 Francija,Prihodi turistov,1040
2023M08,Maribor,2.11 Francija,Prenočitve turistov,1753
2023M08,Maribor,2.12 Grčija,Prihodi turistov,153
2023M08,Maribor,2.12 Grčija,Prenočitve turistov,215
2023M08,Maribor,2.13 Hrvaška,Prihodi turistov,777
2023M08,Maribor,2.13 Hrvaška,Prenočitve turistov,1900
2023M08,Maribor,2.14 Irska,Prihodi turistov,87
2023M08,Maribor,2.14 Irska,Prenočitve turistov,324
2023M08,Maribor,2.15 Islandija,Prihodi turistov,5
2023M08,Maribor,2.15 Islandija,Prenočitve turistov,22
2023M08,Maribor,2.16 Italija,Prihodi turistov,2569
2023M08,Maribor,2.16 Italija,Prenočitve turistov,4363
2023M08,Maribor,2.17 Latvija,Prihodi turistov,112
2023M08,Maribor,2.17 Latvija,Prenočitve turistov,150
2023M08,Maribor,2.18 Litva,Prihodi turistov,188
2023M08,Maribor,2.18 Litva,Prenočitve turistov,278
2023M08,Maribor,2.19 Luksemburg,Prihodi turistov,74
2023M08,Maribor,2.19 Luksemburg,Prenočitve turistov,98
2023M08,Maribor,2.20 Madžarska,Prihodi turistov,1189
2023M08,Maribor,2.20 Madžarska,Prenočitve turistov,1972
2023M08,Maribor,2.21 Makedonija,Prihodi turistov,197
2023M08,Maribor,2.21 Makedonija,Prenočitve turistov,513
2023M08,Maribor,2.22 Malta,Prihodi turistov,21
2023M08,Maribor,2.22 Malta,Prenočitve turistov,130
2023M08,Maribor,2.23 Nemčija,Prihodi turistov,5523
2023M08,Maribor,2.23 Nemčija,Prenočitve turistov,8055
2023M08,Maribor,2.24 Nizozemska,Prihodi turistov,1706
2023M08,Maribor,2.24 Nizozemska,Prenočitve turistov,2766
2023M08,Maribor,2.25 Norveška,Prihodi turistov,71
2023M08,Maribor,2.25 Norveška,Prenočitve turistov,98
2023M08,Maribor,2.26 Poljska,Prihodi turistov,4983
2023M08,Maribor,2.26 Poljska,Prenočitve turistov,5915
2023M08,Maribor,2.27 Portugalska,Prihodi turistov,96
2023M08,Maribor,2.27 Portugalska,Prenočitve turistov,431
2023M08,Maribor,2.28 Romunija,Prihodi turistov,2530
2023M08,Maribor,2.28 Romunija,Prenočitve turistov,3148
2023M08,Maribor,2.29 Ruska federacija,Prihodi turistov,155
2023M08,Maribor,2.29 Ruska federacija,Prenočitve turistov,359
2023M08,Maribor,2.30 Slovaška,Prihodi turistov,930
2023M08,Maribor,2.30 Slovaška,Prenočitve turistov,1256
2023M08,Maribor,2.31 Srbija,Prihodi turistov,596
2023M08,Maribor,2.31 Srbija,Prenočitve turistov,1406
2023M08,Maribor,2.32 Španija,Prihodi turistov,574
2023M08,Maribor,2.32 Španija,Prenočitve turistov,1032
2023M08,Maribor,2.33 Švedska,Prihodi turistov,285
2023M08,Maribor,2.33 Švedska,Prenočitve turistov,334
2023M08,Maribor,2.34 Švica,Prihodi turistov,313
2023M08,Maribor,2.34 Švica,Prenočitve turistov,638
2023M08,Maribor,2.35 Turčija,Prihodi turistov,206
2023M08,Maribor,2.35 Turčija,Prenočitve turistov,477
2023M08,Maribor,2.36 Ukrajina,Prihodi turistov,1213
2023M08,Maribor,2.36 Ukrajina,Prenočitve turistov,2038
2023M08,Maribor,2.37 Združeno kraljestvo,Prihodi turistov,472
2023M08,Maribor,2.37 Združeno kraljestvo,Prenočitve turistov,1111
2023M08,Maribor,2.38 Druge evropske države,Prihodi turistov,348
2023M08,Maribor,2.38 Druge evropske države,Prenočitve turistov,544
2023M08,Maribor,2.39 Južna Afrika,Prihodi turistov,9
2023M08,Maribor,2.39 Južna Afrika,Prenočitve turistov,36
2023M08,Maribor,2.40 Druge afriške države,Prihodi turistov,102
2023M08,Maribor,2.40 Druge afriške države,Prenočitve turistov,1110
2023M08,Maribor,2.41 Avstralija,Prihodi turistov,117
2023M08,Maribor,2.41 Avstralija,Prenočitve turistov,247
2023M08,Maribor,2.42 Nova Zelandija,Prihodi turistov,26
2023M08,Maribor,2.42 Nova Zelandija,Prenočitve turistov,58
2023M08,Maribor,2.43 Druge države in ozemlja Oceanije,Prihodi turistov,1
2023M08,Maribor,2.43 Druge države in ozemlja Oceanije,Prenočitve turistov,1
2023M08,Maribor,2.44 Izrael,Prihodi turistov,333
2023M08,Maribor,2.44 Izrael,Prenočitve turistov,1027
2023M08,Maribor,2.45 Japonska,Prihodi turistov,24
2023M08,Maribor,2.45 Japonska,Prenočitve turistov,37
2023M08,Maribor,2.46 Kitajska (Ljudska republika),Prihodi turistov,161
2023M08,Maribor,2.46 Kitajska (Ljudska republika),Prenočitve turistov,248
2023M08,Maribor,2.47 Koreja (Republika),Prihodi turistov,445
2023M08,Maribor,2.47 Koreja (Republika),Prenočitve turistov,457
2023M08,Maribor,2.48 Druge azijske države,Prihodi turistov,473
2023M08,Maribor,2.48 Druge azijske države,Prenočitve turistov,1988
2023M08,Maribor,2.49 Brazilija,Prihodi turistov,51
2023M08,Maribor,2.49 Brazilija,Prenočitve turistov,69
2023M08,Maribor,2.50 Druge države Južne in Srednje Amerike,Prihodi turistov,60
2023M08,Maribor,2.50 Druge države Južne in Srednje Amerike,Prenočitve turistov,162
2023M08,Maribor,2.51 Kanada,Prihodi turistov,101
2023M08,Maribor,2.51 Kanada,Prenočitve turistov,231
2023M08,Maribor,2.52 Združene države (ZDA),Prihodi turistov,293
2023M08,Maribor,2.52 Združene države (ZDA),Prenočitve turistov,686
2023M08,Maribor,2.53 Druge države in ozemlja Severne Amerike,Prihodi turistov,
2023M08,Maribor,2.53 Druge države in ozemlja Severne Amerike,Prenočitve turistov,
2023M09,Maribor,0 Država - SKUPAJ,Prihodi turistov,24254
2023M09,Maribor,0 Država - SKUPAJ,Prenočitve turistov,43137
2023M09,Maribor,1 DOMAČI,Prihodi turistov,2502
2023M09,Maribor,1 DOMAČI,Prenočitve turistov,3975
2023M09,Maribor,2 TUJI,Prihodi turistov,21752
2023M09,Maribor,2 TUJI,Prenočitve turistov,39162
2023M09,Maribor,2.1 Avstrija,Prihodi turistov,2086
2023M09,Maribor,2.1 Avstrija,Prenočitve turistov,2965
2023M09,Maribor,2.2 Belgija,Prihodi turistov,300
2023M09,Maribor,2.2 Belgija,Prenočitve turistov,587
2023M09,Maribor,2.3 Bolgarija,Prihodi turistov,150
2023M09,Maribor,2.3 Bolgarija,Prenočitve turistov,383
2023M09,Maribor,2.4 Bosna in Hercegovina,Prihodi turistov,651
2023M09,Maribor,2.4 Bosna in Hercegovina,Prenočitve turistov,1334
2023M09,Maribor,2.5 Ciper,Prihodi turistov,7
2023M09,Maribor,2.5 Ciper,Prenočitve turistov,11
2023M09,Maribor,2.6 Češka republika,Prihodi turistov,1299
2023M09,Maribor,2.6 Češka republika,Prenočitve turistov,2121
2023M09,Maribor,2.7 Črna gora,Prihodi turistov,98
2023M09,Maribor,2.7 Črna gora,Prenočitve turistov,708
2023M09,Maribor,2.8 Danska,Prihodi turistov,52
2023M09,Maribor,2.8 Danska,Prenočitve turistov,98
2023M09,Maribor,2.9 Estonija,Prihodi turistov,25
2023M09,Maribor,2.9 Estonija,Prenočitve turistov,62
2023M09,Maribor,2.10 Finska,Prihodi turistov,81
2023M09,Maribor,2.10 Finska,Prenočitve turistov,157
2023M09,Maribor,2.11 Francija,Prihodi turistov,510
2023M09,Maribor,2.11 Francija,Prenočitve turistov,1002
2023M09,Maribor,2.12 Grčija,Prihodi turistov,76
2023M09,Maribor,2.12 Grčija,Prenočitve turistov,117
2023M09,Maribor,2.13 Hrvaška,Prihodi turistov,729
2023M09,Maribor,2.13 Hrvaška,Prenočitve turistov,1602
2023M09,Maribor,2.14 Irska,Prihodi turistov,39
2023M09,Maribor,2.14 Irska,Prenočitve turistov,70
2023M09,Maribor,2.15 Islandija,Prihodi turistov,3
2023M09,Maribor,2.15 Islandija,Prenočitve turistov,3
2023M09,Maribor,2.16 Italija,Prihodi turistov,780
2023M09,Maribor,2.16 Italija,Prenočitve turistov,1747
2023M09,Maribor,2.17 Latvija,Prihodi turistov,41
2023M09,Maribor,2.17 Latvija,Prenočitve turistov,46
2023M09,Maribor,2.18 Litva,Prihodi turistov,38
2023M09,Maribor,2.18 Litva,Prenočitve turistov,62
2023M09,Maribor,2.19 Luksemburg,Prihodi turistov,31
2023M09,Maribor,2.19 Luksemburg,Prenočitve turistov,59
2023M09,Maribor,2.20 Madžarska,Prihodi turistov,701
2023M09,Maribor,2.20 Madžarska,Prenočitve turistov,1121
2023M09,Maribor,2.21 Makedonija,Prihodi turistov,323
2023M09,Maribor,2.21 Makedonija,Prenočitve turistov,1364
2023M09,Maribor,2.22 Malta,Prihodi turistov,19
2023M09,Maribor,2.22 Malta,Prenočitve turistov,149
2023M09,Maribor,2.23 Nemčija,Prihodi turistov,4090
2023M09,Maribor,2.23 Nemčija,Prenočitve turistov,6257
2023M09,Maribor,2.24 Nizozemska,Prihodi turistov,560
2023M09,Maribor,2.24 Nizozemska,Prenočitve turistov,977
2023M09,Maribor,2.25 Norveška,Prihodi turistov,41
2023M09,Maribor,2.25 Norveška,Prenočitve turistov,80
2023M09,Maribor,2.26 Poljska,Prihodi turistov,2387
2023M09,Maribor,2.26 Poljska,Prenočitve turistov,2909
2023M09,Maribor,2.27 Portugalska,Prihodi turistov,76
2023M09,Maribor,2.27 Portugalska,Prenočitve turistov,403
2023M09,Maribor,2.28 Romunija,Prihodi turistov,1231
2023M09,Maribor,2.28 Romunija,Prenočitve turistov,1739
2023M09,Maribor,2.29 Ruska federacija,Prihodi turistov,100
2023M09,Maribor,2.29 Ruska federacija,Prenočitve turistov,320
2023M09,Maribor,2.30 Slovaška,Prihodi turistov,554
2023M09,Maribor,2.30 Slovaška,Prenočitve turistov,790
2023M09,Maribor,2.31 Srbija,Prihodi turistov,772
2023M09,Maribor,2.31 Srbija,Prenočitve turistov,2349
2023M09,Maribor,2.32 Španija,Prihodi turistov,231
2023M09,Maribor,2.32 Španija,Prenočitve turistov,471
2023M09,Maribor,2.33 Švedska,Prihodi turistov,98
2023M09,Maribor,2.33 Švedska,Prenočitve turistov,168
2023M09,Maribor,2.34 Švica,Prihodi turistov,271
2023M09,Maribor,2.34 Švica,Prenočitve turistov,500
2023M09,Maribor,2.35 Turčija,Prihodi turistov,90
2023M09,Maribor,2.35 Turčija,Prenočitve turistov,198
2023M09,Maribor,2.36 Ukrajina,Prihodi turistov,613
2023M09,Maribor,2.36 Ukrajina,Prenočitve turistov,1401
2023M09,Maribor,2.37 Združeno kraljestvo,Prihodi turistov,205
2023M09,Maribor,2.37 Združeno kraljestvo,Prenočitve turistov,338
2023M09,Maribor,2.38 Druge evropske države,Prihodi turistov,280
2023M09,Maribor,2.38 Druge evropske države,Prenočitve turistov,446
2023M09,Maribor,2.39 Južna Afrika,Prihodi turistov,12
2023M09,Maribor,2.39 Južna Afrika,Prenočitve turistov,68
2023M09,Maribor,2.40 Druge afriške države,Prihodi turistov,34
2023M09,Maribor,2.40 Druge afriške države,Prenočitve turistov,104
2023M09,Maribor,2.41 Avstralija,Prihodi turistov,109
2023M09,Maribor,2.41 Avstralija,Prenočitve turistov,287
2023M09,Maribor,2.42 Nova Zelandija,Prihodi turistov,19
2023M09,Maribor,2.42 Nova Zelandija,Prenočitve turistov,49
2023M09,Maribor,2.43 Druge države in ozemlja Oceanije,Prihodi turistov,2
2023M09,Maribor,2.43 Druge države in ozemlja Oceanije,Prenočitve turistov,2
2023M09,Maribor,2.44 Izrael,Prihodi turistov,138
2023M09,Maribor,2.44 Izrael,Prenočitve turistov,314
2023M09,Maribor,2.45 Japonska,Prihodi turistov,36
2023M09,Maribor,2.45 Japonska,Prenočitve turistov,116
2023M09,Maribor,2.46 Kitajska (Ljudska republika),Prihodi turistov,208
2023M09,Maribor,2.46 Kitajska (Ljudska republika),Prenočitve turistov,260
2023M09,Maribor,2.47 Koreja (Republika),Prihodi turistov,722
2023M09,Maribor,2.47 Koreja (Republika),Prenočitve turistov,734
2023M09,Maribor,2.48 Druge azijske države,Prihodi turistov,345
2023M09,Maribor,2.48 Druge azijske države,Prenočitve turistov,970
2023M09,Maribor,2.49 Brazilija,Prihodi turistov,36
2023M09,Maribor,2.49 Brazilija,Prenočitve turistov,79
2023M09,Maribor,2.50 Druge države Južne in Srednje Amerike,Prihodi turistov,74
2023M09,Maribor,2.50 Druge države Južne in Srednje Amerike,Prenočitve turistov,221
2023M09,Maribor,2.51 Kanada,Prihodi turistov,98
2023M09,Maribor,2.51 Kanada,Prenočitve turistov,245
2023M09,Maribor,2.52 Združene države (ZDA),Prihodi turistov,281
2023M09,Maribor,2.52 Združene države (ZDA),Prenočitve turistov,599
2023M09,Maribor,2.53 Druge države in ozemlja Severne Amerike,Prihodi turistov,
2023M09,Maribor,2.53 Druge države in ozemlja Severne Amerike,Prenočitve turistov,
2023M10,Maribor,0 Država - SKUPAJ,Prihodi turistov,17174
2023M10,Maribor,0 Država - SKUPAJ,Prenočitve turistov,41810
2023M10,Maribor,1 DOMAČI,Prihodi turistov,2892
2023M10,Maribor,1 DOMAČI,Prenočitve turistov,4652
2023M10,Maribor,2 TUJI,Prihodi turistov,14282
2023M10,Maribor,2 TUJI,Prenočitve turistov,37158
2023M10,Maribor,2.1 Avstrija,Prihodi turistov,1831
2023M10,Maribor,2.1 Avstrija,Prenočitve turistov,2628
2023M10,Maribor,2.2 Belgija,Prihodi turistov,142
2023M10,Maribor,2.2 Belgija,Prenočitve turistov,260
2023M10,Maribor,2.3 Bolgarija,Prihodi turistov,172
2023M10,Maribor,2.3 Bolgarija,Prenočitve turistov,469
2023M10,Maribor,2.4 Bosna in Hercegovina,Prihodi turistov,571
2023M10,Maribor,2.4 Bosna in Hercegovina,Prenočitve turistov,1733
2023M10,Maribor,2.5 Ciper,Prihodi turistov,16
2023M10,Maribor,2.5 Ciper,Prenočitve turistov,43
2023M10,Maribor,2.6 Češka republika,Prihodi turistov,336
2023M10,Maribor,2.6 Češka republika,Prenočitve turistov,1322
2023M10,Maribor,2.7 Črna gora,Prihodi turistov,85
2023M10,Maribor,2.7 Črna gora,Prenočitve turistov,933
2023M10,Maribor,2.8 Danska,Prihodi turistov,22
2023M10,Maribor,2.8 Danska,Prenočitve turistov,76
2023M10,Maribor,2.9 Estonija,Prihodi turistov,31
2023M10,Maribor,2.9 Estonija,Prenočitve turistov,148
2023M10,Maribor,2.10 Finska,Prihodi turistov,59
2023M10,Maribor,2.10 Finska,Prenočitve turistov,125
2023M10,Maribor,2.11 Francija,Prihodi turistov,332
2023M10,Maribor,2.11 Francija,Prenočitve turistov,846
2023M10,Maribor,2.12 Grčija,Prihodi turistov,80
2023M10,Maribor,2.12 Grčija,Prenočitve turistov,204
2023M10,Maribor,2.13 Hrvaška,Prihodi turistov,931
2023M10,Maribor,2.13 Hrvaška,Prenočitve turistov,1913
2023M10,Maribor,2.14 Irska,Prihodi turistov,38
2023M10,Maribor,2.14 Irska,Prenočitve turistov,74
2023M10,Maribor,2.15 Islandija,Prihodi turistov,1
2023M10,Maribor,2.15 Islandija,Prenočitve turistov,1
2023M10,Maribor,2.16 Italija,Prihodi turistov,602
2023M10,Maribor,2.16 Italija,Prenočitve turistov,1400
2023M10,Maribor,2.17 Latvija,Prihodi turistov,28
2023M10,Maribor,2.17 Latvija,Prenočitve turistov,58
2023M10,Maribor,2.18 Litva,Prihodi turistov,39
2023M10,Maribor,2.18 Litva,Prenočitve turistov,103
2023M10,Maribor,2.19 Luksemburg,Prihodi turistov,14
2023M10,Maribor,2.19 Luksemburg,Prenočitve turistov,21
2023M10,Maribor,2.20 Madžarska,Prihodi turistov,697
2023M10,Maribor,2.20 Madžarska,Prenočitve turistov,1194
2023M10,Maribor,2.21 Makedonija,Prihodi turistov,176
2023M10,Maribor,2.21 Makedonija,Prenočitve turistov,2443
2023M10,Maribor,2.22 Malta,Prihodi turistov,43
2023M10,Maribor,2.22 Malta,Prenočitve turistov,46
2023M10,Maribor,2.23 Nemčija,Prihodi turistov,2287
2023M10,Maribor,2.23 Nemčija,Prenočitve turistov,4111
2023M10,Maribor,2.24 Nizozemska,Prihodi turistov,149
2023M10,Maribor,2.24 Nizozemska,Prenočitve turistov,318
2023M10,Maribor,2.25 Norveška,Prihodi turistov,28
2023M10,Maribor,2.25 Norveška,Prenočitve turistov,68
2023M10,Maribor,2.26 Poljska,Prihodi turistov,506
2023M10,Maribor,2.26 Poljska,Prenočitve turistov,1078
2023M10,Maribor,2.27 Portugalska,Prihodi turistov,50
2023M10,Maribor,2.27 Portugalska,Prenočitve turistov,639
2023M10,Maribor,2.28 Romunija,Prihodi turistov,585
2023M10,Maribor,2.28 Romunija,Prenočitve turistov,1392
2023M10,Maribor,2.29 Ruska federacija,Prihodi turistov,75
2023M10,Maribor,2.29 Ruska federacija,Prenočitve turistov,296
2023M10,Maribor,2.30 Slovaška,Prihodi turistov,217
2023M10,Maribor,2.30 Slovaška,Prenočitve turistov,626
2023M10,Maribor,2.31 Srbija,Prihodi turistov,691
2023M10,Maribor,2.31 Srbija,Prenočitve turistov,3429
2023M10,Maribor,2.32 Španija,Prihodi turistov,158
2023M10,Maribor,2.32 Španija,Prenočitve turistov,971
2023M10,Maribor,2.33 Švedska,Prihodi turistov,67
2023M10,Maribor,2.33 Švedska,Prenočitve turistov,227
2023M10,Maribor,2.34 Švica,Prihodi turistov,162
2023M10,Maribor,2.34 Švica,Prenočitve turistov,373
2023M10,Maribor,2.35 Turčija,Prihodi turistov,77
2023M10,Maribor,2.35 Turčija,Prenočitve turistov,979
2023M10,Maribor,2.36 Ukrajina,Prihodi turistov,390
2023M10,Maribor,2.36 Ukrajina,Prenočitve turistov,1268
2023M10,Maribor,2.37 Združeno kraljestvo,Prihodi turistov,130
2023M10,Maribor,2.37 Združeno kraljestvo,Prenočitve turistov,230
2023M10,Maribor,2.38 Druge evropske države,Prihodi turistov,209
2023M10,Maribor,2.38 Druge evropske države,Prenočitve turistov,600
2023M10,Maribor,2.39 Južna Afrika,Prihodi turistov,5
2023M10,Maribor,2.39 Južna Afrika,Prenočitve turistov,11
2023M10,Maribor,2.40 Druge afriške države,Prihodi turistov,26
2023M10,Maribor,2.40 Druge afriške države,Prenočitve turistov,51
2023M10,Maribor,2.41 Avstralija,Prihodi turistov,92
2023M10,Maribor,2.41 Avstralija,Prenočitve turistov,180
2023M10,Maribor,2.42 Nova Zelandija,Prihodi turistov,9
2023M10,Maribor,2.42 Nova Zelandija,Prenočitve turistov,35
2023M10,Maribor,2.43 Druge države in ozemlja Oceanije,Prihodi turistov,5
2023M10,Maribor,2.43 Druge države in ozemlja Oceanije,Prenočitve turistov,9
2023M10,Maribor,2.44 Izrael,Prihodi turistov,43
2023M10,Maribor,2.44 Izrael,Prenočitve turistov,173
2023M10,Maribor,2.45 Japonska,Prihodi turistov,27
2023M10,Maribor,2.45 Japonska,Prenočitve turistov,45
2023M10,Maribor,2.46 Kitajska (Ljudska republika),Prihodi turistov,331
2023M10,Maribor,2.46 Kitajska (Ljudska republika),Prenočitve turistov,878
2023M10,Maribor,2.47 Koreja (Republika),Prihodi turistov,651
2023M10,Maribor,2.47 Koreja (Republika),Prenočitve turistov,651
2023M10,Maribor,2.48 Druge azijske države,Prihodi turistov,698
2023M10,Maribor,2.48 Druge azijske države,Prenočitve turistov,1625
2023M10,Maribor,2.49 Brazilija,Prihodi turistov,57
2023M10,Maribor,2.49 Brazilija,Prenočitve turistov,214
2023M10,Maribor,2.50 Druge države Južne in Srednje Amerike,Prihodi turistov,55
2023M10,Maribor,2.50 Druge države Južne in Srednje Amerike,Prenočitve turistov,97
2023M10,Maribor,2.51 Kanada,Prihodi turistov,57
2023M10,Maribor,2.51 Kanada,Prenočitve turistov,134
2023M10,Maribor,2.52 Združene države (ZDA),Prihodi turistov,199
2023M10,Maribor,2.52 Združene države (ZDA),Prenočitve turistov,410
2023M10,Maribor,2.53 Druge države in ozemlja Severne Amerike,Prihodi turistov,
2023M10,Maribor,2.53 Druge države in ozemlja Severne Amerike,Prenočitve turistov,
2023M11,Maribor,0 Država - SKUPAJ,Prihodi turistov,10427
2023M11,Maribor,0 Država - SKUPAJ,Prenočitve turistov,30338
2023M11,Maribor,1 DOMAČI,Prihodi turistov,2623
2023M11,Maribor,1 DOMAČI,Prenočitve turistov,4065
2023M11,Maribor,2 TUJI,Prihodi turistov,7804
2023M11,Maribor,2 TUJI,Prenočitve turistov,26273
2023M11,Maribor,2.1 Avstrija,Prihodi turistov,771
2023M11,Maribor,2.1 Avstrija,Prenočitve turistov,1136
2023M11,Maribor,2.2 Belgija,Prihodi turistov,64
2023M11,Maribor,2.2 Belgija,Prenočitve turistov,104
2023M11,Maribor,2.3 Bolgarija,Prihodi turistov,91
2023M11,Maribor,2.3 Bolgarija,Prenočitve turistov,184
2023M11,Maribor,2.4 Bosna in Hercegovina,Prihodi turistov,553
2023M11,Maribor,2.4 Bosna in Hercegovina,Prenočitve turistov,1631
2023M11,Maribor,2.5 Ciper,Prihodi turistov,0
2023M11,Maribor,2.5 Ciper,Prenočitve turistov,12
2023M11,Maribor,2.6 Češka republika,Prihodi turistov,166
2023M11,Maribor,2.6 Češka republika,Prenočitve turistov,703
2023M11,Maribor,2.7 Črna gora,Prihodi turistov,70
2023M11,Maribor,2.7 Črna gora,Prenočitve turistov,745
2023M11,Maribor,2.8 Danska,Prihodi turistov,13
2023M11,Maribor,2.8 Danska,Prenočitve turistov,22
2023M11,Maribor,2.9 Estonija,Prihodi turistov,11
2023M11,Maribor,2.9 Estonija,Prenočitve turistov,27
2023M11,Maribor,2.10 Finska,Prihodi turistov,15
2023M11,Maribor,2.10 Finska,Prenočitve turistov,38
2023M11,Maribor,2.11 Francija,Prihodi turistov,112
2023M11,Maribor,2.11 Francija,Prenočitve turistov,525
2023M11,Maribor,2.12 Grčija,Prihodi turistov,36
2023M11,Maribor,2.12 Grčija,Prenočitve turistov,111
2023M11,Maribor,2.13 Hrvaška,Prihodi turistov,973
2023M11,Maribor,2.13 Hrvaška,Prenočitve turistov,1996
2023M11,Maribor,2.14 Irska,Prihodi turistov,11
2023M11,Maribor,2.14 Irska,Prenočitve turistov,24
2023M11,Maribor,2.15 Islandija,Prihodi turistov,2
2023M11,Maribor,2.15 Islandija,Prenočitve turistov,2
2023M11,Maribor,2.16 Italija,Prihodi turistov,467
2023M11,Maribor,2.16 Italija,Prenočitve turistov,1056
2023M11,Maribor,2.17 Latvija,Prihodi turistov,12
2023M11,Maribor,2.17 Latvija,Prenočitve turistov,29
2023M11,Maribor,2.18 Litva,Prihodi turistov,31
2023M11,Maribor,2.18 Litva,Prenočitve turistov,185
2023M11,Maribor,2.19 Luksemburg,Prihodi turistov,9
2023M11,Maribor,2.19 Luksemburg,Prenočitve turistov,14
2023M11,Maribor,2.20 Madžarska,Prihodi turistov,381
2023M11,Maribor,2.20 Madžarska,Prenočitve turistov,727
2023M11,Maribor,2.21 Makedonija,Prihodi turistov,145
2023M11,Maribor,2.21 Makedonija,Prenočitve turistov,2291
2023M11,Maribor,2.22 Malta,Prihodi turistov,2
2023M11,Maribor,2.22 Malta,Prenočitve turistov,110
2023M11,Maribor,2.23 Nemčija,Prihodi turistov,655
2023M11,Maribor,2.23 Nemčija,Prenočitve turistov,1782
2023M11,Maribor,2.24 Nizozemska,Prihodi turistov,79
2023M11,Maribor,2.24 Nizozemska,Prenočitve turistov,218
2023M11,Maribor,2.25 Norveška,Prihodi turistov,12
2023M11,Maribor,2.25 Norveška,Prenočitve turistov,22
2023M11,Maribor,2.26 Poljska,Prihodi turistov,185
2023M11,Maribor,2.26 Poljska,Prenočitve turistov,632
2023M11,Maribor,2.27 Portugalska,Prihodi turistov,33
2023M11,Maribor,2.27 Portugalska,Prenočitve turistov,576
2023M11,Maribor,2.28 Romunija,Prihodi turistov,346
2023M11,Maribor,2.28 Romunija,Prenočitve turistov,778
2023M11,Maribor,2.29 Ruska federacija,Prihodi turistov,55
2023M11,Maribor,2.29 Ruska federacija,Prenočitve turistov,244
2023M11,Maribor,2.30 Slovaška,Prihodi turistov,281
2023M11,Maribor,2.30 Slovaška,Prenočitve turistov,614
2023M11,Maribor,2.31 Srbija,Prihodi turistov,626
2023M11,Maribor,2.31 Srbija,Prenočitve turistov,3021
2023M11,Maribor,2.32 Španija,Prihodi turistov,161
2023M11,Maribor,2.32 Španija,Prenočitve turistov,1205
2023M11,Maribor,2.33 Švedska,Prihodi turistov,43
2023M11,Maribor,2.33 Švedska,Prenočitve turistov,339
2023M11,Maribor,2.34 Švica,Prihodi turistov,67
2023M11,Maribor,2.34 Švica,Prenočitve turistov,157
2023M11,Maribor,2.35 Turčija,Prihodi turistov,40
2023M11,Maribor,2.35 Turčija,Prenočitve turistov,839
2023M11,Maribor,2.36 Ukrajina,Prihodi turistov,235
2023M11,Maribor,2.36 Ukrajina,Prenočitve turistov,1009
2023M11,Maribor,2.37 Združeno kraljestvo,Prihodi turistov,55
2023M11,Maribor,2.37 Združeno kraljestvo,Prenočitve turistov,130
2023M11,Maribor,2.38 Druge evropske države,Prihodi turistov,180
2023M11,Maribor,2.38 Druge evropske države,Prenočitve turistov,435
2023M11,Maribor,2.39 Južna Afrika,Prihodi turistov,5
2023M11,Maribor,2.39 Južna Afrika,Prenočitve turistov,39
2023M11,Maribor,2.40 Druge afriške države,Prihodi turistov,41
2023M11,Maribor,2.40 Druge afriške države,Prenočitve turistov,62
2023M11,Maribor,2.41 Avstralija,Prihodi turistov,27
2023M11,Maribor,2.41 Avstralija,Prenočitve turistov,68
2023M11,Maribor,2.42 Nova Zelandija,Prihodi turistov,6
2023M11,Maribor,2.42 Nova Zelandija,Prenočitve turistov,44
2023M11,Maribor,2.43 Druge države in ozemlja Oceanije,Prihodi turistov,
2023M11,Maribor,2.43 Druge države in ozemlja Oceanije,Prenočitve turistov,
2023M11,Maribor,2.44 Izrael,Prihodi turistov,6
2023M11,Maribor,2.44 Izrael,Prenočitve turistov,66
2023M11,Maribor,2.45 Japonska,Prihodi turistov,8
2023M11,Maribor,2.45 Japonska,Prenočitve turistov,9
2023M11,Maribor,2.46 Kitajska (Ljudska republika),Prihodi turistov,109
2023M11,Maribor,2.46 Kitajska (Ljudska republika),Prenočitve turistov,671
2023M11,Maribor,2.47 Koreja (Republika),Prihodi turistov,238
2023M11,Maribor,2.47 Koreja (Republika),Prenočitve turistov,241
2023M11,Maribor,2.48 Druge azijske države,Prihodi turistov,178
2023M11,Maribor,2.48 Druge azijske države,Prenočitve turistov,901
2023M11,Maribor,2.49 Brazilija,Prihodi turistov,25
2023M11,Maribor,2.49 Brazilija,Prenočitve turistov,124
2023M11,Maribor,2.50 Druge države Južne in Srednje Amerike,Prihodi turistov,44
2023M11,Maribor,2.50 Druge države Južne in Srednje Amerike,Prenočitve turistov,89
2023M11,Maribor,2.51 Kanada,Prihodi turistov,23
2023M11,Maribor,2.51 Kanada,Prenočitve turistov,58
2023M11,Maribor,2.52 Združene države (ZDA),Prihodi turistov,106
2023M11,Maribor,2.52 Združene države (ZDA),Prenočitve turistov,228
2023M11,Maribor,2.53 Druge države in ozemlja Severne Amerike,Prihodi turistov,
2023M11,Maribor,2.53 Druge države in ozemlja Severne Amerike,Prenočitve turistov,
2023M12,Maribor,0 Država - SKUPAJ,Prihodi turistov,14271
2023M12,Maribor,0 Država - SKUPAJ,Prenočitve turistov,34037
2023M12,Maribor,1 DOMAČI,Prihodi turistov,3419
2023M12,Maribor,1 DOMAČI,Prenočitve turistov,5254
2023M12,Maribor,2 TUJI,Prihodi turistov,10852
2023M12,Maribor,2 TUJI,Prenočitve turistov,28783
2023M12,Maribor,2.1 Avstrija,Prihodi turistov,1509
2023M12,Maribor,2.1 Avstrija,Prenočitve turistov,2125
2023M12,Maribor,2.2 Belgija,Prihodi turistov,54
2023M12,Maribor,2.2 Belgija,Prenočitve turistov,72
2023M12,Maribor,2.3 Bolgarija,Prihodi turistov,154
2023M12,Maribor,2.3 Bolgarija,Prenočitve turistov,298
2023M12,Maribor,2.4 Bosna in Hercegovina,Prihodi turistov,758
2023M12,Maribor,2.4 Bosna in Hercegovina,Prenočitve turistov,1585
2023M12,Maribor,2.5 Ciper,Prihodi turistov,2
2023M12,Maribor,2.5 Ciper,Prenočitve turistov,7
2023M12,Maribor,2.6 Češka republika,Prihodi turistov,217
2023M12,Maribor,2.6 Češka republika,Prenočitve turistov,503
2023M12,Maribor,2.7 Črna gora,Prihodi turistov,83
2023M12,Maribor,2.7 Črna gora,Prenočitve turistov,509
2023M12,Maribor,2.8 Danska,Prihodi turistov,11
2023M12,Maribor,2.8 Danska,Prenočitve turistov,12
2023M12,Maribor,2.9 Estonija,Prihodi turistov,7
2023M12,Maribor,2.9 Estonija,Prenočitve turistov,28
2023M12,Maribor,2.10 Finska,Prihodi turistov,24
2023M12,Maribor,2.10 Finska,Prenočitve turistov,29
2023M12,Maribor,2.11 Francija,Prihodi turistov,75
2023M12,Maribor,2.11 Francija,Prenočitve turistov,437
2023M12,Maribor,2.12 Grčija,Prihodi turistov,40
2023M12,Maribor,2.12 Grčija,Prenočitve turistov,95
2023M12,Maribor,2.13 Hrvaška,Prihodi turistov,2099
2023M12,Maribor,2.13 Hrvaška,Prenočitve turistov,3963
2023M12,Maribor,2.14 Irska,Prihodi turistov,11
2023M12,Maribor,2.14 Irska,Prenočitve turistov,28
2023M12,Maribor,2.15 Islandija,Prihodi turistov,3
2023M12,Maribor,2.15 Islandija,Prenočitve turistov,3
2023M12,Maribor,2.16 Italija,Prihodi turistov,928
2023M12,Maribor,2.16 Italija,Prenočitve turistov,1633
2023M12,Maribor,2.17 Latvija,Prihodi turistov,15
2023M12,Maribor,2.17 Latvija,Prenočitve turistov,27
2023M12,Maribor,2.18 Litva,Prihodi turistov,17
2023M12,Maribor,2.18 Litva,Prenočitve turistov,92
2023M12,Maribor,2.19 Luksemburg,Prihodi turistov,13
2023M12,Maribor,2.19 Luksemburg,Prenočitve turistov,13
2023M12,Maribor,2.20 Madžarska,Prihodi turistov,841
2023M12,Maribor,2.20 Madžarska,Prenočitve turistov,1776
2023M12,Maribor,2.21 Makedonija,Prihodi turistov,148
2023M12,Maribor,2.21 Makedonija,Prenočitve turistov,1962
2023M12,Maribor,2.22 Malta,Prihodi turistov,4
2023M12,Maribor,2.22 Malta,Prenočitve turistov,5
2023M12,Maribor,2.23 Nemčija,Prihodi turistov,733
2023M12,Maribor,2.23 Nemčija,Prenočitve turistov,1759
2023M12,Maribor,2.24 Nizozemska,Prihodi turistov,122
2023M12,Maribor,2.24 Nizozemska,Prenočitve turistov,266
2023M12,Maribor,2.25 Norveška,Prihodi turistov,9
2023M12,Maribor,2.25 Norveška,Prenočitve turistov,15
2023M12,Maribor,2.26 Poljska,Prihodi turistov,204
2023M12,Maribor,2.26 Poljska,Prenočitve turistov,583
2023M12,Maribor,2.27 Portugalska,Prihodi turistov,10
2023M12,Maribor,2.27 Portugalska,Prenočitve turistov,507
2023M12,Maribor,2.28 Romunija,Prihodi turistov,541
2023M12,Maribor,2.28 Romunija,Prenočitve turistov,1068
2023M12,Maribor,2.29 Ruska federacija,Prihodi turistov,82
2023M12,Maribor,2.29 Ruska federacija,Prenočitve turistov,338
2023M12,Maribor,2.30 Slovaška,Prihodi turistov,251
2023M12,Maribor,2.30 Slovaška,Prenočitve turistov,600
2023M12,Maribor,2.31 Srbija,Prihodi turistov,674
2023M12,Maribor,2.31 Srbija,Prenočitve turistov,2684
2023M12,Maribor,2.32 Španija,Prihodi turistov,99
2023M12,Maribor,2.32 Španija,Prenočitve turistov,838
2023M12,Maribor,2.33 Švedska,Prihodi turistov,30
2023M12,Maribor,2.33 Švedska,Prenočitve turistov,70
2023M12,Maribor,2.34 Švica,Prihodi turistov,72
2023M12,Maribor,2.34 Švica,Prenočitve turistov,186
2023M12,Maribor,2.35 Turčija,Prihodi turistov,28
2023M12,Maribor,2.35 Turčija,Prenočitve turistov,816
2023M12,Maribor,2.36 Ukrajina,Prihodi turistov,319
2023M12,Maribor,2.36 Ukrajina,Prenočitve turistov,1119
2023M12,Maribor,2.37 Združeno kraljestvo,Prihodi turistov,77
2023M12,Maribor,2.37 Združeno kraljestvo,Prenočitve turistov,134
2023M12,Maribor,2.38 Druge evropske države,Prihodi turistov,128
2023M12,Maribor,2.38 Druge evropske države,Prenočitve turistov,326
2023M12,Maribor,2.39 Južna Afrika,Prihodi turistov,9
2023M12,Maribor,2.39 Južna Afrika,Prenočitve turistov,12
2023M12,Maribor,2.40 Druge afriške države,Prihodi turistov,45
2023M12,Maribor,2.40 Druge afriške države,Prenočitve turistov,165
2023M12,Maribor,2.41 Avstralija,Prihodi turistov,24
2023M12,Maribor,2.41 Avstralija,Prenočitve turistov,46
2023M12,Maribor,2.42 Nova Zelandija,Prihodi turistov,1
2023M12,Maribor,2.42 Nova Zelandija,Prenočitve turistov,9
2023M12,Maribor,2.43 Druge države in ozemlja Oceanije,Prihodi turistov,
2023M12,Maribor,2.43 Druge države in ozemlja Oceanije,Prenočitve turistov,
2023M12,Maribor,2.44 Izrael,Prihodi turistov,9
2023M12,Maribor,2.44 Izrael,Prenočitve turistov,14
2023M12,Maribor,2.45 Japonska,Prihodi turistov,10
2023M12,Maribor,2.45 Japonska,Prenočitve turistov,16
2023M12,Maribor,2.46 Kitajska (Ljudska republika),Prihodi turistov,47
2023M12,Maribor,2.46 Kitajska (Ljudska republika),Prenočitve turistov,588
2023M12,Maribor,2.47 Koreja (Republika),Prihodi turistov,15
2023M12,Maribor,2.47 Koreja (Republika),Prenočitve turistov,26
2023M12,Maribor,2.48 Druge azijske države,Prihodi turistov,124
2023M12,Maribor,2.48 Druge azijske države,Prenočitve turistov,987
2023M12,Maribor,2.49 Brazilija,Prihodi turistov,8
2023M12,Maribor,2.49 Brazilija,Prenočitve turistov,74
2023M12,Maribor,2.50 Druge države Južne in Srednje Amerike,Prihodi turistov,48
2023M12,Maribor,2.50 Druge države Južne in Srednje Amerike,Prenočitve turistov,102
2023M12,Maribor,2.51 Kanada,Prihodi turistov,19
2023M12,Maribor,2.51 Kanada,Prenočitve turistov,34
2023M12,Maribor,2.52 Združene države (ZDA),Prihodi turistov,101
2023M12,Maribor,2.52 Združene države (ZDA),Prenočitve turistov,199
2023M12,Maribor,2.53 Druge države in ozemlja Severne Amerike,Prihodi turistov,
2023M12,Maribor,2.53 Druge države in ozemlja Severne Amerike,Prenočitve turistov,
2024M01,Maribor,0 Država - SKUPAJ,Prihodi turistov,11979
2024M01,Maribor,0 Država - SKUPAJ,Prenočitve turistov,34686
2024M01,Maribor,1 DOMAČI,Prihodi turistov,2191
2024M01,Maribor,1 DOMAČI,Prenočitve turistov,3815
2024M01,Maribor,2 TUJI,Prihodi turistov,9788
2024M01,Maribor,2 TUJI,Prenočitve turistov,30871
2024M01,Maribor,2.1 Avstrija,Prihodi turistov,589
2024M01,Maribor,2.1 Avstrija,Prenočitve turistov,1049
2024M01,Maribor,2.2 Belgija,Prihodi turistov,63
2024M01,Maribor,2.2 Belgija,Prenočitve turistov,110
2024M01,Maribor,2.3 Bolgarija,Prihodi turistov,84
2024M01,Maribor,2.3 Bolgarija,Prenočitve turistov,239
2024M01,Maribor,2.4 Bosna in Hercegovina,Prihodi turistov,680
2024M01,Maribor,2.4 Bosna in Hercegovina,Prenočitve turistov,1536
2024M01,Maribor,2.5 Ciper,Prihodi turistov,45
2024M01,Maribor,2.5 Ciper,Prenočitve turistov,144
2024M01,Maribor,2.6 Češka republika,Prihodi turistov,232
2024M01,Maribor,2.6 Češka republika,Prenočitve turistov,755
2024M01,Maribor,2.7 Črna gora,Prihodi turistov,114
2024M01,Maribor,2.7 Črna gora,Prenočitve turistov,451
2024M01,Maribor,2.8 Danska,Prihodi turistov,10
2024M01,Maribor,2.8 Danska,Prenočitve turistov,15
2024M01,Maribor,2.9 Estonija,Prihodi turistov,15
2024M01,Maribor,2.9 Estonija,Prenočitve turistov,30
2024M01,Maribor,2.10 Finska,Prihodi turistov,15
2024M01,Maribor,2.10 Finska,Prenočitve turistov,38
2024M01,Maribor,2.11 Francija,Prihodi turistov,96
2024M01,Maribor,2.11 Francija,Prenočitve turistov,519
2024M01,Maribor,2.12 Grčija,Prihodi turistov,39
2024M01,Maribor,2.12 Grčija,Prenočitve turistov,111
2024M01,Maribor,2.13 Hrvaška,Prihodi turistov,2096
2024M01,Maribor,2.13 Hrvaška,Prenočitve turistov,4849
2024M01,Maribor,2.14 Irska,Prihodi turistov,12
2024M01,Maribor,2.14 Irska,Prenočitve turistov,29
2024M01,Maribor,2.15 Islandija,Prihodi turistov,1
2024M01,Maribor,2.15 Islandija,Prenočitve turistov,1
2024M01,Maribor,2.16 Italija,Prihodi turistov,638
2024M01,Maribor,2.16 Italija,Prenočitve turistov,1515
2024M01,Maribor,2.17 Latvija,Prihodi turistov,18
2024M01,Maribor,2.17 Latvija,Prenočitve turistov,69
2024M01,Maribor,2.18 Litva,Prihodi turistov,15
2024M01,Maribor,2.18 Litva,Prenočitve turistov,69
2024M01,Maribor,2.19 Luksemburg,Prihodi turistov,29
2024M01,Maribor,2.19 Luksemburg,Prenočitve turistov,115
2024M01,Maribor,2.20 Madžarska,Prihodi turistov,832
2024M01,Maribor,2.20 Madžarska,Prenočitve turistov,2209
2024M01,Maribor,2.21 Makedonija,Prihodi turistov,177
2024M01,Maribor,2.21 Makedonija,Prenočitve turistov,1528
2024M01,Maribor,2.22 Malta,Prihodi turistov,9
2024M01,Maribor,2.22 Malta,Prenočitve turistov,17
2024M01,Maribor,2.23 Nemčija,Prihodi turistov,693
2024M01,Maribor,2.23 Nemčija,Prenočitve turistov,1807
2024M01,Maribor,2.24 Nizozemska,Prihodi turistov,117
2024M01,Maribor,2.24 Nizozemska,Prenočitve turistov,337
2024M01,Maribor,2.25 Norveška,Prihodi turistov,4
2024M01,Maribor,2.25 Norveška,Prenočitve turistov,7
2024M01,Maribor,2.26 Poljska,Prihodi turistov,176
2024M01,Maribor,2.26 Poljska,Prenočitve turistov,675
2024M01,Maribor,2.27 Portugalska,Prihodi turistov,33
2024M01,Maribor,2.27 Portugalska,Prenočitve turistov,497
2024M01,Maribor,2.28 Romunija,Prihodi turistov,691
2024M01,Maribor,2.28 Romunija,Prenočitve turistov,1231
2024M01,Maribor,2.29 Ruska federacija,Prihodi turistov,47
2024M01,Maribor,2.29 Ruska federacija,Prenočitve turistov,214
2024M01,Maribor,2.30 Slovaška,Prihodi turistov,237
2024M01,Maribor,2.30 Slovaška,Prenočitve turistov,755
2024M01,Maribor,2.31 Srbija,Prihodi turistov,779
2024M01,Maribor,2.31 Srbija,Prenočitve turistov,3371
2024M01,Maribor,2.32 Španija,Prihodi turistov,78
2024M01,Maribor,2.32 Španija,Prenočitve turistov,811
2024M01,Maribor,2.33 Švedska,Prihodi turistov,32
2024M01,Maribor,2.33 Švedska,Prenočitve turistov,92
2024M01,Maribor,2.34 Švica,Prihodi turistov,39
2024M01,Maribor,2.34 Švica,Prenočitve turistov,82
2024M01,Maribor,2.35 Turčija,Prihodi turistov,57
2024M01,Maribor,2.35 Turčija,Prenočitve turistov,885
2024M01,Maribor,2.36 Ukrajina,Prihodi turistov,290
2024M01,Maribor,2.36 Ukrajina,Prenočitve turistov,1161
2024M01,Maribor,2.37 Združeno kraljestvo,Prihodi turistov,56
2024M01,Maribor,2.37 Združeno kraljestvo,Prenočitve turistov,159
2024M01,Maribor,2.38 Druge evropske države,Prihodi turistov,202
2024M01,Maribor,2.38 Druge evropske države,Prenočitve turistov,428
2024M01,Maribor,2.39 Južna Afrika,Prihodi turistov,2
2024M01,Maribor,2.39 Južna Afrika,Prenočitve turistov,4
2024M01,Maribor,2.40 Druge afriške države,Prihodi turistov,26
2024M01,Maribor,2.40 Druge afriške države,Prenočitve turistov,325
2024M01,Maribor,2.41 Avstralija,Prihodi turistov,27
2024M01,Maribor,2.41 Avstralija,Prenočitve turistov,75
2024M01,Maribor,2.42 Nova Zelandija,Prihodi turistov,1
2024M01,Maribor,2.42 Nova Zelandija,Prenočitve turistov,1
2024M01,Maribor,2.43 Druge države in ozemlja Oceanije,Prihodi turistov,
2024M01,Maribor,2.43 Druge države in ozemlja Oceanije,Prenočitve turistov,
2024M01,Maribor,2.44 Izrael,Prihodi turistov,82
2024M01,Maribor,2.44 Izrael,Prenočitve turistov,321
2024M01,Maribor,2.45 Japonska,Prihodi turistov,11
2024M01,Maribor,2.45 Japonska,Prenočitve turistov,11
2024M01,Maribor,2.46 Kitajska (Ljudska republika),Prihodi turistov,47
2024M01,Maribor,2.46 Kitajska (Ljudska republika),Prenočitve turistov,613
2024M01,Maribor,2.47 Koreja (Republika),Prihodi turistov,27
2024M01,Maribor,2.47 Koreja (Republika),Prenočitve turistov,109
2024M01,Maribor,2.48 Druge azijske države,Prihodi turistov,81
2024M01,Maribor,2.48 Druge azijske države,Prenočitve turistov,1064
2024M01,Maribor,2.49 Brazilija,Prihodi turistov,15
2024M01,Maribor,2.49 Brazilija,Prenočitve turistov,87
2024M01,Maribor,2.50 Druge države Južne in Srednje Amerike,Prihodi turistov,46
2024M01,Maribor,2.50 Druge države Južne in Srednje Amerike,Prenočitve turistov,91
2024M01,Maribor,2.51 Kanada,Prihodi turistov,13
2024M01,Maribor,2.51 Kanada,Prenočitve turistov,33
2024M01,Maribor,2.52 Združene države (ZDA),Prihodi turistov,70
2024M01,Maribor,2.52 Združene države (ZDA),Prenočitve turistov,227
2024M01,Maribor,2.53 Druge države in ozemlja Severne Amerike,Prihodi turistov,
2024M01,Maribor,2.53 Druge države in ozemlja Severne Amerike,Prenočitve turistov,
2024M02,Maribor,0 Država - SKUPAJ,Prihodi turistov,12226
2024M02,Maribor,0 Država - SKUPAJ,Prenočitve turistov,34371
2024M02,Maribor,1 DOMAČI,Prihodi turistov,2439
2024M02,Maribor,1 DOMAČI,Prenočitve turistov,4469
2024M02,Maribor,2 TUJI,Prihodi turistov,9787
2024M02,Maribor,2 TUJI,Prenočitve turistov,29902
2024M02,Maribor,2.1 Avstrija,Prihodi turistov,677
2024M02,Maribor,2.1 Avstrija,Prenočitve turistov,1121
2024M02,Maribor,2.2 Belgija,Prihodi turistov,164
2024M02,Maribor,2.2 Belgija,Prenočitve turistov,627
2024M02,Maribor,2.3 Bolgarija,Prihodi turistov,96
2024M02,Maribor,2.3 Bolgarija,Prenočitve turistov,219
2024M02,Maribor,2.4 Bosna in Hercegovina,Prihodi turistov,462
2024M02,Maribor,2.4 Bosna in Hercegovina,Prenočitve turistov,1100
2024M02,Maribor,2.5 Ciper,Prihodi turistov,2
2024M02,Maribor,2.5 Ciper,Prenočitve turistov,5
2024M02,Maribor,2.6 Češka republika,Prihodi turistov,259
2024M02,Maribor,2.6 Češka republika,Prenočitve turistov,1009
2024M02,Maribor,2.7 Črna gora,Prihodi turistov,56
2024M02,Maribor,2.7 Črna gora,Prenočitve turistov,325
2024M02,Maribor,2.8 Danska,Prihodi turistov,11
2024M02,Maribor,2.8 Danska,Prenočitve turistov,25
2024M02,Maribor,2.9 Estonija,Prihodi turistov,9
2024M02,Maribor,2.9 Estonija,Prenočitve turistov,9
2024M02,Maribor,2.10 Finska,Prihodi turistov,15
2024M02,Maribor,2.10 Finska,Prenočitve turistov,53
2024M02,Maribor,2.11 Francija,Prihodi turistov,112
2024M02,Maribor,2.11 Francija,Prenočitve turistov,571
2024M02,Maribor,2.12 Grčija,Prihodi turistov,59
2024M02,Maribor,2.12 Grčija,Prenočitve turistov,218
2024M02,Maribor,2.13 Hrvaška,Prihodi turistov,2131
2024M02,Maribor,2.13 Hrvaška,Prenočitve turistov,5411
2024M02,Maribor,2.14 Irska,Prihodi turistov,20
2024M02,Maribor,2.14 Irska,Prenočitve turistov,77
2024M02,Maribor,2.15 Islandija,Prihodi turistov,1
2024M02,Maribor,2.15 Islandija,Prenočitve turistov,2
2024M02,Maribor,2.16 Italija,Prihodi turistov,475
2024M02,Maribor,2.16 Italija,Prenočitve turistov,1542
2024M02,Maribor,2.17 Latvija,Prihodi turistov,10
2024M02,Maribor,2.17 Latvija,Prenočitve turistov,17
2024M02,Maribor,2.18 Litva,Prihodi turistov,22
2024M02,Maribor,2.18 Litva,Prenočitve turistov,70
2024M02,Maribor,2.19 Luksemburg,Prihodi turistov,
2024M02,Maribor,2.19 Luksemburg,Prenočitve turistov,
2024M02,Maribor,2.20 Madžarska,Prihodi turistov,806
2024M02,Maribor,2.20 Madžarska,Prenočitve turistov,2020
2024M02,Maribor,2.21 Makedonija,Prihodi turistov,94
2024M02,Maribor,2.21 Makedonija,Prenočitve turistov,1303
2024M02,Maribor,2.22 Malta,Prihodi turistov,12
2024M02,Maribor,2.22 Malta,Prenočitve turistov,27
2024M02,Maribor,2.23 Nemčija,Prihodi turistov,700
2024M02,Maribor,2.23 Nemčija,Prenočitve turistov,1726
2024M02,Maribor,2.24 Nizozemska,Prihodi turistov,72
2024M02,Maribor,2.24 Nizozemska,Prenočitve turistov,187
2024M02,Maribor,2.25 Norveška,Prihodi turistov,5
2024M02,Maribor,2.25 Norveška,Prenočitve turistov,6
2024M02,Maribor,2.26 Poljska,Prihodi turistov,135
2024M02,Maribor,2.26 Poljska,Prenočitve turistov,593
2024M02,Maribor,2.27 Portugalska,Prihodi turistov,50
2024M02,Maribor,2.27 Portugalska,Prenočitve turistov,666
2024M02,Maribor,2.28 Romunija,Prihodi turistov,879
2024M02,Maribor,2.28 Romunija,Prenočitve turistov,1473
2024M02,Maribor,2.29 Ruska federacija,Prihodi turistov,36
2024M02,Maribor,2.29 Ruska federacija,Prenočitve turistov,163
2024M02,Maribor,2.30 Slovaška,Prihodi turistov,257
2024M02,Maribor,2.30 Slovaška,Prenočitve turistov,559
2024M02,Maribor,2.31 Srbija,Prihodi turistov,894
2024M02,Maribor,2.31 Srbija,Prenočitve turistov,3179
2024M02,Maribor,2.32 Španija,Prihodi turistov,95
2024M02,Maribor,2.32 Španija,Prenočitve turistov,708
2024M02,Maribor,2.33 Švedska,Prihodi turistov,22
2024M02,Maribor,2.33 Švedska,Prenočitve turistov,49
2024M02,Maribor,2.34 Švica,Prihodi turistov,45
2024M02,Maribor,2.34 Švica,Prenočitve turistov,115
2024M02,Maribor,2.35 Turčija,Prihodi turistov,58
2024M02,Maribor,2.35 Turčija,Prenočitve turistov,736
2024M02,Maribor,2.36 Ukrajina,Prihodi turistov,248
2024M02,Maribor,2.36 Ukrajina,Prenočitve turistov,867
2024M02,Maribor,2.37 Združeno kraljestvo,Prihodi turistov,84
2024M02,Maribor,2.37 Združeno kraljestvo,Prenočitve turistov,252
2024M02,Maribor,2.38 Druge evropske države,Prihodi turistov,163
2024M02,Maribor,2.38 Druge evropske države,Prenočitve turistov,391
2024M02,Maribor,2.39 Južna Afrika,Prihodi turistov,2
2024M02,Maribor,2.39 Južna Afrika,Prenočitve turistov,3
2024M02,Maribor,2.40 Druge afriške države,Prihodi turistov,52
2024M02,Maribor,2.40 Druge afriške države,Prenočitve turistov,444
2024M02,Maribor,2.41 Avstralija,Prihodi turistov,3
2024M02,Maribor,2.41 Avstralija,Prenočitve turistov,9
2024M02,Maribor,2.42 Nova Zelandija,Prihodi turistov,
2024M02,Maribor,2.42 Nova Zelandija,Prenočitve turistov,
2024M02,Maribor,2.43 Druge države in ozemlja Oceanije,Prihodi turistov,
2024M02,Maribor,2.43 Druge države in ozemlja Oceanije,Prenočitve turistov,
2024M02,Maribor,2.44 Izrael,Prihodi turistov,16
2024M02,Maribor,2.44 Izrael,Prenočitve turistov,44
2024M02,Maribor,2.45 Japonska,Prihodi turistov,7
2024M02,Maribor,2.45 Japonska,Prenočitve turistov,7
2024M02,Maribor,2.46 Kitajska (Ljudska republika),Prihodi turistov,119
2024M02,Maribor,2.46 Kitajska (Ljudska republika),Prenočitve turistov,542
2024M02,Maribor,2.47 Koreja (Republika),Prihodi turistov,41
2024M02,Maribor,2.47 Koreja (Republika),Prenočitve turistov,54
2024M02,Maribor,2.48 Druge azijske države,Prihodi turistov,162
2024M02,Maribor,2.48 Druge azijske države,Prenočitve turistov,974
2024M02,Maribor,2.49 Brazilija,Prihodi turistov,7
2024M02,Maribor,2.49 Brazilija,Prenočitve turistov,55
2024M02,Maribor,2.50 Druge države Južne in Srednje Amerike,Prihodi turistov,31
2024M02,Maribor,2.50 Druge države Južne in Srednje Amerike,Prenočitve turistov,77
2024M02,Maribor,2.51 Kanada,Prihodi turistov,10
2024M02,Maribor,2.51 Kanada,Prenočitve turistov,16
2024M02,Maribor,2.52 Združene države (ZDA),Prihodi turistov,101
2024M02,Maribor,2.52 Združene države (ZDA),Prenočitve turistov,256
2024M02,Maribor,2.53 Druge države in ozemlja Severne Amerike,Prihodi turistov,
2024M02,Maribor,2.53 Druge države in ozemlja Severne Amerike,Prenočitve turistov,
2024M03,Maribor,0 Država - SKUPAJ,Prihodi turistov,13550
2024M03,Maribor,0 Država - SKUPAJ,Prenočitve turistov,31017
2024M03,Maribor,1 DOMAČI,Prihodi turistov,2297
2024M03,Maribor,1 DOMAČI,Prenočitve turistov,3640
2024M03,Maribor,2 TUJI,Prihodi turistov,11253
2024M03,Maribor,2 TUJI,Prenočitve turistov,27377
2024M03,Maribor,2.1 Avstrija,Prihodi turistov,1186
2024M03,Maribor,2.1 Avstrija,Prenočitve turistov,1747
2024M03,Maribor,2.2 Belgija,Prihodi turistov,37
2024M03,Maribor,2.2 Belgija,Prenočitve turistov,103
2024M03,Maribor,2.3 Bolgarija,Prihodi turistov,140
2024M03,Maribor,2.3 Bolgarija,Prenočitve turistov,197
2024M03,Maribor,2.4 Bosna in Hercegovina,Prihodi turistov,596
2024M03,Maribor,2.4 Bosna in Hercegovina,Prenočitve turistov,1034
2024M03,Maribor,2.5 Ciper,Prihodi turistov,7
2024M03,Maribor,2.5 Ciper,Prenočitve turistov,15
2024M03,Maribor,2.6 Češka republika,Prihodi turistov,401
2024M03,Maribor,2.6 Češka republika,Prenočitve turistov,1458
2024M03,Maribor,2.7 Črna gora,Prihodi turistov,133
2024M03,Maribor,2.7 Črna gora,Prenočitve turistov,312
2024M03,Maribor,2.8 Danska,Prihodi turistov,131
2024M03,Maribor,2.8 Danska,Prenočitve turistov,880
2024M03,Maribor,2.9 Estonija,Prihodi turistov,8
2024M03,Maribor,2.9 Estonija,Prenočitve turistov,13
2024M03,Maribor,2.10 Finska,Prihodi turistov,31
2024M03,Maribor,2.10 Finska,Prenočitve turistov,120
2024M03,Maribor,2.11 Francija,Prihodi turistov,145
2024M03,Maribor,2.11 Francija,Prenočitve turistov,755
2024M03,Maribor,2.12 Grčija,Prihodi turistov,21
2024M03,Maribor,2.12 Grčija,Prenočitve turistov,101
2024M03,Maribor,2.13 Hrvaška,Prihodi turistov,1084
2024M03,Maribor,2.13 Hrvaška,Prenočitve turistov,2300
2024M03,Maribor,2.14 Irska,Prihodi turistov,19
2024M03,Maribor,2.14 Irska,Prenočitve turistov,41
2024M03,Maribor,2.15 Islandija,Prihodi turistov,6
2024M03,Maribor,2.15 Islandija,Prenočitve turistov,13
2024M03,Maribor,2.16 Italija,Prihodi turistov,908
2024M03,Maribor,2.16 Italija,Prenočitve turistov,2401
2024M03,Maribor,2.17 Latvija,Prihodi turistov,21
2024M03,Maribor,2.17 Latvija,Prenočitve turistov,41
2024M03,Maribor,2.18 Litva,Prihodi turistov,20
2024M03,Maribor,2.18 Litva,Prenočitve turistov,100
2024M03,Maribor,2.19 Luksemburg,Prihodi turistov,17
2024M03,Maribor,2.19 Luksemburg,Prenočitve turistov,21
2024M03,Maribor,2.20 Madžarska,Prihodi turistov,670
2024M03,Maribor,2.20 Madžarska,Prenočitve turistov,1198
2024M03,Maribor,2.21 Makedonija,Prihodi turistov,124
2024M03,Maribor,2.21 Makedonija,Prenočitve turistov,342
2024M03,Maribor,2.22 Malta,Prihodi turistov,5
2024M03,Maribor,2.22 Malta,Prenočitve turistov,9
2024M03,Maribor,2.23 Nemčija,Prihodi turistov,1369
2024M03,Maribor,2.23 Nemčija,Prenočitve turistov,2654
2024M03,Maribor,2.24 Nizozemska,Prihodi turistov,89
2024M03,Maribor,2.24 Nizozemska,Prenočitve turistov,137
2024M03,Maribor,2.25 Norveška,Prihodi turistov,23
2024M03,Maribor,2.25 Norveška,Prenočitve turistov,67
2024M03,Maribor,2.26 Poljska,Prihodi turistov,196
2024M03,Maribor,2.26 Poljska,Prenočitve turistov,527
2024M03,Maribor,2.27 Portugalska,Prihodi turistov,35
2024M03,Maribor,2.27 Portugalska,Prenočitve turistov,377
2024M03,Maribor,2.28 Romunija,Prihodi turistov,685
2024M03,Maribor,2.28 Romunija,Prenočitve turistov,1143
2024M03,Maribor,2.29 Ruska federacija,Prihodi turistov,65
2024M03,Maribor,2.29 Ruska federacija,Prenočitve turistov,151
2024M03,Maribor,2.30 Slovaška,Prihodi turistov,383
2024M03,Maribor,2.30 Slovaška,Prenočitve turistov,658
2024M03,Maribor,2.31 Srbija,Prihodi turistov,703
2024M03,Maribor,2.31 Srbija,Prenočitve turistov,1492
2024M03,Maribor,2.32 Španija,Prihodi turistov,246
2024M03,Maribor,2.32 Španija,Prenočitve turistov,801
2024M03,Maribor,2.33 Švedska,Prihodi turistov,82
2024M03,Maribor,2.33 Švedska,Prenočitve turistov,239
2024M03,Maribor,2.34 Švica,Prihodi turistov,107
2024M03,Maribor,2.34 Švica,Prenočitve turistov,266
2024M03,Maribor,2.35 Turčija,Prihodi turistov,79
2024M03,Maribor,2.35 Turčija,Prenočitve turistov,1079
2024M03,Maribor,2.36 Ukrajina,Prihodi turistov,406
2024M03,Maribor,2.36 Ukrajina,Prenočitve turistov,894
2024M03,Maribor,2.37 Združeno kraljestvo,Prihodi turistov,92
2024M03,Maribor,2.37 Združeno kraljestvo,Prenočitve turistov,158
2024M03,Maribor,2.38 Druge evropske države,Prihodi turistov,150
2024M03,Maribor,2.38 Druge evropske države,Prenočitve turistov,502
2024M03,Maribor,2.39 Južna Afrika,Prihodi turistov,5
2024M03,Maribor,2.39 Južna Afrika,Prenočitve turistov,13
2024M03,Maribor,2.40 Druge afriške države,Prihodi turistov,19
2024M03,Maribor,2.40 Druge afriške države,Prenočitve turistov,553
2024M03,Maribor,2.41 Avstralija,Prihodi turistov,22
2024M03,Maribor,2.41 Avstralija,Prenočitve turistov,53
2024M03,Maribor,2.42 Nova Zelandija,Prihodi turistov,1
2024M03,Maribor,2.42 Nova Zelandija,Prenočitve turistov,1
2024M03,Maribor,2.43 Druge države in ozemlja Oceanije,Prihodi turistov,2
2024M03,Maribor,2.43 Druge države in ozemlja Oceanije,Prenočitve turistov,2
2024M03,Maribor,2.44 Izrael,Prihodi turistov,28
2024M03,Maribor,2.44 Izrael,Prenočitve turistov,74
2024M03,Maribor,2.45 Japonska,Prihodi turistov,5
2024M03,Maribor,2.45 Japonska,Prenočitve turistov,11
2024M03,Maribor,2.46 Kitajska (Ljudska republika),Prihodi turistov,83
2024M03,Maribor,2.46 Kitajska (Ljudska republika),Prenočitve turistov,681
2024M03,Maribor,2.47 Koreja (Republika),Prihodi turistov,290
2024M03,Maribor,2.47 Koreja (Republika),Prenočitve turistov,290
2024M03,Maribor,2.48 Druge azijske države,Prihodi turistov,167
2024M03,Maribor,2.48 Druge azijske države,Prenočitve turistov,883
2024M03,Maribor,2.49 Brazilija,Prihodi turistov,13
2024M03,Maribor,2.49 Brazilija,Prenočitve turistov,13
2024M03,Maribor,2.50 Druge države Južne in Srednje Amerike,Prihodi turistov,42
2024M03,Maribor,2.50 Druge države Južne in Srednje Amerike,Prenočitve turistov,135
2024M03,Maribor,2.51 Kanada,Prihodi turistov,18
2024M03,Maribor,2.51 Kanada,Prenočitve turistov,30
2024M03,Maribor,2.52 Združene države (ZDA),Prihodi turistov,138
2024M03,Maribor,2.52 Združene države (ZDA),Prenočitve turistov,292
2024M03,Maribor,2.53 Druge države in ozemlja Severne Amerike,Prihodi turistov,
2024M03,Maribor,2.53 Druge države in ozemlja Severne Amerike,Prenočitve turistov,
2024M04,Maribor,0 Država - SKUPAJ,Prihodi turistov,16242
2024M04,Maribor,0 Država - SKUPAJ,Prenočitve turistov,33071
2024M04,Maribor,1 DOMAČI,Prihodi turistov,2424
2024M04,Maribor,1 DOMAČI,Prenočitve turistov,3562
2024M04,Maribor,2 TUJI,Prihodi turistov,13818
2024M04,Maribor,2 TUJI,Prenočitve turistov,29509
2024M04,Maribor,2.1 Avstrija,Prihodi turistov,1316
2024M04,Maribor,2.1 Avstrija,Prenočitve turistov,1774
2024M04,Maribor,2.2 Belgija,Prihodi turistov,116
2024M04,Maribor,2.2 Belgija,Prenočitve turistov,205
2024M04,Maribor,2.3 Bolgarija,Prihodi turistov,184
2024M04,Maribor,2.3 Bolgarija,Prenočitve turistov,264
2024M04,Maribor,2.4 Bosna in Hercegovina,Prihodi turistov,554
2024M04,Maribor,2.4 Bosna in Hercegovina,Prenočitve turistov,1009
2024M04,Maribor,2.5 Ciper,Prihodi turistov,5
2024M04,Maribor,2.5 Ciper,Prenočitve turistov,8
2024M04,Maribor,2.6 Češka republika,Prihodi turistov,459
2024M04,Maribor,2.6 Češka republika,Prenočitve turistov,1486
2024M04,Maribor,2.7 Črna gora,Prihodi turistov,60
2024M04,Maribor,2.7 Črna gora,Prenočitve turistov,186
2024M04,Maribor,2.8 Danska,Prihodi turistov,46
2024M04,Maribor,2.8 Danska,Prenočitve turistov,89
2024M04,Maribor,2.9 Estonija,Prihodi turistov,12
2024M04,Maribor,2.9 Estonija,Prenočitve turistov,26
2024M04,Maribor,2.10 Finska,Prihodi turistov,95
2024M04,Maribor,2.10 Finska,Prenočitve turistov,388
2024M04,Maribor,2.11 Francija,Prihodi turistov,195
2024M04,Maribor,2.11 Francija,Prenočitve turistov,818
2024M04,Maribor,2.12 Grčija,Prihodi turistov,49
2024M04,Maribor,2.12 Grčija,Prenočitve turistov,149
2024M04,Maribor,2.13 Hrvaška,Prihodi turistov,956
2024M04,Maribor,2.13 Hrvaška,Prenočitve turistov,2012
2024M04,Maribor,2.14 Irska,Prihodi turistov,21
2024M04,Maribor,2.14 Irska,Prenočitve turistov,47
2024M04,Maribor,2.15 Islandija,Prihodi turistov,2
2024M04,Maribor,2.15 Islandija,Prenočitve turistov,4
2024M04,Maribor,2.16 Italija,Prihodi turistov,1000
2024M04,Maribor,2.16 Italija,Prenočitve turistov,1566
2024M04,Maribor,2.17 Latvija,Prihodi turistov,46
2024M04,Maribor,2.17 Latvija,Prenočitve turistov,88
2024M04,Maribor,2.18 Litva,Prihodi turistov,46
2024M04,Maribor,2.18 Litva,Prenočitve turistov,197
2024M04,Maribor,2.19 Luksemburg,Prihodi turistov,14
2024M04,Maribor,2.19 Luksemburg,Prenočitve turistov,15
2024M04,Maribor,2.20 Madžarska,Prihodi turistov,760
2024M04,Maribor,2.20 Madžarska,Prenočitve turistov,1298
2024M04,Maribor,2.21 Makedonija,Prihodi turistov,165
2024M04,Maribor,2.21 Makedonija,Prenočitve turistov,432
2024M04,Maribor,2.22 Malta,Prihodi turistov,3
2024M04,Maribor,2.22 Malta,Prenočitve turistov,3
2024M04,Maribor,2.23 Nemčija,Prihodi turistov,1641
2024M04,Maribor,2.23 Nemčija,Prenočitve turistov,2927
2024M04,Maribor,2.24 Nizozemska,Prihodi turistov,268
2024M04,Maribor,2.24 Nizozemska,Prenočitve turistov,413
2024M04,Maribor,2.25 Norveška,Prihodi turistov,59
2024M04,Maribor,2.25 Norveška,Prenočitve turistov,164
2024M04,Maribor,2.26 Poljska,Prihodi turistov,1378
2024M04,Maribor,2.26 Poljska,Prenočitve turistov,2129
2024M04,Maribor,2.27 Portugalska,Prihodi turistov,96
2024M04,Maribor,2.27 Portugalska,Prenočitve turistov,849
2024M04,Maribor,2.28 Romunija,Prihodi turistov,922
2024M04,Maribor,2.28 Romunija,Prenočitve turistov,1651
2024M04,Maribor,2.29 Ruska federacija,Prihodi turistov,67
2024M04,Maribor,2.29 Ruska federacija,Prenočitve turistov,102
2024M04,Maribor,2.30 Slovaška,Prihodi turistov,328
2024M04,Maribor,2.30 Slovaška,Prenočitve turistov,577
2024M04,Maribor,2.31 Srbija,Prihodi turistov,721
2024M04,Maribor,2.31 Srbija,Prenočitve turistov,1440
2024M04,Maribor,2.32 Španija,Prihodi turistov,185
2024M04,Maribor,2.32 Španija,Prenočitve turistov,1039
2024M04,Maribor,2.33 Švedska,Prihodi turistov,61
2024M04,Maribor,2.33 Švedska,Prenočitve turistov,205
2024M04,Maribor,2.34 Švica,Prihodi turistov,133
2024M04,Maribor,2.34 Švica,Prenočitve turistov,244
2024M04,Maribor,2.35 Turčija,Prihodi turistov,71
2024M04,Maribor,2.35 Turčija,Prenočitve turistov,998
2024M04,Maribor,2.36 Ukrajina,Prihodi turistov,245
2024M04,Maribor,2.36 Ukrajina,Prenočitve turistov,489
2024M04,Maribor,2.37 Združeno kraljestvo,Prihodi turistov,94
2024M04,Maribor,2.37 Združeno kraljestvo,Prenočitve turistov,188
2024M04,Maribor,2.38 Druge evropske države,Prihodi turistov,189
2024M04,Maribor,2.38 Druge evropske države,Prenočitve turistov,592
2024M04,Maribor,2.39 Južna Afrika,Prihodi turistov,2
2024M04,Maribor,2.39 Južna Afrika,Prenočitve turistov,5
2024M04,Maribor,2.40 Druge afriške države,Prihodi turistov,25
2024M04,Maribor,2.40 Druge afriške države,Prenočitve turistov,616
2024M04,Maribor,2.41 Avstralija,Prihodi turistov,43
2024M04,Maribor,2.41 Avstralija,Prenočitve turistov,72
2024M04,Maribor,2.42 Nova Zelandija,Prihodi turistov,8
2024M04,Maribor,2.42 Nova Zelandija,Prenočitve turistov,14
2024M04,Maribor,2.43 Druge države in ozemlja Oceanije,Prihodi turistov,
2024M04,Maribor,2.43 Druge države in ozemlja Oceanije,Prenočitve turistov,
2024M04,Maribor,2.44 Izrael,Prihodi turistov,40
2024M04,Maribor,2.44 Izrael,Prenočitve turistov,66
2024M04,Maribor,2.45 Japonska,Prihodi turistov,9
2024M04,Maribor,2.45 Japonska,Prenočitve turistov,15
2024M04,Maribor,2.46 Kitajska (Ljudska republika),Prihodi turistov,130
2024M04,Maribor,2.46 Kitajska (Ljudska republika),Prenočitve turistov,659
2024M04,Maribor,2.47 Koreja (Republika),Prihodi turistov,492
2024M04,Maribor,2.47 Koreja (Republika),Prenočitve turistov,510
2024M04,Maribor,2.48 Druge azijske države,Prihodi turistov,288
2024M04,Maribor,2.48 Druge azijske države,Prenočitve turistov,876
2024M04,Maribor,2.49 Brazilija,Prihodi turistov,13
2024M04,Maribor,2.49 Brazilija,Prenočitve turistov,90
2024M04,Maribor,2.50 Druge države Južne in Srednje Amerike,Prihodi turistov,43
2024M04,Maribor,2.50 Druge države Južne in Srednje Amerike,Prenočitve turistov,116
2024M04,Maribor,2.51 Kanada,Prihodi turistov,33
2024M04,Maribor,2.51 Kanada,Prenočitve turistov,136
2024M04,Maribor,2.52 Združene države (ZDA),Prihodi turistov,130
2024M04,Maribor,2.52 Združene države (ZDA),Prenočitve turistov,263
2024M04,Maribor,2.53 Druge države in ozemlja Severne Amerike,Prihodi turistov,
2024M04,Maribor,2.53 Druge države in ozemlja Severne Amerike,Prenočitve turistov,
2024M05,Maribor,0 Država - SKUPAJ,Prihodi turistov,23118
2024M05,Maribor,0 Država - SKUPAJ,Prenočitve turistov,48078
2024M05,Maribor,1 DOMAČI,Prihodi turistov,3145
2024M05,Maribor,1 DOMAČI,Prenočitve turistov,5197
2024M05,Maribor,2 TUJI,Prihodi turistov,19973
2024M05,Maribor,2 TUJI,Prenočitve turistov,42881
2024M05,Maribor,2.1 Avstrija,Prihodi turistov,2394
2024M05,Maribor,2.1 Avstrija,Prenočitve turistov,3451
2024M05,Maribor,2.2 Belgija,Prihodi turistov,184
2024M05,Maribor,2.2 Belgija,Prenočitve turistov,515
2024M05,Maribor,2.3 Bolgarija,Prihodi turistov,220
2024M05,Maribor,2.3 Bolgarija,Prenočitve turistov,384
2024M05,Maribor,2.4 Bosna in Hercegovina,Prihodi turistov,626
2024M05,Maribor,2.4 Bosna in Hercegovina,Prenočitve turistov,1077
2024M05,Maribor,2.5 Ciper,Prihodi turistov,4
2024M05,Maribor,2.5 Ciper,Prenočitve turistov,10
2024M05,Maribor,2.6 Češka republika,Prihodi turistov,711
2024M05,Maribor,2.6 Češka republika,Prenočitve turistov,1597
2024M05,Maribor,2.7 Črna gora,Prihodi turistov,66
2024M05,Maribor,2.7 Črna gora,Prenočitve turistov,212
2024M05,Maribor,2.8 Danska,Prihodi turistov,40
2024M05,Maribor,2.8 Danska,Prenočitve turistov,78
2024M05,Maribor,2.9 Estonija,Prihodi turistov,25
2024M05,Maribor,2.9 Estonija,Prenočitve turistov,51
2024M05,Maribor,2.10 Finska,Prihodi turistov,82
2024M05,Maribor,2.10 Finska,Prenočitve turistov,438
2024M05,Maribor,2.11 Francija,Prihodi turistov,478
2024M05,Maribor,2.11 Francija,Prenočitve turistov,1325
2024M05,Maribor,2.12 Grčija,Prihodi turistov,54
2024M05,Maribor,2.12 Grčija,Prenočitve turistov,166
2024M05,Maribor,2.13 Hrvaška,Prihodi turistov,1121
2024M05,Maribor,2.13 Hrvaška,Prenočitve turistov,2193
2024M05,Maribor,2.14 Irska,Prihodi turistov,39
2024M05,Maribor,2.14 Irska,Prenočitve turistov,63
2024M05,Maribor,2.15 Islandija,Prihodi turistov,2
2024M05,Maribor,2.15 Islandija,Prenočitve turistov,3
2024M05,Maribor,2.16 Italija,Prihodi turistov,927
2024M05,Maribor,2.16 Italija,Prenočitve turistov,2564
2024M05,Maribor,2.17 Latvija,Prihodi turistov,49
2024M05,Maribor,2.17 Latvija,Prenočitve turistov,78
2024M05,Maribor,2.18 Litva,Prihodi turistov,53
2024M05,Maribor,2.18 Litva,Prenočitve turistov,122
2024M05,Maribor,2.19 Luksemburg,Prihodi turistov,10
2024M05,Maribor,2.19 Luksemburg,Prenočitve turistov,15
2024M05,Maribor,2.20 Madžarska,Prihodi turistov,829
2024M05,Maribor,2.20 Madžarska,Prenočitve turistov,1374
2024M05,Maribor,2.21 Makedonija,Prihodi turistov,174
2024M05,Maribor,2.21 Makedonija,Prenočitve turistov,471
2024M05,Maribor,2.22 Malta,Prihodi turistov,2
2024M05,Maribor,2.22 Malta,Prenočitve turistov,9
2024M05,Maribor,2.23 Nemčija,Prihodi turistov,3321
2024M05,Maribor,2.23 Nemčija,Prenočitve turistov,5786
2024M05,Maribor,2.24 Nizozemska,Prihodi turistov,485
2024M05,Maribor,2.24 Nizozemska,Prenočitve turistov,913
2024M05,Maribor,2.25 Norveška,Prihodi turistov,34
2024M05,Maribor,2.25 Norveška,Prenočitve turistov,109
2024M05,Maribor,2.26 Poljska,Prihodi turistov,1424
2024M05,Maribor,2.26 Poljska,Prenočitve turistov,2307
2024M05,Maribor,2.27 Portugalska,Prihodi turistov,58
2024M05,Maribor,2.27 Portugalska,Prenočitve turistov,1039
2024M05,Maribor,2.28 Romunija,Prihodi turistov,883
2024M05,Maribor,2.28 Romunija,Prenočitve turistov,1354
2024M05,Maribor,2.29 Ruska federacija,Prihodi turistov,80
2024M05,Maribor,2.29 Ruska federacija,Prenočitve turistov,160
2024M05,Maribor,2.30 Slovaška,Prihodi turistov,404
2024M05,Maribor,2.30 Slovaška,Prenočitve turistov,646
2024M05,Maribor,2.31 Srbija,Prihodi turistov,886
2024M05,Maribor,2.31 Srbija,Prenočitve turistov,1691
2024M05,Maribor,2.32 Španija,Prihodi turistov,249
2024M05,Maribor,2.32 Španija,Prenočitve turistov,1085
2024M05,Maribor,2.33 Švedska,Prihodi turistov,112
2024M05,Maribor,2.33 Švedska,Prenočitve turistov,295
2024M05,Maribor,2.34 Švica,Prihodi turistov,319
2024M05,Maribor,2.34 Švica,Prenočitve turistov,780
2024M05,Maribor,2.35 Turčija,Prihodi turistov,66
2024M05,Maribor,2.35 Turčija,Prenočitve turistov,1144
2024M05,Maribor,2.36 Ukrajina,Prihodi turistov,442
2024M05,Maribor,2.36 Ukrajina,Prenočitve turistov,802
2024M05,Maribor,2.37 Združeno kraljestvo,Prihodi turistov,232
2024M05,Maribor,2.37 Združeno kraljestvo,Prenočitve turistov,601
2024M05,Maribor,2.38 Druge evropske države,Prihodi turistov,182
2024M05,Maribor,2.38 Druge evropske države,Prenočitve turistov,460
2024M05,Maribor,2.39 Južna Afrika,Prihodi turistov,8
2024M05,Maribor,2.39 Južna Afrika,Prenočitve turistov,18
2024M05,Maribor,2.40 Druge afriške države,Prihodi turistov,24
2024M05,Maribor,2.40 Druge afriške države,Prenočitve turistov,786
2024M05,Maribor,2.41 Avstralija,Prihodi turistov,76
2024M05,Maribor,2.41 Avstralija,Prenočitve turistov,171
2024M05,Maribor,2.42 Nova Zelandija,Prihodi turistov,25
2024M05,Maribor,2.42 Nova Zelandija,Prenočitve turistov,49
2024M05,Maribor,2.43 Druge države in ozemlja Oceanije,Prihodi turistov,
2024M05,Maribor,2.43 Druge države in ozemlja Oceanije,Prenočitve turistov,
2024M05,Maribor,2.44 Izrael,Prihodi turistov,79
2024M05,Maribor,2.44 Izrael,Prenočitve turistov,377
2024M05,Maribor,2.45 Japonska,Prihodi turistov,26
2024M05,Maribor,2.45 Japonska,Prenočitve turistov,63
2024M05,Maribor,2.46 Kitajska (Ljudska republika),Prihodi turistov,499
2024M05,Maribor,2.46 Kitajska (Ljudska republika),Prenočitve turistov,1169
2024M05,Maribor,2.47 Koreja (Republika),Prihodi turistov,743
2024M05,Maribor,2.47 Koreja (Republika),Prenočitve turistov,774
2024M05,Maribor,2.48 Druge azijske države,Prihodi turistov,461
2024M05,Maribor,2.48 Druge azijske države,Prenočitve turistov,2291
2024M05,Maribor,2.49 Brazilija,Prihodi turistov,27
2024M05,Maribor,2.49 Brazilija,Prenočitve turistov,203
2024M05,Maribor,2.50 Druge države Južne in Srednje Amerike,Prihodi turistov,94
2024M05,Maribor,2.50 Druge države Južne in Srednje Amerike,Prenočitve turistov,217
2024M05,Maribor,2.51 Kanada,Prihodi turistov,119
2024M05,Maribor,2.51 Kanada,Prenočitve turistov,257
2024M05,Maribor,2.52 Združene države (ZDA),Prihodi turistov,525
2024M05,Maribor,2.52 Združene države (ZDA),Prenočitve turistov,1138
2024M05,Maribor,2.53 Druge države in ozemlja Severne Amerike,Prihodi turistov,
2024M05,Maribor,2.53 Druge države in ozemlja Severne Amerike,Prenočitve turistov,
2024M06,Maribor,0 Država - SKUPAJ,Prihodi turistov,26194
2024M06,Maribor,0 Država - SKUPAJ,Prenočitve turistov,49470
2024M06,Maribor,1 DOMAČI,Prihodi turistov,2802
2024M06,Maribor,1 DOMAČI,Prenočitve turistov,5060
2024M06,Maribor,2 TUJI,Prihodi turistov,23392
2024M06,Maribor,2 TUJI,Prenočitve turistov,44410
2024M06,Maribor,2.1 Avstrija,Prihodi turistov,1978
2024M06,Maribor,2.1 Avstrija,Prenočitve turistov,2730
2024M06,Maribor,2.2 Belgija,Prihodi turistov,272
2024M06,Maribor,2.2 Belgija,Prenočitve turistov,539
2024M06,Maribor,2.3 Bolgarija,Prihodi turistov,153
2024M06,Maribor,2.3 Bolgarija,Prenočitve turistov,427
2024M06,Maribor,2.4 Bosna in Hercegovina,Prihodi turistov,483
2024M06,Maribor,2.4 Bosna in Hercegovina,Prenočitve turistov,719
2024M06,Maribor,2.5 Ciper,Prihodi turistov,1
2024M06,Maribor,2.5 Ciper,Prenočitve turistov,4
2024M06,Maribor,2.6 Češka republika,Prihodi turistov,1972
2024M06,Maribor,2.6 Češka republika,Prenočitve turistov,2874
2024M06,Maribor,2.7 Črna gora,Prihodi turistov,128
2024M06,Maribor,2.7 Črna gora,Prenočitve turistov,471
2024M06,Maribor,2.8 Danska,Prihodi turistov,98
2024M06,Maribor,2.8 Danska,Prenočitve turistov,133
2024M06,Maribor,2.9 Estonija,Prihodi turistov,49
2024M06,Maribor,2.9 Estonija,Prenočitve turistov,75
2024M06,Maribor,2.10 Finska,Prihodi turistov,128
2024M06,Maribor,2.10 Finska,Prenočitve turistov,192
2024M06,Maribor,2.11 Francija,Prihodi turistov,408
2024M06,Maribor,2.11 Francija,Prenočitve turistov,1187
2024M06,Maribor,2.12 Grčija,Prihodi turistov,48
2024M06,Maribor,2.12 Grčija,Prenočitve turistov,105
2024M06,Maribor,2.13 Hrvaška,Prihodi turistov,955
2024M06,Maribor,2.13 Hrvaška,Prenočitve turistov,1745
2024M06,Maribor,2.14 Irska,Prihodi turistov,36
2024M06,Maribor,2.14 Irska,Prenočitve turistov,58
2024M06,Maribor,2.15 Islandija,Prihodi turistov,5
2024M06,Maribor,2.15 Islandija,Prenočitve turistov,5
2024M06,Maribor,2.16 Italija,Prihodi turistov,724
2024M06,Maribor,2.16 Italija,Prenočitve turistov,2526
2024M06,Maribor,2.17 Latvija,Prihodi turistov,76
2024M06,Maribor,2.17 Latvija,Prenočitve turistov,101
2024M06,Maribor,2.18 Litva,Prihodi turistov,177
2024M06,Maribor,2.18 Litva,Prenočitve turistov,199
2024M06,Maribor,2.19 Luksemburg,Prihodi turistov,14
2024M06,Maribor,2.19 Luksemburg,Prenočitve turistov,19
2024M06,Maribor,2.20 Madžarska,Prihodi turistov,832
2024M06,Maribor,2.20 Madžarska,Prenočitve turistov,1322
2024M06,Maribor,2.21 Makedonija,Prihodi turistov,160
2024M06,Maribor,2.21 Makedonija,Prenočitve turistov,291
2024M06,Maribor,2.22 Malta,Prihodi turistov,9
2024M06,Maribor,2.22 Malta,Prenočitve turistov,11
2024M06,Maribor,2.23 Nemčija,Prihodi turistov,3481
2024M06,Maribor,2.23 Nemčija,Prenočitve turistov,5994
2024M06,Maribor,2.24 Nizozemska,Prihodi turistov,664
2024M06,Maribor,2.24 Nizozemska,Prenočitve turistov,1264
2024M06,Maribor,2.25 Norveška,Prihodi turistov,70
2024M06,Maribor,2.25 Norveška,Prenočitve turistov,106
2024M06,Maribor,2.26 Poljska,Prihodi turistov,3547
2024M06,Maribor,2.26 Poljska,Prenočitve turistov,4246
2024M06,Maribor,2.27 Portugalska,Prihodi turistov,81
2024M06,Maribor,2.27 Portugalska,Prenočitve turistov,726
2024M06,Maribor,2.28 Romunija,Prihodi turistov,1048
2024M06,Maribor,2.28 Romunija,Prenočitve turistov,1841
2024M06,Maribor,2.29 Ruska federacija,Prihodi turistov,100
2024M06,Maribor,2.29 Ruska federacija,Prenočitve turistov,144
2024M06,Maribor,2.30 Slovaška,Prihodi turistov,571
2024M06,Maribor,2.30 Slovaška,Prenočitve turistov,855
2024M06,Maribor,2.31 Srbija,Prihodi turistov,821
2024M06,Maribor,2.31 Srbija,Prenočitve turistov,1651
2024M06,Maribor,2.32 Španija,Prihodi turistov,300
2024M06,Maribor,2.32 Španija,Prenočitve turistov,1181
2024M06,Maribor,2.33 Švedska,Prihodi turistov,414
2024M06,Maribor,2.33 Švedska,Prenočitve turistov,506
2024M06,Maribor,2.34 Švica,Prihodi turistov,248
2024M06,Maribor,2.34 Švica,Prenočitve turistov,439
2024M06,Maribor,2.35 Turčija,Prihodi turistov,104
2024M06,Maribor,2.35 Turčija,Prenočitve turistov,1173
2024M06,Maribor,2.36 Ukrajina,Prihodi turistov,679
2024M06,Maribor,2.36 Ukrajina,Prenočitve turistov,1043
2024M06,Maribor,2.37 Združeno kraljestvo,Prihodi turistov,228
2024M06,Maribor,2.37 Združeno kraljestvo,Prenočitve turistov,506
2024M06,Maribor,2.38 Druge evropske države,Prihodi turistov,290
2024M06,Maribor,2.38 Druge evropske države,Prenočitve turistov,565
2024M06,Maribor,2.39 Južna Afrika,Prihodi turistov,16
2024M06,Maribor,2.39 Južna Afrika,Prenočitve turistov,40
2024M06,Maribor,2.40 Druge afriške države,Prihodi turistov,39
2024M06,Maribor,2.40 Druge afriške države,Prenočitve turistov,775
2024M06,Maribor,2.41 Avstralija,Prihodi turistov,91
2024M06,Maribor,2.41 Avstralija,Prenočitve turistov,159
2024M06,Maribor,2.42 Nova Zelandija,Prihodi turistov,44
2024M06,Maribor,2.42 Nova Zelandija,Prenočitve turistov,190
2024M06,Maribor,2.43 Druge države in ozemlja Oceanije,Prihodi turistov,
2024M06,Maribor,2.43 Druge države in ozemlja Oceanije,Prenočitve turistov,
2024M06,Maribor,2.44 Izrael,Prihodi turistov,41
2024M06,Maribor,2.44 Izrael,Prenočitve turistov,98
2024M06,Maribor,2.45 Japonska,Prihodi turistov,22
2024M06,Maribor,2.45 Japonska,Prenočitve turistov,34
2024M06,Maribor,2.46 Kitajska (Ljudska republika),Prihodi turistov,291
2024M06,Maribor,2.46 Kitajska (Ljudska republika),Prenočitve turistov,927
2024M06,Maribor,2.47 Koreja (Republika),Prihodi turistov,282
2024M06,Maribor,2.47 Koreja (Republika),Prenočitve turistov,450
2024M06,Maribor,2.48 Druge azijske države,Prihodi turistov,401
2024M06,Maribor,2.48 Druge azijske države,Prenočitve turistov,1617
2024M06,Maribor,2.49 Brazilija,Prihodi turistov,21
2024M06,Maribor,2.49 Brazilija,Prenočitve turistov,50
2024M06,Maribor,2.50 Druge države Južne in Srednje Amerike,Prihodi turistov,108
2024M06,Maribor,2.50 Druge države Južne in Srednje Amerike,Prenočitve turistov,400
2024M06,Maribor,2.51 Kanada,Prihodi turistov,57
2024M06,Maribor,2.51 Kanada,Prenočitve turistov,154
2024M06,Maribor,2.52 Združene države (ZDA),Prihodi turistov,627
2024M06,Maribor,2.52 Združene države (ZDA),Prenočitve turistov,1543
2024M06,Maribor,2.53 Druge države in ozemlja Severne Amerike,Prihodi turistov,
2024M06,Maribor,2.53 Druge države in ozemlja Severne Amerike,Prenočitve turistov,
2024M07,Maribor,0 Država - SKUPAJ,Prihodi turistov,36509
2024M07,Maribor,0 Država - SKUPAJ,Prenočitve turistov,58537
2024M07,Maribor,1 DOMAČI,Prihodi turistov,2030
2024M07,Maribor,1 DOMAČI,Prenočitve turistov,4408
2024M07,Maribor,2 TUJI,Prihodi turistov,34479
2024M07,Maribor,2 TUJI,Prenočitve turistov,54129
2024M07,Maribor,2.1 Avstrija,Prihodi turistov,1618
2024M07,Maribor,2.1 Avstrija,Prenočitve turistov,2186
2024M07,Maribor,2.2 Belgija,Prihodi turistov,990
2024M07,Maribor,2.2 Belgija,Prenočitve turistov,1335
2024M07,Maribor,2.3 Bolgarija,Prihodi turistov,555
2024M07,Maribor,2.3 Bolgarija,Prenočitve turistov,964
2024M07,Maribor,2.4 Bosna in Hercegovina,Prihodi turistov,564
2024M07,Maribor,2.4 Bosna in Hercegovina,Prenočitve turistov,821
2024M07,Maribor,2.5 Ciper,Prihodi turistov,4
2024M07,Maribor,2.5 Ciper,Prenočitve turistov,5
2024M07,Maribor,2.6 Češka republika,Prihodi turistov,2580
2024M07,Maribor,2.6 Češka republika,Prenočitve turistov,3078
2024M07,Maribor,2.7 Črna gora,Prihodi turistov,141
2024M07,Maribor,2.7 Črna gora,Prenočitve turistov,237
2024M07,Maribor,2.8 Danska,Prihodi turistov,484
2024M07,Maribor,2.8 Danska,Prenočitve turistov,633
2024M07,Maribor,2.9 Estonija,Prihodi turistov,141
2024M07,Maribor,2.9 Estonija,Prenočitve turistov,155
2024M07,Maribor,2.10 Finska,Prihodi turistov,112
2024M07,Maribor,2.10 Finska,Prenočitve turistov,191
2024M07,Maribor,2.11 Francija,Prihodi turistov,666
2024M07,Maribor,2.11 Francija,Prenočitve turistov,1321
2024M07,Maribor,2.12 Grčija,Prihodi turistov,173
2024M07,Maribor,2.12 Grčija,Prenočitve turistov,282
2024M07,Maribor,2.13 Hrvaška,Prihodi turistov,665
2024M07,Maribor,2.13 Hrvaška,Prenočitve turistov,1777
2024M07,Maribor,2.14 Irska,Prihodi turistov,66
2024M07,Maribor,2.14 Irska,Prenočitve turistov,163
2024M07,Maribor,2.15 Islandija,Prihodi turistov,14
2024M07,Maribor,2.15 Islandija,Prenočitve turistov,22
2024M07,Maribor,2.16 Italija,Prihodi turistov,977
2024M07,Maribor,2.16 Italija,Prenočitve turistov,2296
2024M07,Maribor,2.17 Latvija,Prihodi turistov,99
2024M07,Maribor,2.17 Latvija,Prenočitve turistov,116
2024M07,Maribor,2.18 Litva,Prihodi turistov,173
2024M07,Maribor,2.18 Litva,Prenočitve turistov,179
2024M07,Maribor,2.19 Luksemburg,Prihodi turistov,27
2024M07,Maribor,2.19 Luksemburg,Prenočitve turistov,27
2024M07,Maribor,2.20 Madžarska,Prihodi turistov,1378
2024M07,Maribor,2.20 Madžarska,Prenočitve turistov,2128
2024M07,Maribor,2.21 Makedonija,Prihodi turistov,252
2024M07,Maribor,2.21 Makedonija,Prenočitve turistov,542
2024M07,Maribor,2.22 Malta,Prihodi turistov,8
2024M07,Maribor,2.22 Malta,Prenočitve turistov,13
2024M07,Maribor,2.23 Nemčija,Prihodi turistov,5992
2024M07,Maribor,2.23 Nemčija,Prenočitve turistov,8289
2024M07,Maribor,2.24 Nizozemska,Prihodi turistov,1871
2024M07,Maribor,2.24 Nizozemska,Prenočitve turistov,2674
2024M07,Maribor,2.25 Norveška,Prihodi turistov,214
2024M07,Maribor,2.25 Norveška,Prenočitve turistov,262
2024M07,Maribor,2.26 Poljska,Prihodi turistov,5021
2024M07,Maribor,2.26 Poljska,Prenočitve turistov,5490
2024M07,Maribor,2.27 Portugalska,Prihodi turistov,57
2024M07,Maribor,2.27 Portugalska,Prenočitve turistov,323
2024M07,Maribor,2.28 Romunija,Prihodi turistov,2132
2024M07,Maribor,2.28 Romunija,Prenočitve turistov,2855
2024M07,Maribor,2.29 Ruska federacija,Prihodi turistov,107
2024M07,Maribor,2.29 Ruska federacija,Prenočitve turistov,187
2024M07,Maribor,2.30 Slovaška,Prihodi turistov,950
2024M07,Maribor,2.30 Slovaška,Prenočitve turistov,1115
2024M07,Maribor,2.31 Srbija,Prihodi turistov,608
2024M07,Maribor,2.31 Srbija,Prenočitve turistov,1204
2024M07,Maribor,2.32 Španija,Prihodi turistov,388
2024M07,Maribor,2.32 Španija,Prenočitve turistov,823
2024M07,Maribor,2.33 Švedska,Prihodi turistov,683
2024M07,Maribor,2.33 Švedska,Prenočitve turistov,780
2024M07,Maribor,2.34 Švica,Prihodi turistov,453
2024M07,Maribor,2.34 Švica,Prenočitve turistov,820
2024M07,Maribor,2.35 Turčija,Prihodi turistov,306
2024M07,Maribor,2.35 Turčija,Prenočitve turistov,1689
2024M07,Maribor,2.36 Ukrajina,Prihodi turistov,1500
2024M07,Maribor,2.36 Ukrajina,Prenočitve turistov,1988
2024M07,Maribor,2.37 Združeno kraljestvo,Prihodi turistov,379
2024M07,Maribor,2.37 Združeno kraljestvo,Prenočitve turistov,726
2024M07,Maribor,2.38 Druge evropske države,Prihodi turistov,322
2024M07,Maribor,2.38 Druge evropske države,Prenočitve turistov,612
2024M07,Maribor,2.39 Južna Afrika,Prihodi turistov,16
2024M07,Maribor,2.39 Južna Afrika,Prenočitve turistov,32
2024M07,Maribor,2.40 Druge afriške države,Prihodi turistov,102
2024M07,Maribor,2.40 Druge afriške države,Prenočitve turistov,424
2024M07,Maribor,2.41 Avstralija,Prihodi turistov,70
2024M07,Maribor,2.41 Avstralija,Prenočitve turistov,125
2024M07,Maribor,2.42 Nova Zelandija,Prihodi turistov,16
2024M07,Maribor,2.42 Nova Zelandija,Prenočitve turistov,28
2024M07,Maribor,2.43 Druge države in ozemlja Oceanije,Prihodi turistov,
2024M07,Maribor,2.43 Druge države in ozemlja Oceanije,Prenočitve turistov,
2024M07,Maribor,2.44 Izrael,Prihodi turistov,232
2024M07,Maribor,2.44 Izrael,Prenočitve turistov,441
2024M07,Maribor,2.45 Japonska,Prihodi turistov,19
2024M07,Maribor,2.45 Japonska,Prenočitve turistov,48
2024M07,Maribor,2.46 Kitajska (Ljudska republika),Prihodi turistov,155
2024M07,Maribor,2.46 Kitajska (Ljudska republika),Prenočitve turistov,427
2024M07,Maribor,2.47 Koreja (Republika),Prihodi turistov,193
2024M07,Maribor,2.47 Koreja (Republika),Prenočitve turistov,216
2024M07,Maribor,2.48 Druge azijske države,Prihodi turistov,382
2024M07,Maribor,2.48 Druge azijske države,Prenočitve turistov,2779
2024M07,Maribor,2.49 Brazilija,Prihodi turistov,28
2024M07,Maribor,2.49 Brazilija,Prenočitve turistov,90
2024M07,Maribor,2.50 Druge države Južne in Srednje Amerike,Prihodi turistov,102
2024M07,Maribor,2.50 Druge države Južne in Srednje Amerike,Prenočitve turistov,345
2024M07,Maribor,2.51 Kanada,Prihodi turistov,120
2024M07,Maribor,2.51 Kanada,Prenočitve turistov,213
2024M07,Maribor,2.52 Združene države (ZDA),Prihodi turistov,374
2024M07,Maribor,2.52 Združene države (ZDA),Prenočitve turistov,653
2024M07,Maribor,2.53 Druge države in ozemlja Severne Amerike,Prihodi turistov,
2024M07,Maribor,2.53 Druge države in ozemlja Severne Amerike,Prenočitve turistov,
2024M08,Maribor,0 Država - SKUPAJ,Prihodi turistov,41024
2024M08,Maribor,0 Država - SKUPAJ,Prenočitve turistov,61492
2024M08,Maribor,1 DOMAČI,Prihodi turistov,2182
2024M08,Maribor,1 DOMAČI,Prenočitve turistov,4353
2024M08,Maribor,2 TUJI,Prihodi turistov,38842
2024M08,Maribor,2 TUJI,Prenočitve turistov,57139
2024M08,Maribor,2.1 Avstrija,Prihodi turistov,2188
2024M08,Maribor,2.1 Avstrija,Prenočitve turistov,2916
2024M08,Maribor,2.2 Belgija,Prihodi turistov,720
2024M08,Maribor,2.2 Belgija,Prenočitve turistov,1074
2024M08,Maribor,2.3 Bolgarija,Prihodi turistov,280
2024M08,Maribor,2.3 Bolgarija,Prenočitve turistov,432
2024M08,Maribor,2.4 Bosna in Hercegovina,Prihodi turistov,756
2024M08,Maribor,2.4 Bosna in Hercegovina,Prenočitve turistov,1116
2024M08,Maribor,2.5 Ciper,Prihodi turistov,13
2024M08,Maribor,2.5 Ciper,Prenočitve turistov,41
2024M08,Maribor,2.6 Češka republika,Prihodi turistov,2293
2024M08,Maribor,2.6 Češka republika,Prenočitve turistov,2805
2024M08,Maribor,2.7 Črna gora,Prihodi turistov,141
2024M08,Maribor,2.7 Črna gora,Prenočitve turistov,314
2024M08,Maribor,2.8 Danska,Prihodi turistov,128
2024M08,Maribor,2.8 Danska,Prenočitve turistov,215
2024M08,Maribor,2.9 Estonija,Prihodi turistov,36
2024M08,Maribor,2.9 Estonija,Prenočitve turistov,40
2024M08,Maribor,2.10 Finska,Prihodi turistov,64
2024M08,Maribor,2.10 Finska,Prenočitve turistov,90
2024M08,Maribor,2.11 Francija,Prihodi turistov,1020
2024M08,Maribor,2.11 Francija,Prenočitve turistov,1811
2024M08,Maribor,2.12 Grčija,Prihodi turistov,220
2024M08,Maribor,2.12 Grčija,Prenočitve turistov,303
2024M08,Maribor,2.13 Hrvaška,Prihodi turistov,966
2024M08,Maribor,2.13 Hrvaška,Prenočitve turistov,2236
2024M08,Maribor,2.14 Irska,Prihodi turistov,47
2024M08,Maribor,2.14 Irska,Prenočitve turistov,75
2024M08,Maribor,2.15 Islandija,Prihodi turistov,4
2024M08,Maribor,2.15 Islandija,Prenočitve turistov,4
2024M08,Maribor,2.16 Italija,Prihodi turistov,2667
2024M08,Maribor,2.16 Italija,Prenočitve turistov,3981
2024M08,Maribor,2.17 Latvija,Prihodi turistov,47
2024M08,Maribor,2.17 Latvija,Prenočitve turistov,58
2024M08,Maribor,2.18 Litva,Prihodi turistov,168
2024M08,Maribor,2.18 Litva,Prenočitve turistov,181
2024M08,Maribor,2.19 Luksemburg,Prihodi turistov,67
2024M08,Maribor,2.19 Luksemburg,Prenočitve turistov,94
2024M08,Maribor,2.20 Madžarska,Prihodi turistov,1569
2024M08,Maribor,2.20 Madžarska,Prenočitve turistov,2375
2024M08,Maribor,2.21 Makedonija,Prihodi turistov,213
2024M08,Maribor,2.21 Makedonija,Prenočitve turistov,394
2024M08,Maribor,2.22 Malta,Prihodi turistov,33
2024M08,Maribor,2.22 Malta,Prenočitve turistov,263
2024M08,Maribor,2.23 Nemčija,Prihodi turistov,6572
2024M08,Maribor,2.23 Nemčija,Prenočitve turistov,9346
2024M08,Maribor,2.24 Nizozemska,Prihodi turistov,1679
2024M08,Maribor,2.24 Nizozemska,Prenočitve turistov,2635
2024M08,Maribor,2.25 Norveška,Prihodi turistov,86
2024M08,Maribor,2.25 Norveška,Prenočitve turistov,103
2024M08,Maribor,2.26 Poljska,Prihodi turistov,6289
2024M08,Maribor,2.26 Poljska,Prenočitve turistov,6765
2024M08,Maribor,2.27 Portugalska,Prihodi turistov,91
2024M08,Maribor,2.27 Portugalska,Prenočitve turistov,396
2024M08,Maribor,2.28 Romunija,Prihodi turistov,2982
2024M08,Maribor,2.28 Romunija,Prenočitve turistov,3419
2024M08,Maribor,2.29 Ruska federacija,Prihodi turistov,116
2024M08,Maribor,2.29 Ruska federacija,Prenočitve turistov,372
2024M08,Maribor,2.30 Slovaška,Prihodi turistov,1000
2024M08,Maribor,2.30 Slovaška,Prenočitve turistov,1273
2024M08,Maribor,2.31 Srbija,Prihodi turistov,815
2024M08,Maribor,2.31 Srbija,Prenočitve turistov,1572
2024M08,Maribor,2.32 Španija,Prihodi turistov,726
2024M08,Maribor,2.32 Španija,Prenočitve turistov,1176
2024M08,Maribor,2.33 Švedska,Prihodi turistov,509
2024M08,Maribor,2.33 Švedska,Prenočitve turistov,691
2024M08,Maribor,2.34 Švica,Prihodi turistov,337
2024M08,Maribor,2.34 Švica,Prenočitve turistov,612
2024M08,Maribor,2.35 Turčija,Prihodi turistov,128
2024M08,Maribor,2.35 Turčija,Prenočitve turistov,281
2024M08,Maribor,2.36 Ukrajina,Prihodi turistov,1363
2024M08,Maribor,2.36 Ukrajina,Prenočitve turistov,1970
2024M08,Maribor,2.37 Združeno kraljestvo,Prihodi turistov,413
2024M08,Maribor,2.37 Združeno kraljestvo,Prenočitve turistov,682
2024M08,Maribor,2.38 Druge evropske države,Prihodi turistov,400
2024M08,Maribor,2.38 Druge evropske države,Prenočitve turistov,482
2024M08,Maribor,2.39 Južna Afrika,Prihodi turistov,4
2024M08,Maribor,2.39 Južna Afrika,Prenočitve turistov,18
2024M08,Maribor,2.40 Druge afriške države,Prihodi turistov,58
2024M08,Maribor,2.40 Druge afriške države,Prenočitve turistov,707
2024M08,Maribor,2.41 Avstralija,Prihodi turistov,121
2024M08,Maribor,2.41 Avstralija,Prenočitve turistov,213
2024M08,Maribor,2.42 Nova Zelandija,Prihodi turistov,18
2024M08,Maribor,2.42 Nova Zelandija,Prenočitve turistov,37
2024M08,Maribor,2.43 Druge države in ozemlja Oceanije,Prihodi turistov,
2024M08,Maribor,2.43 Druge države in ozemlja Oceanije,Prenočitve turistov,
2024M08,Maribor,2.44 Izrael,Prihodi turistov,207
2024M08,Maribor,2.44 Izrael,Prenočitve turistov,639
2024M08,Maribor,2.45 Japonska,Prihodi turistov,34
2024M08,Maribor,2.45 Japonska,Prenočitve turistov,45
2024M08,Maribor,2.46 Kitajska (Ljudska republika),Prihodi turistov,164
2024M08,Maribor,2.46 Kitajska (Ljudska republika),Prenočitve turistov,242
2024M08,Maribor,2.47 Koreja (Republika),Prihodi turistov,169
2024M08,Maribor,2.47 Koreja (Republika),Prenočitve turistov,190
2024M08,Maribor,2.48 Druge azijske države,Prihodi turistov,379
2024M08,Maribor,2.48 Druge azijske države,Prenočitve turistov,1184
2024M08,Maribor,2.49 Brazilija,Prihodi turistov,34
2024M08,Maribor,2.49 Brazilija,Prenočitve turistov,90
2024M08,Maribor,2.50 Druge države Južne in Srednje Amerike,Prihodi turistov,63
2024M08,Maribor,2.50 Druge države Južne in Srednje Amerike,Prenočitve turistov,166
2024M08,Maribor,2.51 Kanada,Prihodi turistov,113
2024M08,Maribor,2.51 Kanada,Prenočitve turistov,258
2024M08,Maribor,2.52 Združene države (ZDA),Prihodi turistov,332
2024M08,Maribor,2.52 Združene države (ZDA),Prenočitve turistov,757
2024M08,Maribor,2.53 Druge države in ozemlja Severne Amerike,Prihodi turistov,
2024M08,Maribor,2.53 Druge države in ozemlja Severne Amerike,Prenočitve turistov,
2024M09,Maribor,0 Država - SKUPAJ,Prihodi turistov,24540
2024M09,Maribor,0 Država - SKUPAJ,Prenočitve turistov,43403
2024M09,Maribor,1 DOMAČI,Prihodi turistov,2725
2024M09,Maribor,1 DOMAČI,Prenočitve turistov,4747
2024M09,Maribor,2 TUJI,Prihodi turistov,21815
2024M09,Maribor,2 TUJI,Prenočitve turistov,38656
2024M09,Maribor,2.1 Avstrija,Prihodi turistov,1934
2024M09,Maribor,2.1 Avstrija,Prenočitve turistov,2558
2024M09,Maribor,2.2 Belgija,Prihodi turistov,259
2024M09,Maribor,2.2 Belgija,Prenočitve turistov,444
2024M09,Maribor,2.3 Bolgarija,Prihodi turistov,227
2024M09,Maribor,2.3 Bolgarija,Prenočitve turistov,504
2024M09,Maribor,2.4 Bosna in Hercegovina,Prihodi turistov,510
2024M09,Maribor,2.4 Bosna in Hercegovina,Prenočitve turistov,1141
2024M09,Maribor,2.5 Ciper,Prihodi turistov,5
2024M09,Maribor,2.5 Ciper,Prenočitve turistov,11
2024M09,Maribor,2.6 Češka republika,Prihodi turistov,1218
2024M09,Maribor,2.6 Češka republika,Prenočitve turistov,1838
2024M09,Maribor,2.7 Črna gora,Prihodi turistov,95
2024M09,Maribor,2.7 Črna gora,Prenočitve turistov,568
2024M09,Maribor,2.8 Danska,Prihodi turistov,36
2024M09,Maribor,2.8 Danska,Prenočitve turistov,64
2024M09,Maribor,2.9 Estonija,Prihodi turistov,52
2024M09,Maribor,2.9 Estonija,Prenočitve turistov,57
2024M09,Maribor,2.10 Finska,Prihodi turistov,56
2024M09,Maribor,2.10 Finska,Prenočitve turistov,108
2024M09,Maribor,2.11 Francija,Prihodi turistov,559
2024M09,Maribor,2.11 Francija,Prenočitve turistov,1090
2024M09,Maribor,2.12 Grčija,Prihodi turistov,105
2024M09,Maribor,2.12 Grčija,Prenočitve turistov,138
2024M09,Maribor,2.13 Hrvaška,Prihodi turistov,771
2024M09,Maribor,2.13 Hrvaška,Prenočitve turistov,1407
2024M09,Maribor,2.14 Irska,Prihodi turistov,39
2024M09,Maribor,2.14 Irska,Prenočitve turistov,65
2024M09,Maribor,2.15 Islandija,Prihodi turistov,2
2024M09,Maribor,2.15 Islandija,Prenočitve turistov,16
2024M09,Maribor,2.16 Italija,Prihodi turistov,654
2024M09,Maribor,2.16 Italija,Prenočitve turistov,1145
2024M09,Maribor,2.17 Latvija,Prihodi turistov,41
2024M09,Maribor,2.17 Latvija,Prenočitve turistov,60
2024M09,Maribor,2.18 Litva,Prihodi turistov,29
2024M09,Maribor,2.18 Litva,Prenočitve turistov,44
2024M09,Maribor,2.19 Luksemburg,Prihodi turistov,16
2024M09,Maribor,2.19 Luksemburg,Prenočitve turistov,21
2024M09,Maribor,2.20 Madžarska,Prihodi turistov,720
2024M09,Maribor,2.20 Madžarska,Prenočitve turistov,1330
2024M09,Maribor,2.21 Makedonija,Prihodi turistov,322
2024M09,Maribor,2.21 Makedonija,Prenočitve turistov,1161
2024M09,Maribor,2.22 Malta,Prihodi turistov,33
2024M09,Maribor,2.22 Malta,Prenočitve turistov,325
2024M09,Maribor,2.23 Nemčija,Prihodi turistov,4597
2024M09,Maribor,2.23 Nemčija,Prenočitve turistov,7444
2024M09,Maribor,2.24 Nizozemska,Prihodi turistov,579
2024M09,Maribor,2.24 Nizozemska,Prenočitve turistov,976
2024M09,Maribor,2.25 Norveška,Prihodi turistov,78
2024M09,Maribor,2.25 Norveška,Prenočitve turistov,115
2024M09,Maribor,2.26 Poljska,Prihodi turistov,2356
2024M09,Maribor,2.26 Poljska,Prenočitve turistov,2889
2024M09,Maribor,2.27 Portugalska,Prihodi turistov,66
2024M09,Maribor,2.27 Portugalska,Prenočitve turistov,440
2024M09,Maribor,2.28 Romunija,Prihodi turistov,1187
2024M09,Maribor,2.28 Romunija,Prenočitve turistov,1647
2024M09,Maribor,2.29 Ruska federacija,Prihodi turistov,117
2024M09,Maribor,2.29 Ruska federacija,Prenočitve turistov,517
2024M09,Maribor,2.30 Slovaška,Prihodi turistov,487
2024M09,Maribor,2.30 Slovaška,Prenočitve turistov,694
2024M09,Maribor,2.31 Srbija,Prihodi turistov,832
2024M09,Maribor,2.31 Srbija,Prenočitve turistov,2032
2024M09,Maribor,2.32 Španija,Prihodi turistov,280
2024M09,Maribor,2.32 Španija,Prenočitve turistov,781
2024M09,Maribor,2.33 Švedska,Prihodi turistov,125
2024M09,Maribor,2.33 Švedska,Prenočitve turistov,195
2024M09,Maribor,2.34 Švica,Prihodi turistov,289
2024M09,Maribor,2.34 Švica,Prenočitve turistov,518
2024M09,Maribor,2.35 Turčija,Prihodi turistov,123
2024M09,Maribor,2.35 Turčija,Prenočitve turistov,319
2024M09,Maribor,2.36 Ukrajina,Prihodi turistov,668
2024M09,Maribor,2.36 Ukrajina,Prenočitve turistov,1229
2024M09,Maribor,2.37 Združeno kraljestvo,Prihodi turistov,303
2024M09,Maribor,2.37 Združeno kraljestvo,Prenočitve turistov,520
2024M09,Maribor,2.38 Druge evropske države,Prihodi turistov,225
2024M09,Maribor,2.38 Druge evropske države,Prenočitve turistov,387
2024M09,Maribor,2.39 Južna Afrika,Prihodi turistov,13
2024M09,Maribor,2.39 Južna Afrika,Prenočitve turistov,31
2024M09,Maribor,2.40 Druge afriške države,Prihodi turistov,37
2024M09,Maribor,2.40 Druge afriške države,Prenočitve turistov,92
2024M09,Maribor,2.41 Avstralija,Prihodi turistov,106
2024M09,Maribor,2.41 Avstralija,Prenočitve turistov,213
2024M09,Maribor,2.42 Nova Zelandija,Prihodi turistov,15
2024M09,Maribor,2.42 Nova Zelandija,Prenočitve turistov,26
2024M09,Maribor,2.43 Druge države in ozemlja Oceanije,Prihodi turistov,1
2024M09,Maribor,2.43 Druge države in ozemlja Oceanije,Prenočitve turistov,1
2024M09,Maribor,2.44 Izrael,Prihodi turistov,73
2024M09,Maribor,2.44 Izrael,Prenočitve turistov,149
2024M09,Maribor,2.45 Japonska,Prihodi turistov,23
2024M09,Maribor,2.45 Japonska,Prenočitve turistov,34
2024M09,Maribor,2.46 Kitajska (Ljudska republika),Prihodi turistov,429
2024M09,Maribor,2.46 Kitajska (Ljudska republika),Prenočitve turistov,538
2024M09,Maribor,2.47 Koreja (Republika),Prihodi turistov,239
2024M09,Maribor,2.47 Koreja (Republika),Prenočitve turistov,269
2024M09,Maribor,2.48 Druge azijske države,Prihodi turistov,347
2024M09,Maribor,2.48 Druge azijske države,Prenočitve turistov,1339
2024M09,Maribor,2.49 Brazilija,Prihodi turistov,20
2024M09,Maribor,2.49 Brazilija,Prenočitve turistov,56
2024M09,Maribor,2.50 Druge države Južne in Srednje Amerike,Prihodi turistov,60
2024M09,Maribor,2.50 Druge države Južne in Srednje Amerike,Prenočitve turistov,171
2024M09,Maribor,2.51 Kanada,Prihodi turistov,140
2024M09,Maribor,2.51 Kanada,Prenočitve turistov,357
2024M09,Maribor,2.52 Združene države (ZDA),Prihodi turistov,316
2024M09,Maribor,2.52 Združene države (ZDA),Prenočitve turistov,580
2024M09,Maribor,2.53 Druge države in ozemlja Severne Amerike,Prihodi turistov,1
2024M09,Maribor,2.53 Druge države in ozemlja Severne Amerike,Prenočitve turistov,2
2024M10,Maribor,0 Država - SKUPAJ,Prihodi turistov,19699
2024M10,Maribor,0 Država - SKUPAJ,Prenočitve turistov,47271
2024M10,Maribor,1 DOMAČI,Prihodi turistov,3560
2024M10,Maribor,1 DOMAČI,Prenočitve turistov,6401
2024M10,Maribor,2 TUJI,Prihodi turistov,16139
2024M10,Maribor,2 TUJI,Prenočitve turistov,40870
2024M10,Maribor,2.1 Avstrija,Prihodi turistov,2204
2024M10,Maribor,2.1 Avstrija,Prenočitve turistov,3209
2024M10,Maribor,2.2 Belgija,Prihodi turistov,75
2024M10,Maribor,2.2 Belgija,Prenočitve turistov,181
2024M10,Maribor,2.3 Bolgarija,Prihodi turistov,150
2024M10,Maribor,2.3 Bolgarija,Prenočitve turistov,402
2024M10,Maribor,2.4 Bosna in Hercegovina,Prihodi turistov,653
2024M10,Maribor,2.4 Bosna in Hercegovina,Prenočitve turistov,1733
2024M10,Maribor,2.5 Ciper,Prihodi turistov,13
2024M10,Maribor,2.5 Ciper,Prenočitve turistov,46
2024M10,Maribor,2.6 Češka republika,Prihodi turistov,586
2024M10,Maribor,2.6 Češka republika,Prenočitve turistov,1995
2024M10,Maribor,2.7 Črna gora,Prihodi turistov,96
2024M10,Maribor,2.7 Črna gora,Prenočitve turistov,873
2024M10,Maribor,2.8 Danska,Prihodi turistov,41
2024M10,Maribor,2.8 Danska,Prenočitve turistov,68
2024M10,Maribor,2.9 Estonija,Prihodi turistov,93
2024M10,Maribor,2.9 Estonija,Prenočitve turistov,173
2024M10,Maribor,2.10 Finska,Prihodi turistov,64
2024M10,Maribor,2.10 Finska,Prenočitve turistov,249
2024M10,Maribor,2.11 Francija,Prihodi turistov,353
2024M10,Maribor,2.11 Francija,Prenočitve turistov,1063
2024M10,Maribor,2.12 Grčija,Prihodi turistov,76
2024M10,Maribor,2.12 Grčija,Prenočitve turistov,253
2024M10,Maribor,2.13 Hrvaška,Prihodi turistov,1151
2024M10,Maribor,2.13 Hrvaška,Prenočitve turistov,2289
2024M10,Maribor,2.14 Irska,Prihodi turistov,21
2024M10,Maribor,2.14 Irska,Prenočitve turistov,55
2024M10,Maribor,2.15 Islandija,Prihodi turistov,1
2024M10,Maribor,2.15 Islandija,Prenočitve turistov,1
2024M10,Maribor,2.16 Italija,Prihodi turistov,672
2024M10,Maribor,2.16 Italija,Prenočitve turistov,1433
2024M10,Maribor,2.17 Latvija,Prihodi turistov,79
2024M10,Maribor,2.17 Latvija,Prenočitve turistov,180
2024M10,Maribor,2.18 Litva,Prihodi turistov,66
2024M10,Maribor,2.18 Litva,Prenočitve turistov,191
2024M10,Maribor,2.19 Luksemburg,Prihodi turistov,9
2024M10,Maribor,2.19 Luksemburg,Prenočitve turistov,22
2024M10,Maribor,2.20 Madžarska,Prihodi turistov,948
2024M10,Maribor,2.20 Madžarska,Prenočitve turistov,1917
2024M10,Maribor,2.21 Makedonija,Prihodi turistov,177
2024M10,Maribor,2.21 Makedonija,Prenočitve turistov,2148
2024M10,Maribor,2.22 Malta,Prihodi turistov,16
2024M10,Maribor,2.22 Malta,Prenočitve turistov,64
2024M10,Maribor,2.23 Nemčija,Prihodi turistov,2957
2024M10,Maribor,2.23 Nemčija,Prenočitve turistov,5017
2024M10,Maribor,2.24 Nizozemska,Prihodi turistov,224
2024M10,Maribor,2.24 Nizozemska,Prenočitve turistov,504
2024M10,Maribor,2.25 Norveška,Prihodi turistov,31
2024M10,Maribor,2.25 Norveška,Prenočitve turistov,57
2024M10,Maribor,2.26 Poljska,Prihodi turistov,479
2024M10,Maribor,2.26 Poljska,Prenočitve turistov,1499
2024M10,Maribor,2.27 Portugalska,Prihodi turistov,61
2024M10,Maribor,2.27 Portugalska,Prenočitve turistov,606
2024M10,Maribor,2.28 Romunija,Prihodi turistov,608
2024M10,Maribor,2.28 Romunija,Prenočitve turistov,1137
2024M10,Maribor,2.29 Ruska federacija,Prihodi turistov,135
2024M10,Maribor,2.29 Ruska federacija,Prenočitve turistov,645
2024M10,Maribor,2.30 Slovaška,Prihodi turistov,287
2024M10,Maribor,2.30 Slovaška,Prenočitve turistov,681
2024M10,Maribor,2.31 Srbija,Prihodi turistov,747
2024M10,Maribor,2.31 Srbija,Prenočitve turistov,2814
2024M10,Maribor,2.32 Španija,Prihodi turistov,168
2024M10,Maribor,2.32 Španija,Prenočitve turistov,822
2024M10,Maribor,2.33 Švedska,Prihodi turistov,97
2024M10,Maribor,2.33 Švedska,Prenočitve turistov,253
2024M10,Maribor,2.34 Švica,Prihodi turistov,229
2024M10,Maribor,2.34 Švica,Prenočitve turistov,403
2024M10,Maribor,2.35 Turčija,Prihodi turistov,75
2024M10,Maribor,2.35 Turčija,Prenočitve turistov,858
2024M10,Maribor,2.36 Ukrajina,Prihodi turistov,334
2024M10,Maribor,2.36 Ukrajina,Prenočitve turistov,1088
2024M10,Maribor,2.37 Združeno kraljestvo,Prihodi turistov,125
2024M10,Maribor,2.37 Združeno kraljestvo,Prenočitve turistov,323
2024M10,Maribor,2.38 Druge evropske države,Prihodi turistov,183
2024M10,Maribor,2.38 Druge evropske države,Prenočitve turistov,394
2024M10,Maribor,2.39 Južna Afrika,Prihodi turistov,6
2024M10,Maribor,2.39 Južna Afrika,Prenočitve turistov,21
2024M10,Maribor,2.40 Druge afriške države,Prihodi turistov,27
2024M10,Maribor,2.40 Druge afriške države,Prenočitve turistov,254
2024M10,Maribor,2.41 Avstralija,Prihodi turistov,42
2024M10,Maribor,2.41 Avstralija,Prenočitve turistov,83
2024M10,Maribor,2.42 Nova Zelandija,Prihodi turistov,9
2024M10,Maribor,2.42 Nova Zelandija,Prenočitve turistov,17
2024M10,Maribor,2.43 Druge države in ozemlja Oceanije,Prihodi turistov,
2024M10,Maribor,2.43 Druge države in ozemlja Oceanije,Prenočitve turistov,
2024M10,Maribor,2.44 Izrael,Prihodi turistov,96
2024M10,Maribor,2.44 Izrael,Prenočitve turistov,259
2024M10,Maribor,2.45 Japonska,Prihodi turistov,35
2024M10,Maribor,2.45 Japonska,Prenočitve turistov,94
2024M10,Maribor,2.46 Kitajska (Ljudska republika),Prihodi turistov,375
2024M10,Maribor,2.46 Kitajska (Ljudska republika),Prenočitve turistov,979
2024M10,Maribor,2.47 Koreja (Republika),Prihodi turistov,371
2024M10,Maribor,2.47 Koreja (Republika),Prenočitve turistov,382
2024M10,Maribor,2.48 Druge azijske države,Prihodi turistov,535
2024M10,Maribor,2.48 Druge azijske države,Prenočitve turistov,2189
2024M10,Maribor,2.49 Brazilija,Prihodi turistov,55
2024M10,Maribor,2.49 Brazilija,Prenočitve turistov,150
2024M10,Maribor,2.50 Druge države Južne in Srednje Amerike,Prihodi turistov,77
2024M10,Maribor,2.50 Druge države Južne in Srednje Amerike,Prenočitve turistov,252
2024M10,Maribor,2.51 Kanada,Prihodi turistov,71
2024M10,Maribor,2.51 Kanada,Prenočitve turistov,187
2024M10,Maribor,2.52 Združene države (ZDA),Prihodi turistov,156
2024M10,Maribor,2.52 Združene države (ZDA),Prenočitve turistov,357
2024M10,Maribor,2.53 Druge države in ozemlja Severne Amerike,Prihodi turistov,
2024M10,Maribor,2.53 Druge države in ozemlja Severne Amerike,Prenočitve turistov,
2024M11,Maribor,0 Država - SKUPAJ,Prihodi turistov,13049
2024M11,Maribor,0 Država - SKUPAJ,Prenočitve turistov,34098
2024M11,Maribor,1 DOMAČI,Prihodi turistov,3208
2024M11,Maribor,1 DOMAČI,Prenočitve turistov,5261
2024M11,Maribor,2 TUJI,Prihodi turistov,9841
2024M11,Maribor,2 TUJI,Prenočitve turistov,28837
2024M11,Maribor,2.1 Avstrija,Prihodi turistov,1357
2024M11,Maribor,2.1 Avstrija,Prenočitve turistov,1916
2024M11,Maribor,2.2 Belgija,Prihodi turistov,29
2024M11,Maribor,2.2 Belgija,Prenočitve turistov,98
2024M11,Maribor,2.3 Bolgarija,Prihodi turistov,65
2024M11,Maribor,2.3 Bolgarija,Prenočitve turistov,171
2024M11,Maribor,2.4 Bosna in Hercegovina,Prihodi turistov,629
2024M11,Maribor,2.4 Bosna in Hercegovina,Prenočitve turistov,1523
2024M11,Maribor,2.5 Ciper,Prihodi turistov,11
2024M11,Maribor,2.5 Ciper,Prenočitve turistov,33
2024M11,Maribor,2.6 Češka republika,Prihodi turistov,265
2024M11,Maribor,2.6 Češka republika,Prenočitve turistov,1079
2024M11,Maribor,2.7 Črna gora,Prihodi turistov,118
2024M11,Maribor,2.7 Črna gora,Prenočitve turistov,708
2024M11,Maribor,2.8 Danska,Prihodi turistov,16
2024M11,Maribor,2.8 Danska,Prenočitve turistov,23
2024M11,Maribor,2.9 Estonija,Prihodi turistov,7
2024M11,Maribor,2.9 Estonija,Prenočitve turistov,8
2024M11,Maribor,2.10 Finska,Prihodi turistov,29
2024M11,Maribor,2.10 Finska,Prenočitve turistov,124
2024M11,Maribor,2.11 Francija,Prihodi turistov,115
2024M11,Maribor,2.11 Francija,Prenočitve turistov,394
2024M11,Maribor,2.12 Grčija,Prihodi turistov,45
2024M11,Maribor,2.12 Grčija,Prenočitve turistov,160
2024M11,Maribor,2.13 Hrvaška,Prihodi turistov,1480
2024M11,Maribor,2.13 Hrvaška,Prenočitve turistov,2894
2024M11,Maribor,2.14 Irska,Prihodi turistov,19
2024M11,Maribor,2.14 Irska,Prenočitve turistov,35
2024M11,Maribor,2.15 Islandija,Prihodi turistov,1
2024M11,Maribor,2.15 Islandija,Prenočitve turistov,1
2024M11,Maribor,2.16 Italija,Prihodi turistov,670
2024M11,Maribor,2.16 Italija,Prenočitve turistov,1588
2024M11,Maribor,2.17 Latvija,Prihodi turistov,17
2024M11,Maribor,2.17 Latvija,Prenočitve turistov,49
2024M11,Maribor,2.18 Litva,Prihodi turistov,21
2024M11,Maribor,2.18 Litva,Prenočitve turistov,100
2024M11,Maribor,2.19 Luksemburg,Prihodi turistov,7
2024M11,Maribor,2.19 Luksemburg,Prenočitve turistov,13
2024M11,Maribor,2.20 Madžarska,Prihodi turistov,570
2024M11,Maribor,2.20 Madžarska,Prenočitve turistov,1670
2024M11,Maribor,2.21 Makedonija,Prihodi turistov,106
2024M11,Maribor,2.21 Makedonija,Prenočitve turistov,1830
2024M11,Maribor,2.22 Malta,Prihodi turistov,7
2024M11,Maribor,2.22 Malta,Prenočitve turistov,46
2024M11,Maribor,2.23 Nemčija,Prihodi turistov,809
2024M11,Maribor,2.23 Nemčija,Prenočitve turistov,1946
2024M11,Maribor,2.24 Nizozemska,Prihodi turistov,97
2024M11,Maribor,2.24 Nizozemska,Prenočitve turistov,241
2024M11,Maribor,2.25 Norveška,Prihodi turistov,25
2024M11,Maribor,2.25 Norveška,Prenočitve turistov,34
2024M11,Maribor,2.26 Poljska,Prihodi turistov,210
2024M11,Maribor,2.26 Poljska,Prenočitve turistov,943
2024M11,Maribor,2.27 Portugalska,Prihodi turistov,47
2024M11,Maribor,2.27 Portugalska,Prenočitve turistov,523
2024M11,Maribor,2.28 Romunija,Prihodi turistov,265
2024M11,Maribor,2.28 Romunija,Prenočitve turistov,636
2024M11,Maribor,2.29 Ruska federacija,Prihodi turistov,70
2024M11,Maribor,2.29 Ruska federacija,Prenočitve turistov,305
2024M11,Maribor,2.30 Slovaška,Prihodi turistov,144
2024M11,Maribor,2.30 Slovaška,Prenočitve turistov,403
2024M11,Maribor,2.31 Srbija,Prihodi turistov,895
2024M11,Maribor,2.31 Srbija,Prenočitve turistov,2638
2024M11,Maribor,2.32 Španija,Prihodi turistov,154
2024M11,Maribor,2.32 Španija,Prenočitve turistov,738
2024M11,Maribor,2.33 Švedska,Prihodi turistov,39
2024M11,Maribor,2.33 Švedska,Prenočitve turistov,188
2024M11,Maribor,2.34 Švica,Prihodi turistov,97
2024M11,Maribor,2.34 Švica,Prenočitve turistov,184
2024M11,Maribor,2.35 Turčija,Prihodi turistov,61
2024M11,Maribor,2.35 Turčija,Prenočitve turistov,878
2024M11,Maribor,2.36 Ukrajina,Prihodi turistov,278
2024M11,Maribor,2.36 Ukrajina,Prenočitve turistov,832
2024M11,Maribor,2.37 Združeno kraljestvo,Prihodi turistov,87
2024M11,Maribor,2.37 Združeno kraljestvo,Prenočitve turistov,190
2024M11,Maribor,2.38 Druge evropske države,Prihodi turistov,139
2024M11,Maribor,2.38 Druge evropske države,Prenočitve turistov,306
2024M11,Maribor,2.39 Južna Afrika,Prihodi turistov,2
2024M11,Maribor,2.39 Južna Afrika,Prenočitve turistov,2
2024M11,Maribor,2.40 Druge afriške države,Prihodi turistov,21
2024M11,Maribor,2.40 Druge afriške države,Prenočitve turistov,178
2024M11,Maribor,2.41 Avstralija,Prihodi turistov,17
2024M11,Maribor,2.41 Avstralija,Prenočitve turistov,46
2024M11,Maribor,2.42 Nova Zelandija,Prihodi turistov,3
2024M11,Maribor,2.42 Nova Zelandija,Prenočitve turistov,3
2024M11,Maribor,2.43 Druge države in ozemlja Oceanije,Prihodi turistov,2
2024M11,Maribor,2.43 Druge države in ozemlja Oceanije,Prenočitve turistov,2
2024M11,Maribor,2.44 Izrael,Prihodi turistov,28
2024M11,Maribor,2.44 Izrael,Prenočitve turistov,93
2024M11,Maribor,2.45 Japonska,Prihodi turistov,24
2024M11,Maribor,2.45 Japonska,Prenočitve turistov,83
2024M11,Maribor,2.46 Kitajska (Ljudska republika),Prihodi turistov,166
2024M11,Maribor,2.46 Kitajska (Ljudska republika),Prenočitve turistov,721
2024M11,Maribor,2.47 Koreja (Republika),Prihodi turistov,116
2024M11,Maribor,2.47 Koreja (Republika),Prenočitve turistov,151
2024M11,Maribor,2.48 Druge azijske države,Prihodi turistov,200
2024M11,Maribor,2.48 Druge azijske države,Prenočitve turistov,1448
2024M11,Maribor,2.49 Brazilija,Prihodi turistov,13
2024M11,Maribor,2.49 Brazilija,Prenočitve turistov,29
2024M11,Maribor,2.50 Druge države Južne in Srednje Amerike,Prihodi turistov,78
2024M11,Maribor,2.50 Druge države Južne in Srednje Amerike,Prenočitve turistov,252
2024M11,Maribor,2.51 Kanada,Prihodi turistov,41
2024M11,Maribor,2.51 Kanada,Prenočitve turistov,104
2024M11,Maribor,2.52 Združene države (ZDA),Prihodi turistov,129
2024M11,Maribor,2.52 Združene države (ZDA),Prenočitve turistov,277
2024M11,Maribor,2.53 Druge države in ozemlja Severne Amerike,Prihodi turistov,
2024M11,Maribor,2.53 Druge države in ozemlja Severne Amerike,Prenočitve turistov,
2024M12,Maribor,0 Država - SKUPAJ,Prihodi turistov,15351
2024M12,Maribor,0 Država - SKUPAJ,Prenočitve turistov,36443
2024M12,Maribor,1 DOMAČI,Prihodi turistov,3757
2024M12,Maribor,1 DOMAČI,Prenočitve turistov,5950
2024M12,Maribor,2 TUJI,Prihodi turistov,11594
2024M12,Maribor,2 TUJI,Prenočitve turistov,30493
2024M12,Maribor,2.1 Avstrija,Prihodi turistov,1728
2024M12,Maribor,2.1 Avstrija,Prenočitve turistov,2578
2024M12,Maribor,2.2 Belgija,Prihodi turistov,50
2024M12,Maribor,2.2 Belgija,Prenočitve turistov,91
2024M12,Maribor,2.3 Bolgarija,Prihodi turistov,155
2024M12,Maribor,2.3 Bolgarija,Prenočitve turistov,313
2024M12,Maribor,2.4 Bosna in Hercegovina,Prihodi turistov,658
2024M12,Maribor,2.4 Bosna in Hercegovina,Prenočitve turistov,1483
2024M12,Maribor,2.5 Ciper,Prihodi turistov,
2024M12,Maribor,2.5 Ciper,Prenočitve turistov,
2024M12,Maribor,2.6 Češka republika,Prihodi turistov,214
2024M12,Maribor,2.6 Češka republika,Prenočitve turistov,684
2024M12,Maribor,2.7 Črna gora,Prihodi turistov,97
2024M12,Maribor,2.7 Črna gora,Prenočitve turistov,550
2024M12,Maribor,2.8 Danska,Prihodi turistov,19
2024M12,Maribor,2.8 Danska,Prenočitve turistov,32
2024M12,Maribor,2.9 Estonija,Prihodi turistov,5
2024M12,Maribor,2.9 Estonija,Prenočitve turistov,5
2024M12,Maribor,2.10 Finska,Prihodi turistov,9
2024M12,Maribor,2.10 Finska,Prenočitve turistov,82
2024M12,Maribor,2.11 Francija,Prihodi turistov,118
2024M12,Maribor,2.11 Francija,Prenočitve turistov,415
2024M12,Maribor,2.12 Grčija,Prihodi turistov,171
2024M12,Maribor,2.12 Grčija,Prenočitve turistov,306
2024M12,Maribor,2.13 Hrvaška,Prihodi turistov,2086
2024M12,Maribor,2.13 Hrvaška,Prenočitve turistov,3854
2024M12,Maribor,2.14 Irska,Prihodi turistov,17
2024M12,Maribor,2.14 Irska,Prenočitve turistov,47
2024M12,Maribor,2.15 Islandija,Prihodi turistov,3
2024M12,Maribor,2.15 Islandija,Prenočitve turistov,5
2024M12,Maribor,2.16 Italija,Prihodi turistov,895
2024M12,Maribor,2.16 Italija,Prenočitve turistov,1834
2024M12,Maribor,2.17 Latvija,Prihodi turistov,20
2024M12,Maribor,2.17 Latvija,Prenočitve turistov,45
2024M12,Maribor,2.18 Litva,Prihodi turistov,11
2024M12,Maribor,2.18 Litva,Prenočitve turistov,18
2024M12,Maribor,2.19 Luksemburg,Prihodi turistov,5
2024M12,Maribor,2.19 Luksemburg,Prenočitve turistov,7
2024M12,Maribor,2.20 Madžarska,Prihodi turistov,755
2024M12,Maribor,2.20 Madžarska,Prenočitve turistov,1941
2024M12,Maribor,2.21 Makedonija,Prihodi turistov,201
2024M12,Maribor,2.21 Makedonija,Prenočitve turistov,1920
2024M12,Maribor,2.22 Malta,Prihodi turistov,12
2024M12,Maribor,2.22 Malta,Prenočitve turistov,22
2024M12,Maribor,2.23 Nemčija,Prihodi turistov,759
2024M12,Maribor,2.23 Nemčija,Prenočitve turistov,1690
2024M12,Maribor,2.24 Nizozemska,Prihodi turistov,126
2024M12,Maribor,2.24 Nizozemska,Prenočitve turistov,249
2024M12,Maribor,2.25 Norveška,Prihodi turistov,12
2024M12,Maribor,2.25 Norveška,Prenočitve turistov,23
2024M12,Maribor,2.26 Poljska,Prihodi turistov,217
2024M12,Maribor,2.26 Poljska,Prenočitve turistov,932
2024M12,Maribor,2.27 Portugalska,Prihodi turistov,21
2024M12,Maribor,2.27 Portugalska,Prenočitve turistov,443
2024M12,Maribor,2.28 Romunija,Prihodi turistov,629
2024M12,Maribor,2.28 Romunija,Prenočitve turistov,1197
2024M12,Maribor,2.29 Ruska federacija,Prihodi turistov,71
2024M12,Maribor,2.29 Ruska federacija,Prenočitve turistov,238
2024M12,Maribor,2.30 Slovaška,Prihodi turistov,251
2024M12,Maribor,2.30 Slovaška,Prenočitve turistov,541
2024M12,Maribor,2.31 Srbija,Prihodi turistov,808
2024M12,Maribor,2.31 Srbija,Prenočitve turistov,2828
2024M12,Maribor,2.32 Španija,Prihodi turistov,127
2024M12,Maribor,2.32 Španija,Prenočitve turistov,497
2024M12,Maribor,2.33 Švedska,Prihodi turistov,31
2024M12,Maribor,2.33 Švedska,Prenočitve turistov,53
2024M12,Maribor,2.34 Švica,Prihodi turistov,97
2024M12,Maribor,2.34 Švica,Prenočitve turistov,195
2024M12,Maribor,2.35 Turčija,Prihodi turistov,60
2024M12,Maribor,2.35 Turčija,Prenočitve turistov,845
2024M12,Maribor,2.36 Ukrajina,Prihodi turistov,361
2024M12,Maribor,2.36 Ukrajina,Prenočitve turistov,1082
2024M12,Maribor,2.37 Združeno kraljestvo,Prihodi turistov,84
2024M12,Maribor,2.37 Združeno kraljestvo,Prenočitve turistov,193
2024M12,Maribor,2.38 Druge evropske države,Prihodi turistov,154
2024M12,Maribor,2.38 Druge evropske države,Prenočitve turistov,311
2024M12,Maribor,2.39 Južna Afrika,Prihodi turistov,9
2024M12,Maribor,2.39 Južna Afrika,Prenočitve turistov,21
2024M12,Maribor,2.40 Druge afriške države,Prihodi turistov,31
2024M12,Maribor,2.40 Druge afriške države,Prenočitve turistov,219
2024M12,Maribor,2.41 Avstralija,Prihodi turistov,39
2024M12,Maribor,2.41 Avstralija,Prenočitve turistov,83
2024M12,Maribor,2.42 Nova Zelandija,Prihodi turistov,2
2024M12,Maribor,2.42 Nova Zelandija,Prenočitve turistov,2
2024M12,Maribor,2.43 Druge države in ozemlja Oceanije,Prihodi turistov,1
2024M12,Maribor,2.43 Druge države in ozemlja Oceanije,Prenočitve turistov,4
2024M12,Maribor,2.44 Izrael,Prihodi turistov,26
2024M12,Maribor,2.44 Izrael,Prenočitve turistov,155
2024M12,Maribor,2.45 Japonska,Prihodi turistov,20
2024M12,Maribor,2.45 Japonska,Prenočitve turistov,44
2024M12,Maribor,2.46 Kitajska (Ljudska republika),Prihodi turistov,46
2024M12,Maribor,2.46 Kitajska (Ljudska republika),Prenočitve turistov,650
2024M12,Maribor,2.47 Koreja (Republika),Prihodi turistov,51
2024M12,Maribor,2.47 Koreja (Republika),Prenočitve turistov,267
2024M12,Maribor,2.48 Druge azijske države,Prihodi turistov,152
2024M12,Maribor,2.48 Druge azijske države,Prenočitve turistov,1072
2024M12,Maribor,2.49 Brazilija,Prihodi turistov,11
2024M12,Maribor,2.49 Brazilija,Prenočitve turistov,24
2024M12,Maribor,2.50 Druge države Južne in Srednje Amerike,Prihodi turistov,45
2024M12,Maribor,2.50 Druge države Južne in Srednje Amerike,Prenočitve turistov,133
2024M12,Maribor,2.51 Kanada,Prihodi turistov,21
2024M12,Maribor,2.51 Kanada,Prenočitve turistov,31
2024M12,Maribor,2.52 Združene države (ZDA),Prihodi turistov,103
2024M12,Maribor,2.52 Združene države (ZDA),Prenočitve turistov,239
2024M12,Maribor,2.53 Druge države in ozemlja Severne Amerike,Prihodi turistov,
2024M12,Maribor,2.53 Druge države in ozemlja Severne Amerike,Prenočitve turistov,
2025M01,Maribor,0 Država - SKUPAJ,Prihodi turistov,12806
2025M01,Maribor,0 Država - SKUPAJ,Prenočitve turistov,34938
2025M01,Maribor,1 DOMAČI,Prihodi turistov,1942
2025M01,Maribor,1 DOMAČI,Prenočitve turistov,3961
2025M01,Maribor,2 TUJI,Prihodi turistov,10864
2025M01,Maribor,2 TUJI,Prenočitve turistov,30977
2025M01,Maribor,2.1 Avstrija,Prihodi turistov,793
2025M01,Maribor,2.1 Avstrija,Prenočitve turistov,1344
2025M01,Maribor,2.2 Belgija,Prihodi turistov,32
2025M01,Maribor,2.2 Belgija,Prenočitve turistov,42
2025M01,Maribor,2.3 Bolgarija,Prihodi turistov,128
2025M01,Maribor,2.3 Bolgarija,Prenočitve turistov,288
2025M01,Maribor,2.4 Bosna in Hercegovina,Prihodi turistov,695
2025M01,Maribor,2.4 Bosna in Hercegovina,Prenočitve turistov,1551
2025M01,Maribor,2.5 Ciper,Prihodi turistov,22
2025M01,Maribor,2.5 Ciper,Prenočitve turistov,128
2025M01,Maribor,2.6 Češka republika,Prihodi turistov,187
2025M01,Maribor,2.6 Češka republika,Prenočitve turistov,748
2025M01,Maribor,2.7 Črna gora,Prihodi turistov,119
2025M01,Maribor,2.7 Črna gora,Prenočitve turistov,494
2025M01,Maribor,2.8 Danska,Prihodi turistov,14
2025M01,Maribor,2.8 Danska,Prenočitve turistov,47
2025M01,Maribor,2.9 Estonija,Prihodi turistov,3
2025M01,Maribor,2.9 Estonija,Prenočitve turistov,7
2025M01,Maribor,2.10 Finska,Prihodi turistov,18
2025M01,Maribor,2.10 Finska,Prenočitve turistov,128
2025M01,Maribor,2.11 Francija,Prihodi turistov,114
2025M01,Maribor,2.11 Francija,Prenočitve turistov,496
2025M01,Maribor,2.12 Grčija,Prihodi turistov,53
2025M01,Maribor,2.12 Grčija,Prenočitve turistov,151
2025M01,Maribor,2.13 Hrvaška,Prihodi turistov,2741
2025M01,Maribor,2.13 Hrvaška,Prenočitve turistov,6481
2025M01,Maribor,2.14 Irska,Prihodi turistov,14
2025M01,Maribor,2.14 Irska,Prenočitve turistov,42
2025M01,Maribor,2.15 Islandija,Prihodi turistov,3
2025M01,Maribor,2.15 Islandija,Prenočitve turistov,7
2025M01,Maribor,2.16 Italija,Prihodi turistov,680
2025M01,Maribor,2.16 Italija,Prenočitve turistov,1635
2025M01,Maribor,2.17 Latvija,Prihodi turistov,9
2025M01,Maribor,2.17 Latvija,Prenočitve turistov,24
2025M01,Maribor,2.18 Litva,Prihodi turistov,16
2025M01,Maribor,2.18 Litva,Prenočitve turistov,21
2025M01,Maribor,2.19 Luksemburg,Prihodi turistov,4
2025M01,Maribor,2.19 Luksemburg,Prenočitve turistov,5
2025M01,Maribor,2.20 Madžarska,Prihodi turistov,841
2025M01,Maribor,2.20 Madžarska,Prenočitve turistov,2230
2025M01,Maribor,2.21 Makedonija,Prihodi turistov,234
2025M01,Maribor,2.21 Makedonija,Prenočitve turistov,1567
2025M01,Maribor,2.22 Malta,Prihodi turistov,5
2025M01,Maribor,2.22 Malta,Prenočitve turistov,21
2025M01,Maribor,2.23 Nemčija,Prihodi turistov,705
2025M01,Maribor,2.23 Nemčija,Prenočitve turistov,1570
2025M01,Maribor,2.24 Nizozemska,Prihodi turistov,97
2025M01,Maribor,2.24 Nizozemska,Prenočitve turistov,245
2025M01,Maribor,2.25 Norveška,Prihodi turistov,3
2025M01,Maribor,2.25 Norveška,Prenočitve turistov,28
2025M01,Maribor,2.26 Poljska,Prihodi turistov,157
2025M01,Maribor,2.26 Poljska,Prenočitve turistov,696
2025M01,Maribor,2.27 Portugalska,Prihodi turistov,20
2025M01,Maribor,2.27 Portugalska,Prenočitve turistov,478
2025M01,Maribor,2.28 Romunija,Prihodi turistov,797
2025M01,Maribor,2.28 Romunija,Prenočitve turistov,1206
2025M01,Maribor,2.29 Ruska federacija,Prihodi turistov,62
2025M01,Maribor,2.29 Ruska federacija,Prenočitve turistov,194
2025M01,Maribor,2.30 Slovaška,Prihodi turistov,153
2025M01,Maribor,2.30 Slovaška,Prenočitve turistov,558
2025M01,Maribor,2.31 Srbija,Prihodi turistov,841
2025M01,Maribor,2.31 Srbija,Prenočitve turistov,2978
2025M01,Maribor,2.32 Španija,Prihodi turistov,117
2025M01,Maribor,2.32 Španija,Prenočitve turistov,442
2025M01,Maribor,2.33 Švedska,Prihodi turistov,31
2025M01,Maribor,2.33 Švedska,Prenočitve turistov,52
2025M01,Maribor,2.34 Švica,Prihodi turistov,56
2025M01,Maribor,2.34 Švica,Prenočitve turistov,124
2025M01,Maribor,2.35 Turčija,Prihodi turistov,25
2025M01,Maribor,2.35 Turčija,Prenočitve turistov,763
2025M01,Maribor,2.36 Ukrajina,Prihodi turistov,280
2025M01,Maribor,2.36 Ukrajina,Prenočitve turistov,788
2025M01,Maribor,2.37 Združeno kraljestvo,Prihodi turistov,59
2025M01,Maribor,2.37 Združeno kraljestvo,Prenočitve turistov,131
2025M01,Maribor,2.38 Druge evropske države,Prihodi turistov,172
2025M01,Maribor,2.38 Druge evropske države,Prenočitve turistov,377
2025M01,Maribor,2.39 Južna Afrika,Prihodi turistov,5
2025M01,Maribor,2.39 Južna Afrika,Prenočitve turistov,22
2025M01,Maribor,2.40 Druge afriške države,Prihodi turistov,25
2025M01,Maribor,2.40 Druge afriške države,Prenočitve turistov,204
2025M01,Maribor,2.41 Avstralija,Prihodi turistov,36
2025M01,Maribor,2.41 Avstralija,Prenočitve turistov,92
2025M01,Maribor,2.42 Nova Zelandija,Prihodi turistov,11
2025M01,Maribor,2.42 Nova Zelandija,Prenočitve turistov,22
2025M01,Maribor,2.43 Druge države in ozemlja Oceanije,Prihodi turistov,1
2025M01,Maribor,2.43 Druge države in ozemlja Oceanije,Prenočitve turistov,1
2025M01,Maribor,2.44 Izrael,Prihodi turistov,37
2025M01,Maribor,2.44 Izrael,Prenočitve turistov,186
2025M01,Maribor,2.45 Japonska,Prihodi turistov,11
2025M01,Maribor,2.45 Japonska,Prenočitve turistov,13
2025M01,Maribor,2.46 Kitajska (Ljudska republika),Prihodi turistov,51
2025M01,Maribor,2.46 Kitajska (Ljudska republika),Prenočitve turistov,632
2025M01,Maribor,2.47 Koreja (Republika),Prihodi turistov,134
2025M01,Maribor,2.47 Koreja (Republika),Prenočitve turistov,252
2025M01,Maribor,2.48 Druge azijske države,Prihodi turistov,118
2025M01,Maribor,2.48 Druge azijske države,Prenočitve turistov,1104
2025M01,Maribor,2.49 Brazilija,Prihodi turistov,9
2025M01,Maribor,2.49 Brazilija,Prenočitve turistov,49
2025M01,Maribor,2.50 Druge države Južne in Srednje Amerike,Prihodi turistov,48
2025M01,Maribor,2.50 Druge države Južne in Srednje Amerike,Prenočitve turistov,130
2025M01,Maribor,2.51 Kanada,Prihodi turistov,17
2025M01,Maribor,2.51 Kanada,Prenočitve turistov,46
2025M01,Maribor,2.52 Združene države (ZDA),Prihodi turistov,61
2025M01,Maribor,2.52 Združene države (ZDA),Prenočitve turistov,137
2025M01,Maribor,2.53 Druge države in ozemlja Severne Amerike,Prihodi turistov,
2025M01,Maribor,2.53 Druge države in ozemlja Severne Amerike,Prenočitve turistov,
2025M02,Maribor,0 Država - SKUPAJ,Prihodi turistov,12582
2025M02,Maribor,0 Država - SKUPAJ,Prenočitve turistov,34270
2025M02,Maribor,1 DOMAČI,Prihodi turistov,2135
2025M02,Maribor,1 DOMAČI,Prenočitve turistov,3909
2025M02,Maribor,2 TUJI,Prihodi turistov,10447
2025M02,Maribor,2 TUJI,Prenočitve turistov,30361
2025M02,Maribor,2.1 Avstrija,Prihodi turistov,826
2025M02,Maribor,2.1 Avstrija,Prenočitve turistov,1544
2025M02,Maribor,2.2 Belgija,Prihodi turistov,55
2025M02,Maribor,2.2 Belgija,Prenočitve turistov,90
2025M02,Maribor,2.3 Bolgarija,Prihodi turistov,93
2025M02,Maribor,2.3 Bolgarija,Prenočitve turistov,180
2025M02,Maribor,2.4 Bosna in Hercegovina,Prihodi turistov,486
2025M02,Maribor,2.4 Bosna in Hercegovina,Prenočitve turistov,945
2025M02,Maribor,2.5 Ciper,Prihodi turistov,10
2025M02,Maribor,2.5 Ciper,Prenočitve turistov,16
2025M02,Maribor,2.6 Češka republika,Prihodi turistov,212
2025M02,Maribor,2.6 Češka republika,Prenočitve turistov,845
2025M02,Maribor,2.7 Črna gora,Prihodi turistov,122
2025M02,Maribor,2.7 Črna gora,Prenočitve turistov,404
2025M02,Maribor,2.8 Danska,Prihodi turistov,22
2025M02,Maribor,2.8 Danska,Prenočitve turistov,28
2025M02,Maribor,2.9 Estonija,Prihodi turistov,1
2025M02,Maribor,2.9 Estonija,Prenočitve turistov,1
2025M02,Maribor,2.10 Finska,Prihodi turistov,23
2025M02,Maribor,2.10 Finska,Prenočitve turistov,157
2025M02,Maribor,2.11 Francija,Prihodi turistov,141
2025M02,Maribor,2.11 Francija,Prenočitve turistov,884
2025M02,Maribor,2.12 Grčija,Prihodi turistov,44
2025M02,Maribor,2.12 Grčija,Prenočitve turistov,174
2025M02,Maribor,2.13 Hrvaška,Prihodi turistov,2753
2025M02,Maribor,2.13 Hrvaška,Prenočitve turistov,6319
2025M02,Maribor,2.14 Irska,Prihodi turistov,16
2025M02,Maribor,2.14 Irska,Prenočitve turistov,31
2025M02,Maribor,2.15 Islandija,Prihodi turistov,0
2025M02,Maribor,2.15 Islandija,Prenočitve turistov,4
2025M02,Maribor,2.16 Italija,Prihodi turistov,408
2025M02,Maribor,2.16 Italija,Prenočitve turistov,2371
2025M02,Maribor,2.17 Latvija,Prihodi turistov,11
2025M02,Maribor,2.17 Latvija,Prenočitve turistov,23
2025M02,Maribor,2.18 Litva,Prihodi turistov,23
2025M02,Maribor,2.18 Litva,Prenočitve turistov,34
2025M02,Maribor,2.19 Luksemburg,Prihodi turistov,7
2025M02,Maribor,2.19 Luksemburg,Prenočitve turistov,7
2025M02,Maribor,2.20 Madžarska,Prihodi turistov,840
2025M02,Maribor,2.20 Madžarska,Prenočitve turistov,1919
2025M02,Maribor,2.21 Makedonija,Prihodi turistov,124
2025M02,Maribor,2.21 Makedonija,Prenočitve turistov,1093
2025M02,Maribor,2.22 Malta,Prihodi turistov,12
2025M02,Maribor,2.22 Malta,Prenočitve turistov,20
2025M02,Maribor,2.23 Nemčija,Prihodi turistov,546
2025M02,Maribor,2.23 Nemčija,Prenočitve turistov,1492
2025M02,Maribor,2.24 Nizozemska,Prihodi turistov,96
2025M02,Maribor,2.24 Nizozemska,Prenočitve turistov,311
2025M02,Maribor,2.25 Norveška,Prihodi turistov,20
2025M02,Maribor,2.25 Norveška,Prenočitve turistov,94
2025M02,Maribor,2.26 Poljska,Prihodi turistov,199
2025M02,Maribor,2.26 Poljska,Prenočitve turistov,740
2025M02,Maribor,2.27 Portugalska,Prihodi turistov,68
2025M02,Maribor,2.27 Portugalska,Prenočitve turistov,751
2025M02,Maribor,2.28 Romunija,Prihodi turistov,894
2025M02,Maribor,2.28 Romunija,Prenočitve turistov,1177
2025M02,Maribor,2.29 Ruska federacija,Prihodi turistov,45
2025M02,Maribor,2.29 Ruska federacija,Prenočitve turistov,141
2025M02,Maribor,2.30 Slovaška,Prihodi turistov,153
2025M02,Maribor,2.30 Slovaška,Prenočitve turistov,453
2025M02,Maribor,2.31 Srbija,Prihodi turistov,806
2025M02,Maribor,2.31 Srbija,Prenočitve turistov,2328
2025M02,Maribor,2.32 Španija,Prihodi turistov,80
2025M02,Maribor,2.32 Španija,Prenočitve turistov,544
2025M02,Maribor,2.33 Švedska,Prihodi turistov,47
2025M02,Maribor,2.33 Švedska,Prenočitve turistov,168
2025M02,Maribor,2.34 Švica,Prihodi turistov,49
2025M02,Maribor,2.34 Švica,Prenočitve turistov,128
2025M02,Maribor,2.35 Turčija,Prihodi turistov,87
2025M02,Maribor,2.35 Turčija,Prenočitve turistov,728
2025M02,Maribor,2.36 Ukrajina,Prihodi turistov,232
2025M02,Maribor,2.36 Ukrajina,Prenočitve turistov,631
2025M02,Maribor,2.37 Združeno kraljestvo,Prihodi turistov,65
2025M02,Maribor,2.37 Združeno kraljestvo,Prenočitve turistov,191
2025M02,Maribor,2.38 Druge evropske države,Prihodi turistov,131
2025M02,Maribor,2.38 Druge evropske države,Prenočitve turistov,395
2025M02,Maribor,2.39 Južna Afrika,Prihodi turistov,3
2025M02,Maribor,2.39 Južna Afrika,Prenočitve turistov,11
2025M02,Maribor,2.40 Druge afriške države,Prihodi turistov,44
2025M02,Maribor,2.40 Druge afriške države,Prenočitve turistov,270
2025M02,Maribor,2.41 Avstralija,Prihodi turistov,34
2025M02,Maribor,2.41 Avstralija,Prenočitve turistov,135
2025M02,Maribor,2.42 Nova Zelandija,Prihodi turistov,
2025M02,Maribor,2.42 Nova Zelandija,Prenočitve turistov,
2025M02,Maribor,2.43 Druge države in ozemlja Oceanije,Prihodi turistov,1
2025M02,Maribor,2.43 Druge države in ozemlja Oceanije,Prenočitve turistov,10
2025M02,Maribor,2.44 Izrael,Prihodi turistov,13
2025M02,Maribor,2.44 Izrael,Prenočitve turistov,60
2025M02,Maribor,2.45 Japonska,Prihodi turistov,32
2025M02,Maribor,2.45 Japonska,Prenočitve turistov,175
2025M02,Maribor,2.46 Kitajska (Ljudska republika),Prihodi turistov,77
2025M02,Maribor,2.46 Kitajska (Ljudska republika),Prenočitve turistov,585
2025M02,Maribor,2.47 Koreja (Republika),Prihodi turistov,143
2025M02,Maribor,2.47 Koreja (Republika),Prenočitve turistov,353
2025M02,Maribor,2.48 Druge azijske države,Prihodi turistov,140
2025M02,Maribor,2.48 Druge azijske države,Prenočitve turistov,557
2025M02,Maribor,2.49 Brazilija,Prihodi turistov,16
2025M02,Maribor,2.49 Brazilija,Prenočitve turistov,47
2025M02,Maribor,2.50 Druge države Južne in Srednje Amerike,Prihodi turistov,40
2025M02,Maribor,2.50 Druge države Južne in Srednje Amerike,Prenočitve turistov,134
2025M02,Maribor,2.51 Kanada,Prihodi turistov,30
2025M02,Maribor,2.51 Kanada,Prenočitve turistov,192
2025M02,Maribor,2.52 Združene države (ZDA),Prihodi turistov,127
2025M02,Maribor,2.52 Združene države (ZDA),Prenočitve turistov,471
2025M02,Maribor,2.53 Druge države in ozemlja Severne Amerike,Prihodi turistov,
2025M02,Maribor,2.53 Druge države in ozemlja Severne Amerike,Prenočitve turistov,
2025M03,Maribor,0 Država - SKUPAJ,Prihodi turistov,11879
2025M03,Maribor,0 Država - SKUPAJ,Prenočitve turistov,30042
2025M03,Maribor,1 DOMAČI,Prihodi turistov,2727
2025M03,Maribor,1 DOMAČI,Prenočitve turistov,4218
2025M03,Maribor,2 TUJI,Prihodi turistov,9152
2025M03,Maribor,2 TUJI,Prenočitve turistov,25824
2025M03,Maribor,2.1 Avstrija,Prihodi turistov,1035
2025M03,Maribor,2.1 Avstrija,Prenočitve turistov,1542
2025M03,Maribor,2.2 Belgija,Prihodi turistov,44
2025M03,Maribor,2.2 Belgija,Prenočitve turistov,70
2025M03,Maribor,2.3 Bolgarija,Prihodi turistov,127
2025M03,Maribor,2.3 Bolgarija,Prenočitve turistov,152
2025M03,Maribor,2.4 Bosna in Hercegovina,Prihodi turistov,532
2025M03,Maribor,2.4 Bosna in Hercegovina,Prenočitve turistov,1080
2025M03,Maribor,2.5 Ciper,Prihodi turistov,6
2025M03,Maribor,2.5 Ciper,Prenočitve turistov,21
2025M03,Maribor,2.6 Češka republika,Prihodi turistov,221
2025M03,Maribor,2.6 Češka republika,Prenočitve turistov,832
2025M03,Maribor,2.7 Črna gora,Prihodi turistov,77
2025M03,Maribor,2.7 Črna gora,Prenočitve turistov,345
2025M03,Maribor,2.8 Danska,Prihodi turistov,139
2025M03,Maribor,2.8 Danska,Prenočitve turistov,927
2025M03,Maribor,2.9 Estonija,Prihodi turistov,13
2025M03,Maribor,2.9 Estonija,Prenočitve turistov,21
2025M03,Maribor,2.10 Finska,Prihodi turistov,27
2025M03,Maribor,2.10 Finska,Prenočitve turistov,124
2025M03,Maribor,2.11 Francija,Prihodi turistov,107
2025M03,Maribor,2.11 Francija,Prenočitve turistov,783
2025M03,Maribor,2.12 Grčija,Prihodi turistov,82
2025M03,Maribor,2.12 Grčija,Prenočitve turistov,146
2025M03,Maribor,2.13 Hrvaška,Prihodi turistov,1245
2025M03,Maribor,2.13 Hrvaška,Prenočitve turistov,2602
2025M03,Maribor,2.14 Irska,Prihodi turistov,15
2025M03,Maribor,2.14 Irska,Prenočitve turistov,42
2025M03,Maribor,2.15 Islandija,Prihodi turistov,3
2025M03,Maribor,2.15 Islandija,Prenočitve turistov,9
2025M03,Maribor,2.16 Italija,Prihodi turistov,533
2025M03,Maribor,2.16 Italija,Prenočitve turistov,1733
2025M03,Maribor,2.17 Latvija,Prihodi turistov,27
2025M03,Maribor,2.17 Latvija,Prenočitve turistov,61
2025M03,Maribor,2.18 Litva,Prihodi turistov,31
2025M03,Maribor,2.18 Litva,Prenočitve turistov,102
2025M03,Maribor,2.19 Luksemburg,Prihodi turistov,11
2025M03,Maribor,2.19 Luksemburg,Prenočitve turistov,16
2025M03,Maribor,2.20 Madžarska,Prihodi turistov,466
2025M03,Maribor,2.20 Madžarska,Prenočitve turistov,913
2025M03,Maribor,2.21 Makedonija,Prihodi turistov,168
2025M03,Maribor,2.21 Makedonija,Prenočitve turistov,685
2025M03,Maribor,2.22 Malta,Prihodi turistov,9
2025M03,Maribor,2.22 Malta,Prenočitve turistov,18
2025M03,Maribor,2.23 Nemčija,Prihodi turistov,813
2025M03,Maribor,2.23 Nemčija,Prenočitve turistov,1867
2025M03,Maribor,2.24 Nizozemska,Prihodi turistov,68
2025M03,Maribor,2.24 Nizozemska,Prenočitve turistov,149
2025M03,Maribor,2.25 Norveška,Prihodi turistov,10
2025M03,Maribor,2.25 Norveška,Prenočitve turistov,18
2025M03,Maribor,2.26 Poljska,Prihodi turistov,212
2025M03,Maribor,2.26 Poljska,Prenočitve turistov,639
2025M03,Maribor,2.27 Portugalska,Prihodi turistov,28
2025M03,Maribor,2.27 Portugalska,Prenočitve turistov,1111
2025M03,Maribor,2.28 Romunija,Prihodi turistov,497
2025M03,Maribor,2.28 Romunija,Prenočitve turistov,1089
2025M03,Maribor,2.29 Ruska federacija,Prihodi turistov,58
2025M03,Maribor,2.29 Ruska federacija,Prenočitve turistov,108
2025M03,Maribor,2.30 Slovaška,Prihodi turistov,170
2025M03,Maribor,2.30 Slovaška,Prenočitve turistov,415
2025M03,Maribor,2.31 Srbija,Prihodi turistov,694
2025M03,Maribor,2.31 Srbija,Prenočitve turistov,1730
2025M03,Maribor,2.32 Španija,Prihodi turistov,107
2025M03,Maribor,2.32 Španija,Prenočitve turistov,852
2025M03,Maribor,2.33 Švedska,Prihodi turistov,48
2025M03,Maribor,2.33 Švedska,Prenočitve turistov,70
2025M03,Maribor,2.34 Švica,Prihodi turistov,80
2025M03,Maribor,2.34 Švica,Prenočitve turistov,174
2025M03,Maribor,2.35 Turčija,Prihodi turistov,46
2025M03,Maribor,2.35 Turčija,Prenočitve turistov,1347
2025M03,Maribor,2.36 Ukrajina,Prihodi turistov,317
2025M03,Maribor,2.36 Ukrajina,Prenočitve turistov,678
2025M03,Maribor,2.37 Združeno kraljestvo,Prihodi turistov,93
2025M03,Maribor,2.37 Združeno kraljestvo,Prenočitve turistov,204
2025M03,Maribor,2.38 Druge evropske države,Prihodi turistov,150
2025M03,Maribor,2.38 Druge evropske države,Prenočitve turistov,611
2025M03,Maribor,2.39 Južna Afrika,Prihodi turistov,3
2025M03,Maribor,2.39 Južna Afrika,Prenočitve turistov,11
2025M03,Maribor,2.40 Druge afriške države,Prihodi turistov,28
2025M03,Maribor,2.40 Druge afriške države,Prenočitve turistov,493
2025M03,Maribor,2.41 Avstralija,Prihodi turistov,29
2025M03,Maribor,2.41 Avstralija,Prenočitve turistov,117
2025M03,Maribor,2.42 Nova Zelandija,Prihodi turistov,
2025M03,Maribor,2.42 Nova Zelandija,Prenočitve turistov,
2025M03,Maribor,2.43 Druge države in ozemlja Oceanije,Prihodi turistov,2
2025M03,Maribor,2.43 Druge države in ozemlja Oceanije,Prenočitve turistov,3
2025M03,Maribor,2.44 Izrael,Prihodi turistov,38
2025M03,Maribor,2.44 Izrael,Prenočitve turistov,80
2025M03,Maribor,2.45 Japonska,Prihodi turistov,15
2025M03,Maribor,2.45 Japonska,Prenočitve turistov,33
2025M03,Maribor,2.46 Kitajska (Ljudska republika),Prihodi turistov,38
2025M03,Maribor,2.46 Kitajska (Ljudska republika),Prenočitve turistov,125
2025M03,Maribor,2.47 Koreja (Republika),Prihodi turistov,282
2025M03,Maribor,2.47 Koreja (Republika),Prenočitve turistov,397
2025M03,Maribor,2.48 Druge azijske države,Prihodi turistov,140
2025M03,Maribor,2.48 Druge azijske države,Prenočitve turistov,517
2025M03,Maribor,2.49 Brazilija,Prihodi turistov,14
2025M03,Maribor,2.49 Brazilija,Prenočitve turistov,113
2025M03,Maribor,2.50 Druge države Južne in Srednje Amerike,Prihodi turistov,51
2025M03,Maribor,2.50 Druge države Južne in Srednje Amerike,Prenočitve turistov,136
2025M03,Maribor,2.51 Kanada,Prihodi turistov,17
2025M03,Maribor,2.51 Kanada,Prenočitve turistov,35
2025M03,Maribor,2.52 Združene države (ZDA),Prihodi turistov,186
2025M03,Maribor,2.52 Združene države (ZDA),Prenočitve turistov,478
2025M03,Maribor,2.53 Druge države in ozemlja Severne Amerike,Prihodi turistov,
2025M03,Maribor,2.53 Druge države in ozemlja Severne Amerike,Prenočitve turistov,
2025M04,Maribor,0 Država - SKUPAJ,Prihodi turistov,19519
2025M04,Maribor,0 Država - SKUPAJ,Prenočitve turistov,41066
2025M04,Maribor,1 DOMAČI,Prihodi turistov,2601
2025M04,Maribor,1 DOMAČI,Prenočitve turistov,4767
2025M04,Maribor,2 TUJI,Prihodi turistov,16918
2025M04,Maribor,2 TUJI,Prenočitve turistov,36299
2025M04,Maribor,2.1 Avstrija,Prihodi turistov,2036
2025M04,Maribor,2.1 Avstrija,Prenočitve turistov,3370
2025M04,Maribor,2.2 Belgija,Prihodi turistov,126
2025M04,Maribor,2.2 Belgija,Prenočitve turistov,370
2025M04,Maribor,2.3 Bolgarija,Prihodi turistov,207
2025M04,Maribor,2.3 Bolgarija,Prenočitve turistov,326
2025M04,Maribor,2.4 Bosna in Hercegovina,Prihodi turistov,725
2025M04,Maribor,2.4 Bosna in Hercegovina,Prenočitve turistov,1205
2025M04,Maribor,2.5 Ciper,Prihodi turistov,16
2025M04,Maribor,2.5 Ciper,Prenočitve turistov,61
2025M04,Maribor,2.6 Češka republika,Prihodi turistov,721
2025M04,Maribor,2.6 Češka republika,Prenočitve turistov,2190
2025M04,Maribor,2.7 Črna gora,Prihodi turistov,122
2025M04,Maribor,2.7 Črna gora,Prenočitve turistov,400
2025M04,Maribor,2.8 Danska,Prihodi turistov,102
2025M04,Maribor,2.8 Danska,Prenočitve turistov,207
2025M04,Maribor,2.9 Estonija,Prihodi turistov,15
2025M04,Maribor,2.9 Estonija,Prenočitve turistov,45
2025M04,Maribor,2.10 Finska,Prihodi turistov,54
2025M04,Maribor,2.10 Finska,Prenočitve turistov,237
2025M04,Maribor,2.11 Francija,Prihodi turistov,235
2025M04,Maribor,2.11 Francija,Prenočitve turistov,917
2025M04,Maribor,2.12 Grčija,Prihodi turistov,83
2025M04,Maribor,2.12 Grčija,Prenočitve turistov,170
2025M04,Maribor,2.13 Hrvaška,Prihodi turistov,952
2025M04,Maribor,2.13 Hrvaška,Prenočitve turistov,1876
2025M04,Maribor,2.14 Irska,Prihodi turistov,26
2025M04,Maribor,2.14 Irska,Prenočitve turistov,52
2025M04,Maribor,2.15 Islandija,Prihodi turistov,4
2025M04,Maribor,2.15 Islandija,Prenočitve turistov,8
2025M04,Maribor,2.16 Italija,Prihodi turistov,1230
2025M04,Maribor,2.16 Italija,Prenočitve turistov,1941
2025M04,Maribor,2.17 Latvija,Prihodi turistov,37
2025M04,Maribor,2.17 Latvija,Prenočitve turistov,135
2025M04,Maribor,2.18 Litva,Prihodi turistov,19
2025M04,Maribor,2.18 Litva,Prenočitve turistov,25
2025M04,Maribor,2.19 Luksemburg,Prihodi turistov,22
2025M04,Maribor,2.19 Luksemburg,Prenočitve turistov,26
2025M04,Maribor,2.20 Madžarska,Prihodi turistov,1164
2025M04,Maribor,2.20 Madžarska,Prenočitve turistov,1949
2025M04,Maribor,2.21 Makedonija,Prihodi turistov,291
2025M04,Maribor,2.21 Makedonija,Prenočitve turistov,586
2025M04,Maribor,2.22 Malta,Prihodi turistov,10
2025M04,Maribor,2.22 Malta,Prenočitve turistov,17
2025M04,Maribor,2.23 Nemčija,Prihodi turistov,2114
2025M04,Maribor,2.23 Nemčija,Prenočitve turistov,4082
2025M04,Maribor,2.24 Nizozemska,Prihodi turistov,317
2025M04,Maribor,2.24 Nizozemska,Prenočitve turistov,445
2025M04,Maribor,2.25 Norveška,Prihodi turistov,60
2025M04,Maribor,2.25 Norveška,Prenočitve turistov,126
2025M04,Maribor,2.26 Poljska,Prihodi turistov,885
2025M04,Maribor,2.26 Poljska,Prenočitve turistov,1276
2025M04,Maribor,2.27 Portugalska,Prihodi turistov,72
2025M04,Maribor,2.27 Portugalska,Prenočitve turistov,926
2025M04,Maribor,2.28 Romunija,Prihodi turistov,1166
2025M04,Maribor,2.28 Romunija,Prenočitve turistov,2136
2025M04,Maribor,2.29 Ruska federacija,Prihodi turistov,94
2025M04,Maribor,2.29 Ruska federacija,Prenočitve turistov,131
2025M04,Maribor,2.30 Slovaška,Prihodi turistov,551
2025M04,Maribor,2.30 Slovaška,Prenočitve turistov,1095
2025M04,Maribor,2.31 Srbija,Prihodi turistov,850
2025M04,Maribor,2.31 Srbija,Prenočitve turistov,1821
2025M04,Maribor,2.32 Španija,Prihodi turistov,274
2025M04,Maribor,2.32 Španija,Prenočitve turistov,1413
2025M04,Maribor,2.33 Švedska,Prihodi turistov,87
2025M04,Maribor,2.33 Švedska,Prenočitve turistov,403
2025M04,Maribor,2.34 Švica,Prihodi turistov,229
2025M04,Maribor,2.34 Švica,Prenočitve turistov,631
2025M04,Maribor,2.35 Turčija,Prihodi turistov,82
2025M04,Maribor,2.35 Turčija,Prenočitve turistov,1418
2025M04,Maribor,2.36 Ukrajina,Prihodi turistov,299
2025M04,Maribor,2.36 Ukrajina,Prenočitve turistov,839
2025M04,Maribor,2.37 Združeno kraljestvo,Prihodi turistov,148
2025M04,Maribor,2.37 Združeno kraljestvo,Prenočitve turistov,348
2025M04,Maribor,2.38 Druge evropske države,Prihodi turistov,168
2025M04,Maribor,2.38 Druge evropske države,Prenočitve turistov,380
2025M04,Maribor,2.39 Južna Afrika,Prihodi turistov,8
2025M04,Maribor,2.39 Južna Afrika,Prenočitve turistov,11
2025M04,Maribor,2.40 Druge afriške države,Prihodi turistov,28
2025M04,Maribor,2.40 Druge afriške države,Prenočitve turistov,496
2025M04,Maribor,2.41 Avstralija,Prihodi turistov,48
2025M04,Maribor,2.41 Avstralija,Prenočitve turistov,69
2025M04,Maribor,2.42 Nova Zelandija,Prihodi turistov,9
2025M04,Maribor,2.42 Nova Zelandija,Prenočitve turistov,29
2025M04,Maribor,2.43 Druge države in ozemlja Oceanije,Prihodi turistov,1
2025M04,Maribor,2.43 Druge države in ozemlja Oceanije,Prenočitve turistov,1
2025M04,Maribor,2.44 Izrael,Prihodi turistov,61
2025M04,Maribor,2.44 Izrael,Prenočitve turistov,147
2025M04,Maribor,2.45 Japonska,Prihodi turistov,25
2025M04,Maribor,2.45 Japonska,Prenočitve turistov,44
2025M04,Maribor,2.46 Kitajska (Ljudska republika),Prihodi turistov,193
2025M04,Maribor,2.46 Kitajska (Ljudska republika),Prenočitve turistov,290
2025M04,Maribor,2.47 Koreja (Republika),Prihodi turistov,395
2025M04,Maribor,2.47 Koreja (Republika),Prenočitve turistov,452
2025M04,Maribor,2.48 Druge azijske države,Prihodi turistov,283
2025M04,Maribor,2.48 Druge azijske države,Prenočitve turistov,494
2025M04,Maribor,2.49 Brazilija,Prihodi turistov,41
2025M04,Maribor,2.49 Brazilija,Prenočitve turistov,120
2025M04,Maribor,2.50 Druge države Južne in Srednje Amerike,Prihodi turistov,80
2025M04,Maribor,2.50 Druge države Južne in Srednje Amerike,Prenočitve turistov,218
2025M04,Maribor,2.51 Kanada,Prihodi turistov,41
2025M04,Maribor,2.51 Kanada,Prenočitve turistov,110
2025M04,Maribor,2.52 Združene države (ZDA),Prihodi turistov,112
2025M04,Maribor,2.52 Združene države (ZDA),Prenočitve turistov,235
2025M04,Maribor,2.53 Druge države in ozemlja Severne Amerike,Prihodi turistov,
2025M04,Maribor,2.53 Druge države in ozemlja Severne Amerike,Prenočitve turistov,
2025M05,Maribor,0 Država - SKUPAJ,Prihodi turistov,23391
2025M05,Maribor,0 Država - SKUPAJ,Prenočitve turistov,49198
2025M05,Maribor,1 DOMAČI,Prihodi turistov,3370
2025M05,Maribor,1 DOMAČI,Prenočitve turistov,5581
2025M05,Maribor,2 TUJI,Prihodi turistov,20021
2025M05,Maribor,2 TUJI,Prenočitve turistov,43617
2025M05,Maribor,2.1 Avstrija,Prihodi turistov,2479
2025M05,Maribor,2.1 Avstrija,Prenočitve turistov,3785
2025M05,Maribor,2.2 Belgija,Prihodi turistov,245
2025M05,Maribor,2.2 Belgija,Prenočitve turistov,579
2025M05,Maribor,2.3 Bolgarija,Prihodi turistov,302
2025M05,Maribor,2.3 Bolgarija,Prenočitve turistov,541
2025M05,Maribor,2.4 Bosna in Hercegovina,Prihodi turistov,681
2025M05,Maribor,2.4 Bosna in Hercegovina,Prenočitve turistov,1207
2025M05,Maribor,2.5 Ciper,Prihodi turistov,10
2025M05,Maribor,2.5 Ciper,Prenočitve turistov,28
2025M05,Maribor,2.6 Češka republika,Prihodi turistov,571
2025M05,Maribor,2.6 Češka republika,Prenočitve turistov,1271
2025M05,Maribor,2.7 Črna gora,Prihodi turistov,109
2025M05,Maribor,2.7 Črna gora,Prenočitve turistov,309
2025M05,Maribor,2.8 Danska,Prihodi turistov,51
2025M05,Maribor,2.8 Danska,Prenočitve turistov,107
2025M05,Maribor,2.9 Estonija,Prihodi turistov,12
2025M05,Maribor,2.9 Estonija,Prenočitve turistov,23
2025M05,Maribor,2.10 Finska,Prihodi turistov,86
2025M05,Maribor,2.10 Finska,Prenočitve turistov,575
2025M05,Maribor,2.11 Francija,Prihodi turistov,517
2025M05,Maribor,2.11 Francija,Prenočitve turistov,1820
2025M05,Maribor,2.12 Grčija,Prihodi turistov,89
2025M05,Maribor,2.12 Grčija,Prenočitve turistov,215
2025M05,Maribor,2.13 Hrvaška,Prihodi turistov,1358
2025M05,Maribor,2.13 Hrvaška,Prenočitve turistov,2817
2025M05,Maribor,2.14 Irska,Prihodi turistov,35
2025M05,Maribor,2.14 Irska,Prenočitve turistov,68
2025M05,Maribor,2.15 Islandija,Prihodi turistov,27
2025M05,Maribor,2.15 Islandija,Prenočitve turistov,27
2025M05,Maribor,2.16 Italija,Prihodi turistov,772
2025M05,Maribor,2.16 Italija,Prenočitve turistov,1704
2025M05,Maribor,2.17 Latvija,Prihodi turistov,47
2025M05,Maribor,2.17 Latvija,Prenočitve turistov,75
2025M05,Maribor,2.18 Litva,Prihodi turistov,77
2025M05,Maribor,2.18 Litva,Prenočitve turistov,140
2025M05,Maribor,2.19 Luksemburg,Prihodi turistov,12
2025M05,Maribor,2.19 Luksemburg,Prenočitve turistov,22
2025M05,Maribor,2.20 Madžarska,Prihodi turistov,953
2025M05,Maribor,2.20 Madžarska,Prenočitve turistov,1795
2025M05,Maribor,2.21 Makedonija,Prihodi turistov,228
2025M05,Maribor,2.21 Makedonija,Prenočitve turistov,551
2025M05,Maribor,2.22 Malta,Prihodi turistov,6
2025M05,Maribor,2.22 Malta,Prenočitve turistov,23
2025M05,Maribor,2.23 Nemčija,Prihodi turistov,2874
2025M05,Maribor,2.23 Nemčija,Prenočitve turistov,5282
2025M05,Maribor,2.24 Nizozemska,Prihodi turistov,530
2025M05,Maribor,2.24 Nizozemska,Prenočitve turistov,1028
2025M05,Maribor,2.25 Norveška,Prihodi turistov,68
2025M05,Maribor,2.25 Norveška,Prenočitve turistov,332
2025M05,Maribor,2.26 Poljska,Prihodi turistov,1344
2025M05,Maribor,2.26 Poljska,Prenočitve turistov,2363
2025M05,Maribor,2.27 Portugalska,Prihodi turistov,102
2025M05,Maribor,2.27 Portugalska,Prenočitve turistov,1055
2025M05,Maribor,2.28 Romunija,Prihodi turistov,1009
2025M05,Maribor,2.28 Romunija,Prenočitve turistov,1592
2025M05,Maribor,2.29 Ruska federacija,Prihodi turistov,87
2025M05,Maribor,2.29 Ruska federacija,Prenočitve turistov,151
2025M05,Maribor,2.30 Slovaška,Prihodi turistov,589
2025M05,Maribor,2.30 Slovaška,Prenočitve turistov,1106
2025M05,Maribor,2.31 Srbija,Prihodi turistov,1012
2025M05,Maribor,2.31 Srbija,Prenočitve turistov,2059
2025M05,Maribor,2.32 Španija,Prihodi turistov,237
2025M05,Maribor,2.32 Španija,Prenočitve turistov,1199
2025M05,Maribor,2.33 Švedska,Prihodi turistov,116
2025M05,Maribor,2.33 Švedska,Prenočitve turistov,296
2025M05,Maribor,2.34 Švica,Prihodi turistov,298
2025M05,Maribor,2.34 Švica,Prenočitve turistov,646
2025M05,Maribor,2.35 Turčija,Prihodi turistov,110
2025M05,Maribor,2.35 Turčija,Prenočitve turistov,1572
2025M05,Maribor,2.36 Ukrajina,Prihodi turistov,418
2025M05,Maribor,2.36 Ukrajina,Prenočitve turistov,898
2025M05,Maribor,2.37 Združeno kraljestvo,Prihodi turistov,249
2025M05,Maribor,2.37 Združeno kraljestvo,Prenočitve turistov,508
2025M05,Maribor,2.38 Druge evropske države,Prihodi turistov,213
2025M05,Maribor,2.38 Druge evropske države,Prenočitve turistov,471
2025M05,Maribor,2.39 Južna Afrika,Prihodi turistov,11
2025M05,Maribor,2.39 Južna Afrika,Prenočitve turistov,46
2025M05,Maribor,2.40 Druge afriške države,Prihodi turistov,43
2025M05,Maribor,2.40 Druge afriške države,Prenočitve turistov,603
2025M05,Maribor,2.41 Avstralija,Prihodi turistov,94
2025M05,Maribor,2.41 Avstralija,Prenočitve turistov,174
2025M05,Maribor,2.42 Nova Zelandija,Prihodi turistov,14
2025M05,Maribor,2.42 Nova Zelandija,Prenočitve turistov,29
2025M05,Maribor,2.43 Druge države in ozemlja Oceanije,Prihodi turistov,2
2025M05,Maribor,2.43 Druge države in ozemlja Oceanije,Prenočitve turistov,3
2025M05,Maribor,2.44 Izrael,Prihodi turistov,47
2025M05,Maribor,2.44 Izrael,Prenočitve turistov,103
2025M05,Maribor,2.45 Japonska,Prihodi turistov,24
2025M05,Maribor,2.45 Japonska,Prenočitve turistov,41
2025M05,Maribor,2.46 Kitajska (Ljudska republika),Prihodi turistov,318
2025M05,Maribor,2.46 Kitajska (Ljudska republika),Prenočitve turistov,719
2025M05,Maribor,2.47 Koreja (Republika),Prihodi turistov,408
2025M05,Maribor,2.47 Koreja (Republika),Prenočitve turistov,491
2025M05,Maribor,2.48 Druge azijske države,Prihodi turistov,543
2025M05,Maribor,2.48 Druge azijske države,Prenočitve turistov,1711
2025M05,Maribor,2.49 Brazilija,Prihodi turistov,27
2025M05,Maribor,2.49 Brazilija,Prenočitve turistov,94
2025M05,Maribor,2.50 Druge države Južne in Srednje Amerike,Prihodi turistov,105
2025M05,Maribor,2.50 Druge države Južne in Srednje Amerike,Prenočitve turistov,305
2025M05,Maribor,2.51 Kanada,Prihodi turistov,79
2025M05,Maribor,2.51 Kanada,Prenočitve turistov,204
2025M05,Maribor,2.52 Združene države (ZDA),Prihodi turistov,383
2025M05,Maribor,2.52 Združene države (ZDA),Prenočitve turistov,854
2025M05,Maribor,2.53 Druge države in ozemlja Severne Amerike,Prihodi turistov,
2025M05,Maribor,2.53 Druge države in ozemlja Severne Amerike,Prenočitve turistov,
2025M06,Maribor,0 Država - SKUPAJ,Prihodi turistov,28260
2025M06,Maribor,0 Država - SKUPAJ,Prenočitve turistov,56984
2025M06,Maribor,1 DOMAČI,Prihodi turistov,2766
2025M06,Maribor,1 DOMAČI,Prenočitve turistov,5833
2025M06,Maribor,2 TUJI,Prihodi turistov,25494
2025M06,Maribor,2 TUJI,Prenočitve turistov,51151
2025M06,Maribor,2.1 Avstrija,Prihodi turistov,2236
2025M06,Maribor,2.1 Avstrija,Prenočitve turistov,3132
2025M06,Maribor,2.2 Belgija,Prihodi turistov,379
2025M06,Maribor,2.2 Belgija,Prenočitve turistov,871
2025M06,Maribor,2.3 Bolgarija,Prihodi turistov,337
2025M06,Maribor,2.3 Bolgarija,Prenočitve turistov,586
2025M06,Maribor,2.4 Bosna in Hercegovina,Prihodi turistov,535
2025M06,Maribor,2.4 Bosna in Hercegovina,Prenočitve turistov,1021
2025M06,Maribor,2.5 Ciper,Prihodi turistov,70
2025M06,Maribor,2.5 Ciper,Prenočitve turistov,275
2025M06,Maribor,2.6 Češka republika,Prihodi turistov,1788
2025M06,Maribor,2.6 Češka republika,Prenočitve turistov,2641
2025M06,Maribor,2.7 Črna gora,Prihodi turistov,112
2025M06,Maribor,2.7 Črna gora,Prenočitve turistov,441
2025M06,Maribor,2.8 Danska,Prihodi turistov,138
2025M06,Maribor,2.8 Danska,Prenočitve turistov,326
2025M06,Maribor,2.9 Estonija,Prihodi turistov,140
2025M06,Maribor,2.9 Estonija,Prenočitve turistov,343
2025M06,Maribor,2.10 Finska,Prihodi turistov,152
2025M06,Maribor,2.10 Finska,Prenočitve turistov,474
2025M06,Maribor,2.11 Francija,Prihodi turistov,441
2025M06,Maribor,2.11 Francija,Prenočitve turistov,1310
2025M06,Maribor,2.12 Grčija,Prihodi turistov,117
2025M06,Maribor,2.12 Grčija,Prenočitve turistov,286
2025M06,Maribor,2.13 Hrvaška,Prihodi turistov,962
2025M06,Maribor,2.13 Hrvaška,Prenočitve turistov,2520
2025M06,Maribor,2.14 Irska,Prihodi turistov,130
2025M06,Maribor,2.14 Irska,Prenočitve turistov,395
2025M06,Maribor,2.15 Islandija,Prihodi turistov,53
2025M06,Maribor,2.15 Islandija,Prenočitve turistov,246
2025M06,Maribor,2.16 Italija,Prihodi turistov,663
2025M06,Maribor,2.16 Italija,Prenočitve turistov,2885
2025M06,Maribor,2.17 Latvija,Prihodi turistov,100
2025M06,Maribor,2.17 Latvija,Prenočitve turistov,153
2025M06,Maribor,2.18 Litva,Prihodi turistov,207
2025M06,Maribor,2.18 Litva,Prenočitve turistov,261
2025M06,Maribor,2.19 Luksemburg,Prihodi turistov,57
2025M06,Maribor,2.19 Luksemburg,Prenočitve turistov,196
2025M06,Maribor,2.20 Madžarska,Prihodi turistov,920
2025M06,Maribor,2.20 Madžarska,Prenočitve turistov,1616
2025M06,Maribor,2.21 Makedonija,Prihodi turistov,206
2025M06,Maribor,2.21 Makedonija,Prenočitve turistov,474
2025M06,Maribor,2.22 Malta,Prihodi turistov,59
2025M06,Maribor,2.22 Malta,Prenočitve turistov,182
2025M06,Maribor,2.23 Nemčija,Prihodi turistov,4107
2025M06,Maribor,2.23 Nemčija,Prenočitve turistov,6949
2025M06,Maribor,2.24 Nizozemska,Prihodi turistov,856
2025M06,Maribor,2.24 Nizozemska,Prenočitve turistov,1851
2025M06,Maribor,2.25 Norveška,Prihodi turistov,120
2025M06,Maribor,2.25 Norveška,Prenočitve turistov,292
2025M06,Maribor,2.26 Poljska,Prihodi turistov,3035
2025M06,Maribor,2.26 Poljska,Prenočitve turistov,3594
2025M06,Maribor,2.27 Portugalska,Prihodi turistov,52
2025M06,Maribor,2.27 Portugalska,Prenočitve turistov,506
2025M06,Maribor,2.28 Romunija,Prihodi turistov,1141
2025M06,Maribor,2.28 Romunija,Prenočitve turistov,2000
2025M06,Maribor,2.29 Ruska federacija,Prihodi turistov,76
2025M06,Maribor,2.29 Ruska federacija,Prenočitve turistov,129
2025M06,Maribor,2.30 Slovaška,Prihodi turistov,611
2025M06,Maribor,2.30 Slovaška,Prenočitve turistov,1194
2025M06,Maribor,2.31 Srbija,Prihodi turistov,880
2025M06,Maribor,2.31 Srbija,Prenočitve turistov,1899
2025M06,Maribor,2.32 Španija,Prihodi turistov,312
2025M06,Maribor,2.32 Španija,Prenočitve turistov,1089
2025M06,Maribor,2.33 Švedska,Prihodi turistov,405
2025M06,Maribor,2.33 Švedska,Prenočitve turistov,531
2025M06,Maribor,2.34 Švica,Prihodi turistov,354
2025M06,Maribor,2.34 Švica,Prenočitve turistov,744
2025M06,Maribor,2.35 Turčija,Prihodi turistov,170
2025M06,Maribor,2.35 Turčija,Prenočitve turistov,1547
2025M06,Maribor,2.36 Ukrajina,Prihodi turistov,923
2025M06,Maribor,2.36 Ukrajina,Prenočitve turistov,1330
2025M06,Maribor,2.37 Združeno kraljestvo,Prihodi turistov,340
2025M06,Maribor,2.37 Združeno kraljestvo,Prenočitve turistov,704
2025M06,Maribor,2.38 Druge evropske države,Prihodi turistov,370
2025M06,Maribor,2.38 Druge evropske države,Prenočitve turistov,1093
2025M06,Maribor,2.39 Južna Afrika,Prihodi turistov,17
2025M06,Maribor,2.39 Južna Afrika,Prenočitve turistov,35
2025M06,Maribor,2.40 Druge afriške države,Prihodi turistov,67
2025M06,Maribor,2.40 Druge afriške države,Prenočitve turistov,737
2025M06,Maribor,2.41 Avstralija,Prihodi turistov,102
2025M06,Maribor,2.41 Avstralija,Prenočitve turistov,252
2025M06,Maribor,2.42 Nova Zelandija,Prihodi turistov,33
2025M06,Maribor,2.42 Nova Zelandija,Prenočitve turistov,48
2025M06,Maribor,2.43 Druge države in ozemlja Oceanije,Prihodi turistov,
2025M06,Maribor,2.43 Druge države in ozemlja Oceanije,Prenočitve turistov,
2025M06,Maribor,2.44 Izrael,Prihodi turistov,52
2025M06,Maribor,2.44 Izrael,Prenočitve turistov,113
2025M06,Maribor,2.45 Japonska,Prihodi turistov,16
2025M06,Maribor,2.45 Japonska,Prenočitve turistov,26
2025M06,Maribor,2.46 Kitajska (Ljudska republika),Prihodi turistov,210
2025M06,Maribor,2.46 Kitajska (Ljudska republika),Prenočitve turistov,329
2025M06,Maribor,2.47 Koreja (Republika),Prihodi turistov,335
2025M06,Maribor,2.47 Koreja (Republika),Prenočitve turistov,396
2025M06,Maribor,2.48 Druge azijske države,Prihodi turistov,357
2025M06,Maribor,2.48 Druge azijske države,Prenočitve turistov,1156
2025M06,Maribor,2.49 Brazilija,Prihodi turistov,67
2025M06,Maribor,2.49 Brazilija,Prenočitve turistov,169
2025M06,Maribor,2.50 Druge države Južne in Srednje Amerike,Prihodi turistov,123
2025M06,Maribor,2.50 Druge države Južne in Srednje Amerike,Prenočitve turistov,371
2025M06,Maribor,2.51 Kanada,Prihodi turistov,101
2025M06,Maribor,2.51 Kanada,Prenočitve turistov,224
2025M06,Maribor,2.52 Združene države (ZDA),Prihodi turistov,460
2025M06,Maribor,2.52 Združene države (ZDA),Prenočitve turistov,1209
2025M06,Maribor,2.53 Druge države in ozemlja Severne Amerike,Prihodi turistov,
2025M06,Maribor,2.53 Druge države in ozemlja Severne Amerike,Prenočitve turistov,
2025M07,Maribor,0 Država - SKUPAJ,Prihodi turistov,38872
2025M07,Maribor,0 Država - SKUPAJ,Prenočitve turistov,60691
2025M07,Maribor,1 DOMAČI,Prihodi turistov,1613
2025M07,Maribor,1 DOMAČI,Prenočitve turistov,3277
2025M07,Maribor,2 TUJI,Prihodi turistov,37259
2025M07,Maribor,2 TUJI,Prenočitve turistov,57414
2025M07,Maribor,2.1 Avstrija,Prihodi turistov,2040
2025M07,Maribor,2.1 Avstrija,Prenočitve turistov,2685
2025M07,Maribor,2.2 Belgija,Prihodi turistov,1177
2025M07,Maribor,2.2 Belgija,Prenočitve turistov,1873
2025M07,Maribor,2.3 Bolgarija,Prihodi turistov,376
2025M07,Maribor,2.3 Bolgarija,Prenočitve turistov,496
2025M07,Maribor,2.4 Bosna in Hercegovina,Prihodi turistov,509
2025M07,Maribor,2.4 Bosna in Hercegovina,Prenočitve turistov,923
2025M07,Maribor,2.5 Ciper,Prihodi turistov,5
2025M07,Maribor,2.5 Ciper,Prenočitve turistov,35
2025M07,Maribor,2.6 Češka republika,Prihodi turistov,2777
2025M07,Maribor,2.6 Češka republika,Prenočitve turistov,3401
2025M07,Maribor,2.7 Črna gora,Prihodi turistov,139
2025M07,Maribor,2.7 Črna gora,Prenočitve turistov,241
2025M07,Maribor,2.8 Danska,Prihodi turistov,603
2025M07,Maribor,2.8 Danska,Prenočitve turistov,801
2025M07,Maribor,2.9 Estonija,Prihodi turistov,125
2025M07,Maribor,2.9 Estonija,Prenočitve turistov,153
2025M07,Maribor,2.10 Finska,Prihodi turistov,96
2025M07,Maribor,2.10 Finska,Prenočitve turistov,156
2025M07,Maribor,2.11 Francija,Prihodi turistov,755
2025M07,Maribor,2.11 Francija,Prenočitve turistov,1368
2025M07,Maribor,2.12 Grčija,Prihodi turistov,135
2025M07,Maribor,2.12 Grčija,Prenočitve turistov,245
2025M07,Maribor,2.13 Hrvaška,Prihodi turistov,892
2025M07,Maribor,2.13 Hrvaška,Prenočitve turistov,2784
2025M07,Maribor,2.14 Irska,Prihodi turistov,89
2025M07,Maribor,2.14 Irska,Prenočitve turistov,149
2025M07,Maribor,2.15 Islandija,Prihodi turistov,20
2025M07,Maribor,2.15 Islandija,Prenočitve turistov,43
2025M07,Maribor,2.16 Italija,Prihodi turistov,973
2025M07,Maribor,2.16 Italija,Prenočitve turistov,2701
2025M07,Maribor,2.17 Latvija,Prihodi turistov,97
2025M07,Maribor,2.17 Latvija,Prenočitve turistov,103
2025M07,Maribor,2.18 Litva,Prihodi turistov,246
2025M07,Maribor,2.18 Litva,Prenočitve turistov,269
2025M07,Maribor,2.19 Luksemburg,Prihodi turistov,64
2025M07,Maribor,2.19 Luksemburg,Prenočitve turistov,86
2025M07,Maribor,2.20 Madžarska,Prihodi turistov,1647
2025M07,Maribor,2.20 Madžarska,Prenočitve turistov,2356
2025M07,Maribor,2.21 Makedonija,Prihodi turistov,196
2025M07,Maribor,2.21 Makedonija,Prenočitve turistov,315
2025M07,Maribor,2.22 Malta,Prihodi turistov,8
2025M07,Maribor,2.22 Malta,Prenočitve turistov,41
2025M07,Maribor,2.23 Nemčija,Prihodi turistov,6261
2025M07,Maribor,2.23 Nemčija,Prenočitve turistov,8988
2025M07,Maribor,2.24 Nizozemska,Prihodi turistov,1979
2025M07,Maribor,2.24 Nizozemska,Prenočitve turistov,2813
2025M07,Maribor,2.25 Norveška,Prihodi turistov,217
2025M07,Maribor,2.25 Norveška,Prenočitve turistov,253
2025M07,Maribor,2.26 Poljska,Prihodi turistov,5571
2025M07,Maribor,2.26 Poljska,Prenočitve turistov,6047
2025M07,Maribor,2.27 Portugalska,Prihodi turistov,41
2025M07,Maribor,2.27 Portugalska,Prenočitve turistov,150
2025M07,Maribor,2.28 Romunija,Prihodi turistov,2436
2025M07,Maribor,2.28 Romunija,Prenočitve turistov,2819
2025M07,Maribor,2.29 Ruska federacija,Prihodi turistov,98
2025M07,Maribor,2.29 Ruska federacija,Prenočitve turistov,137
2025M07,Maribor,2.30 Slovaška,Prihodi turistov,1135
2025M07,Maribor,2.30 Slovaška,Prenočitve turistov,1430
2025M07,Maribor,2.31 Srbija,Prihodi turistov,561
2025M07,Maribor,2.31 Srbija,Prenočitve turistov,1225
2025M07,Maribor,2.32 Španija,Prihodi turistov,430
2025M07,Maribor,2.32 Španija,Prenočitve turistov,860
2025M07,Maribor,2.33 Švedska,Prihodi turistov,910
2025M07,Maribor,2.33 Švedska,Prenočitve turistov,1179
2025M07,Maribor,2.34 Švica,Prihodi turistov,407
2025M07,Maribor,2.34 Švica,Prenočitve turistov,776
2025M07,Maribor,2.35 Turčija,Prihodi turistov,213
2025M07,Maribor,2.35 Turčija,Prenočitve turistov,760
2025M07,Maribor,2.36 Ukrajina,Prihodi turistov,1262
2025M07,Maribor,2.36 Ukrajina,Prenočitve turistov,1651
2025M07,Maribor,2.37 Združeno kraljestvo,Prihodi turistov,466
2025M07,Maribor,2.37 Združeno kraljestvo,Prenočitve turistov,914
2025M07,Maribor,2.38 Druge evropske države,Prihodi turistov,386
2025M07,Maribor,2.38 Druge evropske države,Prenočitve turistov,611
2025M07,Maribor,2.39 Južna Afrika,Prihodi turistov,11
2025M07,Maribor,2.39 Južna Afrika,Prenočitve turistov,22
2025M07,Maribor,2.40 Druge afriške države,Prihodi turistov,84
2025M07,Maribor,2.40 Druge afriške države,Prenočitve turistov,591
2025M07,Maribor,2.41 Avstralija,Prihodi turistov,118
2025M07,Maribor,2.41 Avstralija,Prenočitve turistov,271
2025M07,Maribor,2.42 Nova Zelandija,Prihodi turistov,23
2025M07,Maribor,2.42 Nova Zelandija,Prenočitve turistov,51
2025M07,Maribor,2.43 Druge države in ozemlja Oceanije,Prihodi turistov,1
2025M07,Maribor,2.43 Druge države in ozemlja Oceanije,Prenočitve turistov,2
2025M07,Maribor,2.44 Izrael,Prihodi turistov,60
2025M07,Maribor,2.44 Izrael,Prenočitve turistov,149
2025M07,Maribor,2.45 Japonska,Prihodi turistov,11
2025M07,Maribor,2.45 Japonska,Prenočitve turistov,18
2025M07,Maribor,2.46 Kitajska (Ljudska republika),Prihodi turistov,357
2025M07,Maribor,2.46 Kitajska (Ljudska republika),Prenočitve turistov,407
2025M07,Maribor,2.47 Koreja (Republika),Prihodi turistov,65
2025M07,Maribor,2.47 Koreja (Republika),Prenočitve turistov,75
2025M07,Maribor,2.48 Druge azijske države,Prihodi turistov,469
2025M07,Maribor,2.48 Druge azijske države,Prenočitve turistov,1913
2025M07,Maribor,2.49 Brazilija,Prihodi turistov,42
2025M07,Maribor,2.49 Brazilija,Prenočitve turistov,215
2025M07,Maribor,2.50 Druge države Južne in Srednje Amerike,Prihodi turistov,66
2025M07,Maribor,2.50 Druge države Južne in Srednje Amerike,Prenočitve turistov,287
2025M07,Maribor,2.51 Kanada,Prihodi turistov,186
2025M07,Maribor,2.51 Kanada,Prenočitve turistov,767
2025M07,Maribor,2.52 Združene države (ZDA),Prihodi turistov,424
2025M07,Maribor,2.52 Združene države (ZDA),Prenočitve turistov,809
2025M07,Maribor,2.53 Druge države in ozemlja Severne Amerike,Prihodi turistov,
2025M07,Maribor,2.53 Druge države in ozemlja Severne Amerike,Prenočitve turistov,
2025M08,Maribor,0 Država - SKUPAJ,Prihodi turistov,44198
2025M08,Maribor,0 Država - SKUPAJ,Prenočitve turistov,65104
2025M08,Maribor,1 DOMAČI,Prihodi turistov,2215
2025M08,Maribor,1 DOMAČI,Prenočitve turistov,4185
2025M08,Maribor,2 TUJI,Prihodi turistov,41983
2025M08,Maribor,2 TUJI,Prenočitve turistov,60919
2025M08,Maribor,2.1 Avstrija,Prihodi turistov,2843
2025M08,Maribor,2.1 Avstrija,Prenočitve turistov,3863
2025M08,Maribor,2.2 Belgija,Prihodi turistov,711
2025M08,Maribor,2.2 Belgija,Prenočitve turistov,1025
2025M08,Maribor,2.3 Bolgarija,Prihodi turistov,400
2025M08,Maribor,2.3 Bolgarija,Prenočitve turistov,531
2025M08,Maribor,2.4 Bosna in Hercegovina,Prihodi turistov,708
2025M08,Maribor,2.4 Bosna in Hercegovina,Prenočitve turistov,1208
2025M08,Maribor,2.5 Ciper,Prihodi turistov,18
2025M08,Maribor,2.5 Ciper,Prenočitve turistov,49
2025M08,Maribor,2.6 Češka republika,Prihodi turistov,2573
2025M08,Maribor,2.6 Češka republika,Prenočitve turistov,3481
2025M08,Maribor,2.7 Črna gora,Prihodi turistov,170
2025M08,Maribor,2.7 Črna gora,Prenočitve turistov,335
2025M08,Maribor,2.8 Danska,Prihodi turistov,139
2025M08,Maribor,2.8 Danska,Prenočitve turistov,229
2025M08,Maribor,2.9 Estonija,Prihodi turistov,79
2025M08,Maribor,2.9 Estonija,Prenočitve turistov,85
2025M08,Maribor,2.10 Finska,Prihodi turistov,100
2025M08,Maribor,2.10 Finska,Prenočitve turistov,163
2025M08,Maribor,2.11 Francija,Prihodi turistov,1226
2025M08,Maribor,2.11 Francija,Prenočitve turistov,2002
2025M08,Maribor,2.12 Grčija,Prihodi turistov,251
2025M08,Maribor,2.12 Grčija,Prenočitve turistov,288
2025M08,Maribor,2.13 Hrvaška,Prihodi turistov,992
2025M08,Maribor,2.13 Hrvaška,Prenočitve turistov,2245
2025M08,Maribor,2.14 Irska,Prihodi turistov,52
2025M08,Maribor,2.14 Irska,Prenočitve turistov,90
2025M08,Maribor,2.15 Islandija,Prihodi turistov,12
2025M08,Maribor,2.15 Islandija,Prenočitve turistov,14
2025M08,Maribor,2.16 Italija,Prihodi turistov,2936
2025M08,Maribor,2.16 Italija,Prenočitve turistov,4241
2025M08,Maribor,2.17 Latvija,Prihodi turistov,110
2025M08,Maribor,2.17 Latvija,Prenočitve turistov,150
2025M08,Maribor,2.18 Litva,Prihodi turistov,158
2025M08,Maribor,2.18 Litva,Prenočitve turistov,185
2025M08,Maribor,2.19 Luksemburg,Prihodi turistov,72
2025M08,Maribor,2.19 Luksemburg,Prenočitve turistov,91
2025M08,Maribor,2.20 Madžarska,Prihodi turistov,1762
2025M08,Maribor,2.20 Madžarska,Prenočitve turistov,2757
2025M08,Maribor,2.21 Makedonija,Prihodi turistov,296
2025M08,Maribor,2.21 Makedonija,Prenočitve turistov,519
2025M08,Maribor,2.22 Malta,Prihodi turistov,16
2025M08,Maribor,2.22 Malta,Prenočitve turistov,147
2025M08,Maribor,2.23 Nemčija,Prihodi turistov,7096
2025M08,Maribor,2.23 Nemčija,Prenočitve turistov,10246
2025M08,Maribor,2.24 Nizozemska,Prihodi turistov,1700
2025M08,Maribor,2.24 Nizozemska,Prenočitve turistov,2598
2025M08,Maribor,2.25 Norveška,Prihodi turistov,90
2025M08,Maribor,2.25 Norveška,Prenočitve turistov,100
2025M08,Maribor,2.26 Poljska,Prihodi turistov,6688
2025M08,Maribor,2.26 Poljska,Prenočitve turistov,7336
2025M08,Maribor,2.27 Portugalska,Prihodi turistov,60
2025M08,Maribor,2.27 Portugalska,Prenočitve turistov,140
2025M08,Maribor,2.28 Romunija,Prihodi turistov,3175
2025M08,Maribor,2.28 Romunija,Prenočitve turistov,3833
2025M08,Maribor,2.29 Ruska federacija,Prihodi turistov,174
2025M08,Maribor,2.29 Ruska federacija,Prenočitve turistov,336
2025M08,Maribor,2.30 Slovaška,Prihodi turistov,1261
2025M08,Maribor,2.30 Slovaška,Prenočitve turistov,1666
2025M08,Maribor,2.31 Srbija,Prihodi turistov,948
2025M08,Maribor,2.31 Srbija,Prenočitve turistov,1986
2025M08,Maribor,2.32 Španija,Prihodi turistov,769
2025M08,Maribor,2.32 Španija,Prenočitve turistov,1319
2025M08,Maribor,2.33 Švedska,Prihodi turistov,233
2025M08,Maribor,2.33 Švedska,Prenočitve turistov,296
2025M08,Maribor,2.34 Švica,Prihodi turistov,308
2025M08,Maribor,2.34 Švica,Prenočitve turistov,593
2025M08,Maribor,2.35 Turčija,Prihodi turistov,143
2025M08,Maribor,2.35 Turčija,Prenočitve turistov,391
2025M08,Maribor,2.36 Ukrajina,Prihodi turistov,1287
2025M08,Maribor,2.36 Ukrajina,Prenočitve turistov,1700
2025M08,Maribor,2.37 Združeno kraljestvo,Prihodi turistov,428
2025M08,Maribor,2.37 Združeno kraljestvo,Prenočitve turistov,711
2025M08,Maribor,2.38 Druge evropske države,Prihodi turistov,393
2025M08,Maribor,2.38 Druge evropske države,Prenočitve turistov,535
2025M08,Maribor,2.39 Južna Afrika,Prihodi turistov,12
2025M08,Maribor,2.39 Južna Afrika,Prenočitve turistov,20
2025M08,Maribor,2.40 Druge afriške države,Prihodi turistov,83
2025M08,Maribor,2.40 Druge afriške države,Prenočitve turistov,381
2025M08,Maribor,2.41 Avstralija,Prihodi turistov,92
2025M08,Maribor,2.41 Avstralija,Prenočitve turistov,175
2025M08,Maribor,2.42 Nova Zelandija,Prihodi turistov,65
2025M08,Maribor,2.42 Nova Zelandija,Prenočitve turistov,189
2025M08,Maribor,2.43 Druge države in ozemlja Oceanije,Prihodi turistov,
2025M08,Maribor,2.43 Druge države in ozemlja Oceanije,Prenočitve turistov,
2025M08,Maribor,2.44 Izrael,Prihodi turistov,194
2025M08,Maribor,2.44 Izrael,Prenočitve turistov,349
2025M08,Maribor,2.45 Japonska,Prihodi turistov,37
2025M08,Maribor,2.45 Japonska,Prenočitve turistov,52
2025M08,Maribor,2.46 Kitajska (Ljudska republika),Prihodi turistov,191
2025M08,Maribor,2.46 Kitajska (Ljudska republika),Prenočitve turistov,298
2025M08,Maribor,2.47 Koreja (Republika),Prihodi turistov,48
2025M08,Maribor,2.47 Koreja (Republika),Prenočitve turistov,65
2025M08,Maribor,2.48 Druge azijske države,Prihodi turistov,283
2025M08,Maribor,2.48 Druge azijske države,Prenočitve turistov,612
2025M08,Maribor,2.49 Brazilija,Prihodi turistov,44
2025M08,Maribor,2.49 Brazilija,Prenočitve turistov,68
2025M08,Maribor,2.50 Druge države Južne in Srednje Amerike,Prihodi turistov,121
2025M08,Maribor,2.50 Druge države Južne in Srednje Amerike,Prenočitve turistov,290
2025M08,Maribor,2.51 Kanada,Prihodi turistov,99
2025M08,Maribor,2.51 Kanada,Prenočitve turistov,284
2025M08,Maribor,2.52 Združene države (ZDA),Prihodi turistov,337
2025M08,Maribor,2.52 Združene države (ZDA),Prenočitve turistov,652
2025M08,Maribor,2.53 Druge države in ozemlja Severne Amerike,Prihodi turistov,
2025M08,Maribor,2.53 Druge države in ozemlja Severne Amerike,Prenočitve turistov,
2025M09,Maribor,0 Država - SKUPAJ,Prihodi turistov,27308
2025M09,Maribor,0 Država - SKUPAJ,Prenočitve turistov,48023
2025M09,Maribor,1 DOMAČI,Prihodi turistov,2583
2025M09,Maribor,1 DOMAČI,Prenočitve turistov,4576
2025M09,Maribor,2 TUJI,Prihodi turistov,24725
2025M09,Maribor,2 TUJI,Prenočitve turistov,43447
2025M09,Maribor,2.1 Avstrija,Prihodi turistov,2511
2025M09,Maribor,2.1 Avstrija,Prenočitve turistov,3558
2025M09,Maribor,2.2 Belgija,Prihodi turistov,288
2025M09,Maribor,2.2 Belgija,Prenočitve turistov,469
2025M09,Maribor,2.3 Bolgarija,Prihodi turistov,243
2025M09,Maribor,2.3 Bolgarija,Prenočitve turistov,364
2025M09,Maribor,2.4 Bosna in Hercegovina,Prihodi turistov,633
2025M09,Maribor,2.4 Bosna in Hercegovina,Prenočitve turistov,1328
2025M09,Maribor,2.5 Ciper,Prihodi turistov,11
2025M09,Maribor,2.5 Ciper,Prenočitve turistov,22
2025M09,Maribor,2.6 Češka republika,Prihodi turistov,1219
2025M09,Maribor,2.6 Češka republika,Prenočitve turistov,1639
2025M09,Maribor,2.7 Črna gora,Prihodi turistov,163
2025M09,Maribor,2.7 Črna gora,Prenočitve turistov,611
2025M09,Maribor,2.8 Danska,Prihodi turistov,51
2025M09,Maribor,2.8 Danska,Prenočitve turistov,65
2025M09,Maribor,2.9 Estonija,Prihodi turistov,45
2025M09,Maribor,2.9 Estonija,Prenočitve turistov,74
2025M09,Maribor,2.10 Finska,Prihodi turistov,57
2025M09,Maribor,2.10 Finska,Prenočitve turistov,116
2025M09,Maribor,2.11 Francija,Prihodi turistov,654
2025M09,Maribor,2.11 Francija,Prenočitve turistov,1315
2025M09,Maribor,2.12 Grčija,Prihodi turistov,147
2025M09,Maribor,2.12 Grčija,Prenočitve turistov,304
2025M09,Maribor,2.13 Hrvaška,Prihodi turistov,1004
2025M09,Maribor,2.13 Hrvaška,Prenočitve turistov,1999
2025M09,Maribor,2.14 Irska,Prihodi turistov,44
2025M09,Maribor,2.14 Irska,Prenočitve turistov,69
2025M09,Maribor,2.15 Islandija,Prihodi turistov,7
2025M09,Maribor,2.15 Islandija,Prenočitve turistov,28
2025M09,Maribor,2.16 Italija,Prihodi turistov,866
2025M09,Maribor,2.16 Italija,Prenočitve turistov,1713
2025M09,Maribor,2.17 Latvija,Prihodi turistov,66
2025M09,Maribor,2.17 Latvija,Prenočitve turistov,131
2025M09,Maribor,2.18 Litva,Prihodi turistov,89
2025M09,Maribor,2.18 Litva,Prenočitve turistov,105
2025M09,Maribor,2.19 Luksemburg,Prihodi turistov,26
2025M09,Maribor,2.19 Luksemburg,Prenočitve turistov,43
2025M09,Maribor,2.20 Madžarska,Prihodi turistov,883
2025M09,Maribor,2.20 Madžarska,Prenočitve turistov,1324
2025M09,Maribor,2.21 Makedonija,Prihodi turistov,277
2025M09,Maribor,2.21 Makedonija,Prenočitve turistov,1112
2025M09,Maribor,2.22 Malta,Prihodi turistov,20
2025M09,Maribor,2.22 Malta,Prenočitve turistov,181
2025M09,Maribor,2.23 Nemčija,Prihodi turistov,5069
2025M09,Maribor,2.23 Nemčija,Prenočitve turistov,8144
2025M09,Maribor,2.24 Nizozemska,Prihodi turistov,643
2025M09,Maribor,2.24 Nizozemska,Prenočitve turistov,1156
2025M09,Maribor,2.25 Norveška,Prihodi turistov,29
2025M09,Maribor,2.25 Norveška,Prenočitve turistov,42
2025M09,Maribor,2.26 Poljska,Prihodi turistov,2841
2025M09,Maribor,2.26 Poljska,Prenočitve turistov,3390
2025M09,Maribor,2.27 Portugalska,Prihodi turistov,73
2025M09,Maribor,2.27 Portugalska,Prenočitve turistov,383
2025M09,Maribor,2.28 Romunija,Prihodi turistov,1105
2025M09,Maribor,2.28 Romunija,Prenočitve turistov,1596
2025M09,Maribor,2.29 Ruska federacija,Prihodi turistov,120
2025M09,Maribor,2.29 Ruska federacija,Prenočitve turistov,331
2025M09,Maribor,2.30 Slovaška,Prihodi turistov,632
2025M09,Maribor,2.30 Slovaška,Prenočitve turistov,1080
2025M09,Maribor,2.31 Srbija,Prihodi turistov,920
2025M09,Maribor,2.31 Srbija,Prenočitve turistov,2648
2025M09,Maribor,2.32 Španija,Prihodi turistov,330
2025M09,Maribor,2.32 Španija,Prenočitve turistov,832
2025M09,Maribor,2.33 Švedska,Prihodi turistov,141
2025M09,Maribor,2.33 Švedska,Prenočitve turistov,225
2025M09,Maribor,2.34 Švica,Prihodi turistov,347
2025M09,Maribor,2.34 Švica,Prenočitve turistov,612
2025M09,Maribor,2.35 Turčija,Prihodi turistov,118
2025M09,Maribor,2.35 Turčija,Prenočitve turistov,387
2025M09,Maribor,2.36 Ukrajina,Prihodi turistov,681
2025M09,Maribor,2.36 Ukrajina,Prenočitve turistov,1116
2025M09,Maribor,2.37 Združeno kraljestvo,Prihodi turistov,259
2025M09,Maribor,2.37 Združeno kraljestvo,Prenočitve turistov,501
2025M09,Maribor,2.38 Druge evropske države,Prihodi turistov,213
2025M09,Maribor,2.38 Druge evropske države,Prenočitve turistov,371
2025M09,Maribor,2.39 Južna Afrika,Prihodi turistov,18
2025M09,Maribor,2.39 Južna Afrika,Prenočitve turistov,60
2025M09,Maribor,2.40 Druge afriške države,Prihodi turistov,70
2025M09,Maribor,2.40 Druge afriške države,Prenočitve turistov,256
2025M09,Maribor,2.41 Avstralija,Prihodi turistov,121
2025M09,Maribor,2.41 Avstralija,Prenočitve turistov,358
2025M09,Maribor,2.42 Nova Zelandija,Prihodi turistov,27
2025M09,Maribor,2.42 Nova Zelandija,Prenočitve turistov,65
2025M09,Maribor,2.43 Druge države in ozemlja Oceanije,Prihodi turistov,2
2025M09,Maribor,2.43 Druge države in ozemlja Oceanije,Prenočitve turistov,3
2025M09,Maribor,2.44 Izrael,Prihodi turistov,155
2025M09,Maribor,2.44 Izrael,Prenočitve turistov,292
2025M09,Maribor,2.45 Japonska,Prihodi turistov,17
2025M09,Maribor,2.45 Japonska,Prenočitve turistov,32
2025M09,Maribor,2.46 Kitajska (Ljudska republika),Prihodi turistov,284
2025M09,Maribor,2.46 Kitajska (Ljudska republika),Prenočitve turistov,420
2025M09,Maribor,2.47 Koreja (Republika),Prihodi turistov,100
2025M09,Maribor,2.47 Koreja (Republika),Prenočitve turistov,130
2025M09,Maribor,2.48 Druge azijske države,Prihodi turistov,381
2025M09,Maribor,2.48 Druge azijske države,Prenočitve turistov,833
2025M09,Maribor,2.49 Brazilija,Prihodi turistov,28
2025M09,Maribor,2.49 Brazilija,Prenočitve turistov,99
2025M09,Maribor,2.50 Druge države Južne in Srednje Amerike,Prihodi turistov,127
2025M09,Maribor,2.50 Druge države Južne in Srednje Amerike,Prenočitve turistov,315
2025M09,Maribor,2.51 Kanada,Prihodi turistov,111
2025M09,Maribor,2.51 Kanada,Prenočitve turistov,322
2025M09,Maribor,2.52 Združene države (ZDA),Prihodi turistov,459
2025M09,Maribor,2.52 Združene države (ZDA),Prenočitve turistov,878
2025M09,Maribor,2.53 Druge države in ozemlja Severne Amerike,Prihodi turistov,
2025M09,Maribor,2.53 Druge države in ozemlja Severne Amerike,Prenočitve turistov,
2025M10,Maribor,0 Država - SKUPAJ,Prihodi turistov,20509
2025M10,Maribor,0 Država - SKUPAJ,Prenočitve turistov,46153
2025M10,Maribor,1 DOMAČI,Prihodi turistov,3384
2025M10,Maribor,1 DOMAČI,Prenočitve turistov,6179
2025M10,Maribor,2 TUJI,Prihodi turistov,17125
2025M10,Maribor,2 TUJI,Prenočitve turistov,39974
2025M10,Maribor,2.1 Avstrija,Prihodi turistov,2355
2025M10,Maribor,2.1 Avstrija,Prenočitve turistov,3608
2025M10,Maribor,2.2 Belgija,Prihodi turistov,102
2025M10,Maribor,2.2 Belgija,Prenočitve turistov,216
2025M10,Maribor,2.3 Bolgarija,Prihodi turistov,219
2025M10,Maribor,2.3 Bolgarija,Prenočitve turistov,354
2025M10,Maribor,2.4 Bosna in Hercegovina,Prihodi turistov,651
2025M10,Maribor,2.4 Bosna in Hercegovina,Prenočitve turistov,1687
2025M10,Maribor,2.5 Ciper,Prihodi turistov,9
2025M10,Maribor,2.5 Ciper,Prenočitve turistov,33
2025M10,Maribor,2.6 Češka republika,Prihodi turistov,570
2025M10,Maribor,2.6 Češka republika,Prenočitve turistov,1232
2025M10,Maribor,2.7 Črna gora,Prihodi turistov,136
2025M10,Maribor,2.7 Črna gora,Prenočitve turistov,807
2025M10,Maribor,2.8 Danska,Prihodi turistov,74
2025M10,Maribor,2.8 Danska,Prenočitve turistov,193
2025M10,Maribor,2.9 Estonija,Prihodi turistov,73
2025M10,Maribor,2.9 Estonija,Prenočitve turistov,133
2025M10,Maribor,2.10 Finska,Prihodi turistov,54
2025M10,Maribor,2.10 Finska,Prenočitve turistov,187
2025M10,Maribor,2.11 Francija,Prihodi turistov,250
2025M10,Maribor,2.11 Francija,Prenočitve turistov,861
2025M10,Maribor,2.12 Grčija,Prihodi turistov,95
2025M10,Maribor,2.12 Grčija,Prenočitve turistov,234
2025M10,Maribor,2.13 Hrvaška,Prihodi turistov,1246
2025M10,Maribor,2.13 Hrvaška,Prenočitve turistov,2379
2025M10,Maribor,2.14 Irska,Prihodi turistov,22
2025M10,Maribor,2.14 Irska,Prenočitve turistov,59
2025M10,Maribor,2.15 Islandija,Prihodi turistov,
2025M10,Maribor,2.15 Islandija,Prenočitve turistov,
2025M10,Maribor,2.16 Italija,Prihodi turistov,569
2025M10,Maribor,2.16 Italija,Prenočitve turistov,1180
2025M10,Maribor,2.17 Latvija,Prihodi turistov,48
2025M10,Maribor,2.17 Latvija,Prenočitve turistov,181
2025M10,Maribor,2.18 Litva,Prihodi turistov,51
2025M10,Maribor,2.18 Litva,Prenočitve turistov,149
2025M10,Maribor,2.19 Luksemburg,Prihodi turistov,50
2025M10,Maribor,2.19 Luksemburg,Prenočitve turistov,270
2025M10,Maribor,2.20 Madžarska,Prihodi turistov,1237
2025M10,Maribor,2.20 Madžarska,Prenočitve turistov,2365
2025M10,Maribor,2.21 Makedonija,Prihodi turistov,164
2025M10,Maribor,2.21 Makedonija,Prenočitve turistov,1801
2025M10,Maribor,2.22 Malta,Prihodi turistov,5
2025M10,Maribor,2.22 Malta,Prenočitve turistov,75
2025M10,Maribor,2.23 Nemčija,Prihodi turistov,2836
2025M10,Maribor,2.23 Nemčija,Prenočitve turistov,4965
2025M10,Maribor,2.24 Nizozemska,Prihodi turistov,215
2025M10,Maribor,2.24 Nizozemska,Prenočitve turistov,349
2025M10,Maribor,2.25 Norveška,Prihodi turistov,32
2025M10,Maribor,2.25 Norveška,Prenočitve turistov,59
2025M10,Maribor,2.26 Poljska,Prihodi turistov,473
2025M10,Maribor,2.26 Poljska,Prenočitve turistov,1029
2025M10,Maribor,2.27 Portugalska,Prihodi turistov,61
2025M10,Maribor,2.27 Portugalska,Prenočitve turistov,964
2025M10,Maribor,2.28 Romunija,Prihodi turistov,574
2025M10,Maribor,2.28 Romunija,Prenočitve turistov,851
2025M10,Maribor,2.29 Ruska federacija,Prihodi turistov,127
2025M10,Maribor,2.29 Ruska federacija,Prenočitve turistov,400
2025M10,Maribor,2.30 Slovaška,Prihodi turistov,327
2025M10,Maribor,2.30 Slovaška,Prenočitve turistov,626
2025M10,Maribor,2.31 Srbija,Prihodi turistov,919
2025M10,Maribor,2.31 Srbija,Prenočitve turistov,2987
2025M10,Maribor,2.32 Španija,Prihodi turistov,209
2025M10,Maribor,2.32 Španija,Prenočitve turistov,987
2025M10,Maribor,2.33 Švedska,Prihodi turistov,154
2025M10,Maribor,2.33 Švedska,Prenočitve turistov,417
2025M10,Maribor,2.34 Švica,Prihodi turistov,157
2025M10,Maribor,2.34 Švica,Prenočitve turistov,319
2025M10,Maribor,2.35 Turčija,Prihodi turistov,76
2025M10,Maribor,2.35 Turčija,Prenočitve turistov,906
2025M10,Maribor,2.36 Ukrajina,Prihodi turistov,448
2025M10,Maribor,2.36 Ukrajina,Prenočitve turistov,991
2025M10,Maribor,2.37 Združeno kraljestvo,Prihodi turistov,191
2025M10,Maribor,2.37 Združeno kraljestvo,Prenočitve turistov,432
2025M10,Maribor,2.38 Druge evropske države,Prihodi turistov,180
2025M10,Maribor,2.38 Druge evropske države,Prenočitve turistov,392
2025M10,Maribor,2.39 Južna Afrika,Prihodi turistov,9
2025M10,Maribor,2.39 Južna Afrika,Prenočitve turistov,14
2025M10,Maribor,2.40 Druge afriške države,Prihodi turistov,79
2025M10,Maribor,2.40 Druge afriške države,Prenočitve turistov,373
2025M10,Maribor,2.41 Avstralija,Prihodi turistov,60
2025M10,Maribor,2.41 Avstralija,Prenočitve turistov,115
2025M10,Maribor,2.42 Nova Zelandija,Prihodi turistov,13
2025M10,Maribor,2.42 Nova Zelandija,Prenočitve turistov,17
2025M10,Maribor,2.43 Druge države in ozemlja Oceanije,Prihodi turistov,2
2025M10,Maribor,2.43 Druge države in ozemlja Oceanije,Prenočitve turistov,6
2025M10,Maribor,2.44 Izrael,Prihodi turistov,112
2025M10,Maribor,2.44 Izrael,Prenočitve turistov,520
2025M10,Maribor,2.45 Japonska,Prihodi turistov,19
2025M10,Maribor,2.45 Japonska,Prenočitve turistov,27
2025M10,Maribor,2.46 Kitajska (Ljudska republika),Prihodi turistov,423
2025M10,Maribor,2.46 Kitajska (Ljudska republika),Prenočitve turistov,836
2025M10,Maribor,2.47 Koreja (Republika),Prihodi turistov,280
2025M10,Maribor,2.47 Koreja (Republika),Prenočitve turistov,307
2025M10,Maribor,2.48 Druge azijske države,Prihodi turistov,756
2025M10,Maribor,2.48 Druge azijske države,Prenočitve turistov,1935
2025M10,Maribor,2.49 Brazilija,Prihodi turistov,33
2025M10,Maribor,2.49 Brazilija,Prenočitve turistov,94
2025M10,Maribor,2.50 Druge države Južne in Srednje Amerike,Prihodi turistov,79
2025M10,Maribor,2.50 Druge države Južne in Srednje Amerike,Prenočitve turistov,304
2025M10,Maribor,2.51 Kanada,Prihodi turistov,60
2025M10,Maribor,2.51 Kanada,Prenočitve turistov,136
2025M10,Maribor,2.52 Združene države (ZDA),Prihodi turistov,241
2025M10,Maribor,2.52 Združene države (ZDA),Prenočitve turistov,612
2025M10,Maribor,2.53 Druge države in ozemlja Severne Amerike,Prihodi turistov,
2025M10,Maribor,2.53 Druge države in ozemlja Severne Amerike,Prenočitve turistov,
2025M11,Maribor,0 Država - SKUPAJ,Prihodi turistov,13344
2025M11,Maribor,0 Država - SKUPAJ,Prenočitve turistov,31949
2025M11,Maribor,1 DOMAČI,Prihodi turistov,3280
2025M11,Maribor,1 DOMAČI,Prenočitve turistov,5430
2025M11,Maribor,2 TUJI,Prihodi turistov,10064
2025M11,Maribor,2 TUJI,Prenočitve turistov,26519
2025M11,Maribor,2.1 Avstrija,Prihodi turistov,1176
2025M11,Maribor,2.1 Avstrija,Prenočitve turistov,1702
2025M11,Maribor,2.2 Belgija,Prihodi turistov,54
2025M11,Maribor,2.2 Belgija,Prenočitve turistov,164
2025M11,Maribor,2.3 Bolgarija,Prihodi turistov,113
2025M11,Maribor,2.3 Bolgarija,Prenočitve turistov,378
2025M11,Maribor,2.4 Bosna in Hercegovina,Prihodi turistov,631
2025M11,Maribor,2.4 Bosna in Hercegovina,Prenočitve turistov,1401
2025M11,Maribor,2.5 Ciper,Prihodi turistov,8
2025M11,Maribor,2.5 Ciper,Prenočitve turistov,11
2025M11,Maribor,2.6 Češka republika,Prihodi turistov,343
2025M11,Maribor,2.6 Češka republika,Prenočitve turistov,797
2025M11,Maribor,2.7 Črna gora,Prihodi turistov,103
2025M11,Maribor,2.7 Črna gora,Prenočitve turistov,545
2025M11,Maribor,2.8 Danska,Prihodi turistov,46
2025M11,Maribor,2.8 Danska,Prenočitve turistov,64
2025M11,Maribor,2.9 Estonija,Prihodi turistov,12
2025M11,Maribor,2.9 Estonija,Prenočitve turistov,19
2025M11,Maribor,2.10 Finska,Prihodi turistov,14
2025M11,Maribor,2.10 Finska,Prenočitve turistov,32
2025M11,Maribor,2.11 Francija,Prihodi turistov,153
2025M11,Maribor,2.11 Francija,Prenočitve turistov,557
2025M11,Maribor,2.12 Grčija,Prihodi turistov,60
2025M11,Maribor,2.12 Grčija,Prenočitve turistov,111
2025M11,Maribor,2.13 Hrvaška,Prihodi turistov,1377
2025M11,Maribor,2.13 Hrvaška,Prenočitve turistov,2496
2025M11,Maribor,2.14 Irska,Prihodi turistov,18
2025M11,Maribor,2.14 Irska,Prenočitve turistov,38
2025M11,Maribor,2.15 Islandija,Prihodi turistov,2
2025M11,Maribor,2.15 Islandija,Prenočitve turistov,4
2025M11,Maribor,2.16 Italija,Prihodi turistov,606
2025M11,Maribor,2.16 Italija,Prenočitve turistov,1409
2025M11,Maribor,2.17 Latvija,Prihodi turistov,38
2025M11,Maribor,2.17 Latvija,Prenočitve turistov,124
2025M11,Maribor,2.18 Litva,Prihodi turistov,34
2025M11,Maribor,2.18 Litva,Prenočitve turistov,316
2025M11,Maribor,2.19 Luksemburg,Prihodi turistov,1
2025M11,Maribor,2.19 Luksemburg,Prenočitve turistov,1
2025M11,Maribor,2.20 Madžarska,Prihodi turistov,402
2025M11,Maribor,2.20 Madžarska,Prenočitve turistov,643
2025M11,Maribor,2.21 Makedonija,Prihodi turistov,118
2025M11,Maribor,2.21 Makedonija,Prenočitve turistov,1305
2025M11,Maribor,2.22 Malta,Prihodi turistov,10
2025M11,Maribor,2.22 Malta,Prenočitve turistov,81
2025M11,Maribor,2.23 Nemčija,Prihodi turistov,740
2025M11,Maribor,2.23 Nemčija,Prenočitve turistov,1643
2025M11,Maribor,2.24 Nizozemska,Prihodi turistov,120
2025M11,Maribor,2.24 Nizozemska,Prenočitve turistov,259
2025M11,Maribor,2.25 Norveška,Prihodi turistov,14
2025M11,Maribor,2.25 Norveška,Prenočitve turistov,39
2025M11,Maribor,2.26 Poljska,Prihodi turistov,346
2025M11,Maribor,2.26 Poljska,Prenočitve turistov,888
2025M11,Maribor,2.27 Portugalska,Prihodi turistov,57
2025M11,Maribor,2.27 Portugalska,Prenočitve turistov,948
2025M11,Maribor,2.28 Romunija,Prihodi turistov,353
2025M11,Maribor,2.28 Romunija,Prenočitve turistov,681
2025M11,Maribor,2.29 Ruska federacija,Prihodi turistov,79
2025M11,Maribor,2.29 Ruska federacija,Prenočitve turistov,285
2025M11,Maribor,2.30 Slovaška,Prihodi turistov,169
2025M11,Maribor,2.30 Slovaška,Prenočitve turistov,398
2025M11,Maribor,2.31 Srbija,Prihodi turistov,1122
2025M11,Maribor,2.31 Srbija,Prenočitve turistov,2962
2025M11,Maribor,2.32 Španija,Prihodi turistov,113
2025M11,Maribor,2.32 Španija,Prenočitve turistov,782
2025M11,Maribor,2.33 Švedska,Prihodi turistov,56
2025M11,Maribor,2.33 Švedska,Prenočitve turistov,148
2025M11,Maribor,2.34 Švica,Prihodi turistov,62
2025M11,Maribor,2.34 Švica,Prenočitve turistov,137
2025M11,Maribor,2.35 Turčija,Prihodi turistov,45
2025M11,Maribor,2.35 Turčija,Prenočitve turistov,806
2025M11,Maribor,2.36 Ukrajina,Prihodi turistov,305
2025M11,Maribor,2.36 Ukrajina,Prenočitve turistov,725
2025M11,Maribor,2.37 Združeno kraljestvo,Prihodi turistov,92
2025M11,Maribor,2.37 Združeno kraljestvo,Prenočitve turistov,175
2025M11,Maribor,2.38 Druge evropske države,Prihodi turistov,161
2025M11,Maribor,2.38 Druge evropske države,Prenočitve turistov,442
2025M11,Maribor,2.39 Južna Afrika,Prihodi turistov,10
2025M11,Maribor,2.39 Južna Afrika,Prenočitve turistov,51
2025M11,Maribor,2.40 Druge afriške države,Prihodi turistov,41
2025M11,Maribor,2.40 Druge afriške države,Prenočitve turistov,298
2025M11,Maribor,2.41 Avstralija,Prihodi turistov,32
2025M11,Maribor,2.41 Avstralija,Prenočitve turistov,89
2025M11,Maribor,2.42 Nova Zelandija,Prihodi turistov,8
2025M11,Maribor,2.42 Nova Zelandija,Prenočitve turistov,8
2025M11,Maribor,2.43 Druge države in ozemlja Oceanije,Prihodi turistov,1
2025M11,Maribor,2.43 Druge države in ozemlja Oceanije,Prenočitve turistov,1
2025M11,Maribor,2.44 Izrael,Prihodi turistov,17
2025M11,Maribor,2.44 Izrael,Prenočitve turistov,43
2025M11,Maribor,2.45 Japonska,Prihodi turistov,24
2025M11,Maribor,2.45 Japonska,Prenočitve turistov,75
2025M11,Maribor,2.46 Kitajska (Ljudska republika),Prihodi turistov,209
2025M11,Maribor,2.46 Kitajska (Ljudska republika),Prenočitve turistov,657
2025M11,Maribor,2.47 Koreja (Republika),Prihodi turistov,130
2025M11,Maribor,2.47 Koreja (Republika),Prenočitve turistov,154
2025M11,Maribor,2.48 Druge azijske države,Prihodi turistov,145
2025M11,Maribor,2.48 Druge azijske države,Prenočitve turistov,805
2025M11,Maribor,2.49 Brazilija,Prihodi turistov,31
2025M11,Maribor,2.49 Brazilija,Prenočitve turistov,101
2025M11,Maribor,2.50 Druge države Južne in Srednje Amerike,Prihodi turistov,84
2025M11,Maribor,2.50 Druge države Južne in Srednje Amerike,Prenočitve turistov,291
2025M11,Maribor,2.51 Kanada,Prihodi turistov,31
2025M11,Maribor,2.51 Kanada,Prenočitve turistov,80
2025M11,Maribor,2.52 Združene države (ZDA),Prihodi turistov,148
2025M11,Maribor,2.52 Združene države (ZDA),Prenočitve turistov,350
2025M11,Maribor,2.53 Druge države in ozemlja Severne Amerike,Prihodi turistov,
2025M11,Maribor,2.53 Druge države in ozemlja Severne Amerike,Prenočitve turistov,
2025M12,Maribor,0 Država - SKUPAJ,Prihodi turistov,18061
2025M12,Maribor,0 Država - SKUPAJ,Prenočitve turistov,39146
2025M12,Maribor,1 DOMAČI,Prihodi turistov,3625
2025M12,Maribor,1 DOMAČI,Prenočitve turistov,5680
2025M12,Maribor,2 TUJI,Prihodi turistov,14436
2025M12,Maribor,2 TUJI,Prenočitve turistov,33466
2025M12,Maribor,2.1 Avstrija,Prihodi turistov,1982
2025M12,Maribor,2.1 Avstrija,Prenočitve turistov,2875
2025M12,Maribor,2.2 Belgija,Prihodi turistov,58
2025M12,Maribor,2.2 Belgija,Prenočitve turistov,143
2025M12,Maribor,2.3 Bolgarija,Prihodi turistov,213
2025M12,Maribor,2.3 Bolgarija,Prenočitve turistov,439
2025M12,Maribor,2.4 Bosna in Hercegovina,Prihodi turistov,948
2025M12,Maribor,2.4 Bosna in Hercegovina,Prenočitve turistov,1658
2025M12,Maribor,2.5 Ciper,Prihodi turistov,10
2025M12,Maribor,2.5 Ciper,Prenočitve turistov,20
2025M12,Maribor,2.6 Češka republika,Prihodi turistov,220
2025M12,Maribor,2.6 Češka republika,Prenočitve turistov,553
2025M12,Maribor,2.7 Črna gora,Prihodi turistov,143
2025M12,Maribor,2.7 Črna gora,Prenočitve turistov,634
2025M12,Maribor,2.8 Danska,Prihodi turistov,13
2025M12,Maribor,2.8 Danska,Prenočitve turistov,20
2025M12,Maribor,2.9 Estonija,Prihodi turistov,31
2025M12,Maribor,2.9 Estonija,Prenočitve turistov,40
2025M12,Maribor,2.10 Finska,Prihodi turistov,18
2025M12,Maribor,2.10 Finska,Prenočitve turistov,30
2025M12,Maribor,2.11 Francija,Prihodi turistov,108
2025M12,Maribor,2.11 Francija,Prenočitve turistov,690
2025M12,Maribor,2.12 Grčija,Prihodi turistov,57
2025M12,Maribor,2.12 Grčija,Prenočitve turistov,103
2025M12,Maribor,2.13 Hrvaška,Prihodi turistov,2822
2025M12,Maribor,2.13 Hrvaška,Prenočitve turistov,5079
2025M12,Maribor,2.14 Irska,Prihodi turistov,14
2025M12,Maribor,2.14 Irska,Prenočitve turistov,43
2025M12,Maribor,2.15 Islandija,Prihodi turistov,
2025M12,Maribor,2.15 Islandija,Prenočitve turistov,
2025M12,Maribor,2.16 Italija,Prihodi turistov,1110
2025M12,Maribor,2.16 Italija,Prenočitve turistov,1984
2025M12,Maribor,2.17 Latvija,Prihodi turistov,24
2025M12,Maribor,2.17 Latvija,Prenočitve turistov,90
2025M12,Maribor,2.18 Litva,Prihodi turistov,23
2025M12,Maribor,2.18 Litva,Prenočitve turistov,108
2025M12,Maribor,2.19 Luksemburg,Prihodi turistov,11
2025M12,Maribor,2.19 Luksemburg,Prenočitve turistov,11
2025M12,Maribor,2.20 Madžarska,Prihodi turistov,1226
2025M12,Maribor,2.20 Madžarska,Prenočitve turistov,2491
2025M12,Maribor,2.21 Makedonija,Prihodi turistov,224
2025M12,Maribor,2.21 Makedonija,Prenočitve turistov,1488
2025M12,Maribor,2.22 Malta,Prihodi turistov,6
2025M12,Maribor,2.22 Malta,Prenočitve turistov,92
2025M12,Maribor,2.23 Nemčija,Prihodi turistov,851
2025M12,Maribor,2.23 Nemčija,Prenočitve turistov,1697
2025M12,Maribor,2.24 Nizozemska,Prihodi turistov,149
2025M12,Maribor,2.24 Nizozemska,Prenočitve turistov,215
2025M12,Maribor,2.25 Norveška,Prihodi turistov,17
2025M12,Maribor,2.25 Norveška,Prenočitve turistov,21
2025M12,Maribor,2.26 Poljska,Prihodi turistov,221
2025M12,Maribor,2.26 Poljska,Prenočitve turistov,660
2025M12,Maribor,2.27 Portugalska,Prihodi turistov,24
2025M12,Maribor,2.27 Portugalska,Prenočitve turistov,798
2025M12,Maribor,2.28 Romunija,Prihodi turistov,584
2025M12,Maribor,2.28 Romunija,Prenočitve turistov,1030
2025M12,Maribor,2.29 Ruska federacija,Prihodi turistov,71
2025M12,Maribor,2.29 Ruska federacija,Prenočitve turistov,276
2025M12,Maribor,2.30 Slovaška,Prihodi turistov,216
2025M12,Maribor,2.30 Slovaška,Prenočitve turistov,429
2025M12,Maribor,2.31 Srbija,Prihodi turistov,1296
2025M12,Maribor,2.31 Srbija,Prenočitve turistov,3179
2025M12,Maribor,2.32 Španija,Prihodi turistov,119
2025M12,Maribor,2.32 Španija,Prenočitve turistov,730
2025M12,Maribor,2.33 Švedska,Prihodi turistov,60
2025M12,Maribor,2.33 Švedska,Prenočitve turistov,105
2025M12,Maribor,2.34 Švica,Prihodi turistov,69
2025M12,Maribor,2.34 Švica,Prenočitve turistov,165
2025M12,Maribor,2.35 Turčija,Prihodi turistov,78
2025M12,Maribor,2.35 Turčija,Prenočitve turistov,890
2025M12,Maribor,2.36 Ukrajina,Prihodi turistov,366
2025M12,Maribor,2.36 Ukrajina,Prenočitve turistov,885
2025M12,Maribor,2.37 Združeno kraljestvo,Prihodi turistov,87
2025M12,Maribor,2.37 Združeno kraljestvo,Prenočitve turistov,194
2025M12,Maribor,2.38 Druge evropske države,Prihodi turistov,169
2025M12,Maribor,2.38 Druge evropske države,Prenočitve turistov,460
2025M12,Maribor,2.39 Južna Afrika,Prihodi turistov,7
2025M12,Maribor,2.39 Južna Afrika,Prenočitve turistov,200
2025M12,Maribor,2.40 Druge afriške države,Prihodi turistov,42
2025M12,Maribor,2.40 Druge afriške države,Prenočitve turistov,340
2025M12,Maribor,2.41 Avstralija,Prihodi turistov,39
2025M12,Maribor,2.41 Avstralija,Prenočitve turistov,139
2025M12,Maribor,2.42 Nova Zelandija,Prihodi turistov,5
2025M12,Maribor,2.42 Nova Zelandija,Prenočitve turistov,17
2025M12,Maribor,2.43 Druge države in ozemlja Oceanije,Prihodi turistov,1
2025M12,Maribor,2.43 Druge države in ozemlja Oceanije,Prenočitve turistov,1
2025M12,Maribor,2.44 Izrael,Prihodi turistov,62
2025M12,Maribor,2.44 Izrael,Prenočitve turistov,168
2025M12,Maribor,2.45 Japonska,Prihodi turistov,13
2025M12,Maribor,2.45 Japonska,Prenočitve turistov,93
2025M12,Maribor,2.46 Kitajska (Ljudska republika),Prihodi turistov,144
2025M12,Maribor,2.46 Kitajska (Ljudska republika),Prenočitve turistov,645
2025M12,Maribor,2.47 Koreja (Republika),Prihodi turistov,18
2025M12,Maribor,2.47 Koreja (Republika),Prenočitve turistov,27
2025M12,Maribor,2.48 Druge azijske države,Prihodi turistov,202
2025M12,Maribor,2.48 Druge azijske države,Prenočitve turistov,842
2025M12,Maribor,2.49 Brazilija,Prihodi turistov,38
2025M12,Maribor,2.49 Brazilija,Prenočitve turistov,77
2025M12,Maribor,2.50 Druge države Južne in Srednje Amerike,Prihodi turistov,50
2025M12,Maribor,2.50 Druge države Južne in Srednje Amerike,Prenočitve turistov,168
2025M12,Maribor,2.51 Kanada,Prihodi turistov,21
2025M12,Maribor,2.51 Kanada,Prenočitve turistov,32
2025M12,Maribor,2.52 Združene države (ZDA),Prihodi turistov,156
2025M12,Maribor,2.52 Združene države (ZDA),Prenočitve turistov,392
2025M12,Maribor,2.53 Druge države in ozemlja Severne Amerike,Prihodi turistov,
2025M12,Maribor,2.53 Druge države in ozemlja Severne Amerike,Prenočitve turistov,
